operator,operator_state,label,state,how_the_state_was_decided,lat,lon,precision,via,location_id,platform,board_url
"Ag Plus, Inc","IN","Raber","","no town of that name in data/directory.json","","","","","20016","agricharts","https://mobile.agplusinc.com/cash/prices.php"
"Ag Valley Co-op","NE","Bartley","NE","the operator's own state, and the town is there","40.2581","-100.2908","town","zip-centroid","WTTG1J0PND9I8LAS5V13","stonehedge","https://stonehedge.stonex.com/component/bids"
"Ag Valley Co-op","NE","Big Springs","NE","the operator's own state, and the town is there","41.0696","-102.0933","town","zip-centroid","76W97ZORZTXS42GAR6B3","stonehedge","https://stonehedge.stonex.com/component/bids"
"Ag Valley Co-op","NE","Edison","NE","the operator's own state, and the town is there","40.2802","-99.786","town","zip-centroid","ZR6B7WM3D1PECWZ28LL9","stonehedge","https://stonehedge.stonex.com/component/bids"
"Ag Valley Co-op","NE","Holbrook","NE","the operator's own state, and the town is there","40.3019","-100.0136","town","zip-centroid","O0MWRTEH3TXHKG5MIDC0","stonehedge","https://stonehedge.stonex.com/component/bids"
"Ag Valley Co-op","NE","Jennings","","REFUSED — the town is on file in KS/LA, but the operator is in NE, and a same-named town elsewhere is not evidence","","","","","MVQF0LM1M3TN7VLHX0FC","stonehedge","https://stonehedge.stonex.com/component/bids"
"Ag Valley Co-op","NE","Norton","","REFUSED — the town is on file in KS, but the operator is in NE, and a same-named town elsewhere is not evidence","","","","","G64VOC0KMH6NE4VXG8HZ","stonehedge","https://stonehedge.stonex.com/component/bids"
"Ag Valley Co-op","NE","Orleans","NE","the operator's own state, and the town is there","40.1484","-99.4572","town","zip-centroid","77R6DLAATNFT23V1323Q","stonehedge","https://stonehedge.stonex.com/component/bids"
"Ag Valley Co-op","NE","Wilsonville","NE","the operator's own state, and the town is there","40.1089","-100.1211","town","zip-centroid","QB0PEZJHQL5BW98RDYH7","stonehedge","https://stonehedge.stonex.com/component/bids"
"AgMark LLC.","KS","4 Corners","KS","the operator's own state, and the town is there","","","","","54442","agricharts-cashgrid","https://www.agmarkllc.com/markets/cashgrid.php"
"AgMark LLC.","KS","Agra","KS","the operator's own state, and the town is there","39.8037","-99.1255","town","zip-centroid","26641","agricharts-cashgrid","https://www.agmarkllc.com/markets/cashgrid.php"
"AgMark LLC.","KS","Asherville","KS","the operator's own state, and the town is there","","","","","462","agricharts-cashgrid","https://www.agmarkllc.com/markets/cashgrid.php"
"AgMark LLC.","KS","Athol","KS","the operator's own state, and the town is there","39.7719","-98.9077","town","zip-centroid","54336","agricharts-cashgrid","https://www.agmarkllc.com/markets/cashgrid.php"
"AgMark LLC.","KS","Belleville","KS","the operator's own state, and the town is there","39.8241","-97.629","town","zip-centroid","10111","agricharts-cashgrid","https://www.agmarkllc.com/markets/cashgrid.php"
"AgMark LLC.","KS","Beloit","KS","the operator's own state, and the town is there","39.4416","-98.1192","town","zip-centroid","463","agricharts-cashgrid","https://www.agmarkllc.com/markets/cashgrid.php"
"AgMark LLC.","KS","Burlingame","KS","the operator's own state, and the town is there","38.7634","-95.84","town","zip-centroid","37974","agricharts-cashgrid","https://agmarkllc.agricharts.com/markets/cashgrid.php"
"AgMark LLC.","KS","Burlington","KS","the operator's own state, and the town is there","38.2363","-95.7336","town","zip-centroid","40603","agricharts-cashgrid","https://www.agmarkllc.com/markets/cashgrid.php"
"AgMark LLC.","KS","Cedar","KS","the operator's own state, and the town is there","39.6602","-98.9369","town","zip-centroid","54337","agricharts-cashgrid","https://www.agmarkllc.com/markets/cashgrid.php"
"AgMark LLC.","KS","Clay Center","KS","the operator's own state, and the town is there","39.3844","-97.1278","town","zip-centroid","444","agricharts-cashgrid","https://agmarkllc.agricharts.com/markets/cashgrid.php"
"AgMark LLC.","KS","Clifton","KS","the operator's own state, and the town is there","39.6201","-97.2611","town","zip-centroid","28583","agricharts-cashgrid","https://agmarkllc.agricharts.com/markets/cashgrid.php"
"AgMark LLC.","KS","Clyde","KS","the operator's own state, and the town is there","39.5758","-97.408","town","zip-centroid","28584","agricharts-cashgrid","https://agmarkllc.agricharts.com/markets/cashgrid.php"
"AgMark LLC.","KS","Concordia East","KS","the operator's own state, and the town is there","","","","","445","agricharts-cashgrid","https://www.agmarkllc.com/markets/cashgrid.php"
"AgMark LLC.","KS","Concordia Terminal","KS","the operator's own state, and the town is there","39.5516","-97.6568","town","zip-centroid","470","agricharts-cashgrid","https://www.agmarkllc.com/markets/cashgrid.php"
"AgMark LLC.","KS","Courtland","KS","the operator's own state, and the town is there","39.7851","-97.89","town","zip-centroid","10125","agricharts-cashgrid","https://www.agmarkllc.com/markets/cashgrid.php"
"AgMark LLC.","KS","Delphos","KS","the operator's own state, and the town is there","39.27281","-97.77085","street","barchart","87262","agricharts-cashgrid","https://www.agmarkllc.com/markets/cashgrid.php"
"AgMark LLC.","KS","Edgerton","KS","the operator's own state, and the town is there","38.7943","-94.96255","town","zip-centroid","37958","agricharts-cashgrid","https://www.agmarkllc.com/markets/cashgrid.php"
"AgMark LLC.","KS","Gaylord","KS","the operator's own state, and the town is there","39.6439","-98.8476","town","zip-centroid","86813","agricharts-cashgrid","https://agmarkllc.agricharts.com/markets/cashgrid.php"
"AgMark LLC.","KS","Glade","KS","the operator's own state, and the town is there","39.6704","-99.2996","town","zip-centroid","26643","agricharts-cashgrid","https://www.agmarkllc.com/markets/cashgrid.php"
"AgMark LLC.","KS","Glen Elder","KS","the operator's own state, and the town is there","39.4958","-98.3155","town","zip-centroid","447","agricharts-cashgrid","https://www.agmarkllc.com/markets/cashgrid.php"
"AgMark LLC.","KS","Greenleaf","KS","the operator's own state, and the town is there","39.7061","-96.9775","town","zip-centroid","28708","agricharts-cashgrid","https://agmarkllc.agricharts.com/markets/cashgrid.php"
"AgMark LLC.","KS","Gretna","KS","the operator's own state, and the town is there","","","","","54438","agricharts-cashgrid","https://www.agmarkllc.com/markets/cashgrid.php"
"AgMark LLC.","KS","Haddam","KS","the operator's own state, and the town is there","39.852","-97.3081","town","zip-centroid","28712","agricharts-cashgrid","https://www.agmarkllc.com/markets/cashgrid.php"
"AgMark LLC.","KS","Holton","KS","the operator's own state, and the town is there","39.4436","-95.7525","town","zip-centroid","86809","agricharts-cashgrid","https://agmarkllc.agricharts.com/markets/cashgrid.php"
"AgMark LLC.","KS","Hunter","KS","the operator's own state, and the town is there","39.243","-98.4017","town","zip-centroid","448","agricharts-cashgrid","https://www.agmarkllc.com/markets/cashgrid.php"
"AgMark LLC.","KS","Jamestown","KS","the operator's own state, and the town is there","39.6021","-97.8631","town","zip-centroid","458","agricharts-cashgrid","https://www.agmarkllc.com/markets/cashgrid.php"
"AgMark LLC.","KS","Jewell","KS","the operator's own state, and the town is there","39.6719","-98.1472","town","zip-centroid","449","agricharts-cashgrid","https://www.agmarkllc.com/markets/cashgrid.php"
"AgMark LLC.","KS","Junction","KS","the operator's own state, and the town is there","","","","","52107","agricharts-cashgrid","https://agmarkllc.agricharts.com/markets/cashgrid.php"
"AgMark LLC.","KS","Kensington North","KS","the operator's own state, and the town is there","","","","","26639","agricharts-cashgrid","https://www.agmarkllc.com/markets/cashgrid.php"
"AgMark LLC.","KS","Kirwin","KS","the operator's own state, and the town is there","39.6717","-99.1204","town","zip-centroid","26642","agricharts-cashgrid","https://www.agmarkllc.com/markets/cashgrid.php"
"AgMark LLC.","KS","Lancaster","KS","the operator's own state, and the town is there","39.5952","-95.3036","town","zip-centroid","86810","agricharts-cashgrid","https://www.agmarkllc.com/markets/cashgrid.php"
"AgMark LLC.","KS","LeLoup","KS","the operator's own state, and the town is there","38.54085","-95.24584","county","county centroid; the state named a site, not a town","37971","agricharts-cashgrid","https://www.agmarkllc.com/markets/cashgrid.php"
"AgMark LLC.","KS","Leonardville","KS","the operator's own state, and the town is there","39.3644","-96.8589","town","zip-centroid","451","agricharts-cashgrid","https://agmarkllc.agricharts.com/markets/cashgrid.php"
"AgMark LLC.","KS","Lincoln","KS","the operator's own state, and the town is there","39.1027","-98.2149","town","zip-centroid","452","agricharts-cashgrid","https://www.agmarkllc.com/markets/cashgrid.php"
"AgMark LLC.","KS","Logan","KS","the operator's own state, and the town is there","39.6611","-99.5687","town","zip-centroid","54439","agricharts-cashgrid","https://www.agmarkllc.com/markets/cashgrid.php"
"AgMark LLC.","KS","Melvern","KS","the operator's own state, and the town is there","38.5027","-95.629","town","zip-centroid","37978","agricharts-cashgrid","https://www.agmarkllc.com/markets/cashgrid.php"
"AgMark LLC.","KS","Meriden","KS","the operator's own state, and the town is there","39.2038","-95.5476","town","zip-centroid","86811","agricharts-cashgrid","https://agmarkllc.agricharts.com/markets/cashgrid.php"
"AgMark LLC.","KS","Midland","KS","the operator's own state, and the town is there","38.94745","-95.25304","county","county centroid; the state named a site, not a town","37970","agricharts-cashgrid","https://www.agmarkllc.com/markets/cashgrid.php"
"AgMark LLC.","KS","Miltonvale","KS","the operator's own state, and the town is there","39.3481","-97.4579","town","zip-centroid","453","agricharts-cashgrid","https://agmarkllc.agricharts.com/markets/cashgrid.php"
"AgMark LLC.","KS","Narka","KS","the operator's own state, and the town is there","39.9582","-97.4243","town","zip-centroid","28714","agricharts-cashgrid","https://www.agmarkllc.com/markets/cashgrid.php"
"AgMark LLC.","KS","North Lawrence","KS","the operator's own state, and the town is there","","","","","37968","agricharts-cashgrid","https://www.agmarkllc.com/markets/cashgrid.php"
"AgMark LLC.","KS","Norway","KS","the operator's own state, and the town is there","39.8279","-97.6509","town","zip-centroid","28709","agricharts-cashgrid","https://www.agmarkllc.com/markets/cashgrid.php"
"AgMark LLC.","KS","Ottawa","KS","the operator's own state, and the town is there","38.54482","-95.1865","street","barchart","37956","agricharts-cashgrid","https://www.agmarkllc.com/markets/cashgrid.php"
"AgMark LLC.","KS","Overbrook","KS","the operator's own state, and the town is there","38.7922","-95.5616","town","zip-centroid","37953","agricharts-cashgrid","https://agmarkllc.agricharts.com/markets/cashgrid.php"
"AgMark LLC.","KS","Pauline","KS","the operator's own state, and the town is there","39.03609","-95.71175","county","county centroid; the state named a site, not a town","37976","agricharts-cashgrid","https://agmarkllc.agricharts.com/markets/cashgrid.php"
"AgMark LLC.","KS","Phillipsburg","KS","the operator's own state, and the town is there","39.7623","-99.3328","town","zip-centroid","54339","agricharts-cashgrid","https://www.agmarkllc.com/markets/cashgrid.php"
"AgMark LLC.","KS","Prairie View","KS","the operator's own state, and the town is there","39.837","-99.5683","town","zip-centroid","54440","agricharts-cashgrid","https://www.agmarkllc.com/markets/cashgrid.php"
"AgMark LLC.","KS","Randall","KS","the operator's own state, and the town is there","39.6286","-98.0661","town","zip-centroid","454","agricharts-cashgrid","https://www.agmarkllc.com/markets/cashgrid.php"
"AgMark LLC.","KS","Scranton","KS","the operator's own state, and the town is there","38.788","-95.748","town","zip-centroid","37952","agricharts-cashgrid","https://agmarkllc.agricharts.com/markets/cashgrid.php"
"AgMark LLC.","KS","Smith Center","KS","the operator's own state, and the town is there","39.8042","-98.7842","town","zip-centroid","54338","agricharts-cashgrid","https://www.agmarkllc.com/markets/cashgrid.php"
"AgMark LLC.","KS","South Lawrence","KS","the operator's own state, and the town is there","","","","","37957","agricharts-cashgrid","https://www.agmarkllc.com/markets/cashgrid.php"
"AgMark LLC.","KS","Speed","KS","the operator's own state, and the town is there","39.76541","-99.36491","county","county centroid; the state named a site, not a town","54441","agricharts-cashgrid","https://www.agmarkllc.com/markets/cashgrid.php"
"AgMark LLC.","KS","Spring Hill","KS","the operator's own state, and the town is there","38.7631","-94.8246","town","zip-centroid","82832","agricharts-cashgrid","https://agmarkllc.agricharts.com/markets/cashgrid.php"
"AgMark LLC.","KS","Spring Hill","KS","the operator's own state, and the town is there","38.7631","-94.8246","town","zip-centroid","82832","agricharts-cashgrid","https://www.agmarkllc.com/markets/cashgrid.php"
"AgMark LLC.","KS","Tipton","KS","the operator's own state, and the town is there","39.3436","-98.4644","town","zip-centroid","455","agricharts-cashgrid","https://www.agmarkllc.com/markets/cashgrid.php"
"AgMark LLC.","KS","Waverly","KS","the operator's own state, and the town is there","38.3782","-95.5982","town","zip-centroid","37977","agricharts-cashgrid","https://www.agmarkllc.com/markets/cashgrid.php"
"AgWrx Coop","SD","Agp Dawson","","REFUSED — the town is on file in MN, but the operator is in SD, and a same-named town elsewhere is not evidence","","","","","82008","agricharts-cashgrid","https://agwrx.agricharts.com/markets/cashgrid.php"
"AgWrx Coop","SD","Florence","SD","the operator's own state, and the town is there","45.0554","-97.2866","town","zip-centroid","81977","agricharts-cashgrid","https://agwrx.agricharts.com/markets/cashgrid.php"
"AgWrx Coop","SD","Henry","SD","the operator's own state, and the town is there","44.8858","-97.4442","town","zip-centroid","81979","agricharts-cashgrid","https://agwrx.agricharts.com/markets/cashgrid.php"
"AgWrx Coop","SD","Toronto","SD","the operator's own state, and the town is there","44.57302","-96.64255","street","barchart","84741","agricharts-cashgrid","https://agwrx.agricharts.com/markets/cashgrid.php"
"AgWrx Coop","SD","Watertown","SD","the operator's own state, and the town is there","44.9043","-97.124","town","zip-centroid","81981","agricharts-cashgrid","https://agwrx.agricharts.com/markets/cashgrid.php"
"ALCIVIA","WI","BURLINGTON","WI","the operator's own state, and the town is there","42.666","-88.2749","town","zip-centroid","79421","agricharts-cashgrid","https://alciviacoop.agricharts.com/markets/cashgrid.php"
"Allied Cooperative","WI","CLINTONVILLE","WI","the operator's own state, and the town is there","44.6364","-88.743","town","zip-centroid","26501","dtn-cs","https://api.dtn.com/markets/sites/e0067101/cash-bids?units=us"
"American Plains Co-op - Cash Bid Include","KS","Albert","KS","the operator's own state, and the town is there","38.4528","-99.0115","town","zip-centroid","87994","agricharts-cashgrid","https://americanplains.agricharts.com/markets/cashgrid.php"
"American Plains Co-op - Cash Bid Include","KS","Aline","","REFUSED — the town is on file in OK, but the operator is in KS, and a same-named town elsewhere is not evidence","","","","","87991","agricharts-cashgrid","https://americanplains.agricharts.com/markets/cashgrid.php"
"American Plains Co-op - Cash Bid Include","KS","Ames","","REFUSED — the town is on file in IA/OK, but the operator is in KS, and a same-named town elsewhere is not evidence","","","","","87992","agricharts-cashgrid","https://americanplains.agricharts.com/markets/cashgrid.php"
"American Plains Co-op - Cash Bid Include","KS","Boyd","","REFUSED — the town is on file in MN/WI, but the operator is in KS, and a same-named town elsewhere is not evidence","","","","","87993","agricharts-cashgrid","https://americanplains.agricharts.com/markets/cashgrid.php"
"American Plains Co-op - Cash Bid Include","KS","Carmen","","REFUSED — the town is on file in OK, but the operator is in KS, and a same-named town elsewhere is not evidence","","","","","87995","agricharts-cashgrid","https://americanplains.agricharts.com/markets/cashgrid.php"
"American Plains Co-op - Cash Bid Include","KS","Cherokee","","REFUSED — the town is on file in OK, but the operator is in KS, and a same-named town elsewhere is not evidence","","","","","87996","agricharts-cashgrid","https://americanplains.agricharts.com/markets/cashgrid.php"
"American Plains Co-op - Cash Bid Include","KS","Dorrance","KS","the operator's own state, and the town is there","38.8348","-98.5695","town","zip-centroid","87997","agricharts-cashgrid","https://americanplains.agricharts.com/markets/cashgrid.php"
"American Plains Co-op - Cash Bid Include","KS","Russell","KS","the operator's own state, and the town is there","38.8806","-98.8595","town","zip-centroid","87785","agricharts-cashgrid","https://americanplains.agricharts.com/markets/cashgrid.php"
"American Plains Co-op - Cash Bid Include","KS","Susank","KS","the operator's own state, and the town is there","38.63923","-98.77565","street","barchart","88004","agricharts-cashgrid","https://americanplains.agricharts.com/markets/cashgrid.php"
"Archer Coop Grain Co.","IA","Archer Coop","IA","the operator's own state, and the town is there","","","","","21084","agricharts-cashgrid","https://archercoopgrain.agricharts.com/markets/cashgrid.php"
"Archer Coop Grain Co.","IA","Direct Ship AGP Sheldon","IA","the operator's own state, and the town is there","43.18206","-95.85608","street","barchart","86085","agricharts-cashgrid","https://www.archercoopgrain.com/markets/cashgrid.php"
"Atkinson Grain & Fertilizer, Inc.","IL","Atkinson","IL","the operator's own state, and the town is there","41.4162","-90.0225","town","zip-centroid","1858","agricharts-cashgrid","https://www.atkinsongrain.com/markets/cashgrid.php"
"Atkinson Grain & Fertilizer, Inc.","IL","Big River","IL","the operator's own state, and the town is there","","","","","2799","agricharts-cashgrid","https://www.atkinsongrain.com/markets/cashgrid.php"
"Atkinson Grain & Fertilizer, Inc.","IL","CHS","IL","the operator's own state, and the town is there","","","","","2798","agricharts-cashgrid","https://www.atkinsongrain.com/markets/cashgrid.php"
"Atkinson Grain & Fertilizer, Inc.","IL","Hennepin","IL","the operator's own state, and the town is there","41.27687","-89.32","street","barchart","2800","agricharts-cashgrid","https://atkinsongrain.agricharts.com/markets/cashgrid.php"
"BAB Grain","IL","DEL ADM Decatur","","no town of that name in data/directory.json","","","","","DEL ADM Decatur","graindesk","https://marketplace.graindiscovery.com/api/public-sites/babgrain/cash-bids"
"BAB Grain","IL","DEL St. Louis Area","","REFUSED — the town is on file in MO, but the operator is in IL, and a same-named town elsewhere is not evidence","","","","","DEL St. Louis Area","graindesk","https://marketplace.graindiscovery.com/api/public-sites/babgrain/cash-bids"
"Balk Grain and Trucking, Inc.","IL","ADM Grain/Growmark","","no town of that name in data/directory.json","","","","","31303","agricharts","https://mobile.balkgrain.com/cash/prices.php"
"Balk Grain and Trucking, Inc.","IL","CGB-Albany","IL","the operator's own state, and the town is there","","","","","28616","agricharts","https://mobile.balkgrain.com/cash/prices.php"
"Cain Agra","GA","Cain Agra- Lake Village, Arkansas","","REFUSED — the town is on file in AR, but the operator is in GA, and a same-named town elsewhere is not evidence","","","","","32080","agricharts-cashgrid","https://www.cainagra.net/markets/cashgrid.php"
"Cain Agra","AR","Cain Agra- Marshallville, GA","GA","the label names its own state (no town of that name on file there yet)","","","","","84544","agricharts-cashgrid","https://cainagra.agricharts.com/markets/cashgrid.php"
"Cedar County Coop","IA","ADM Cedar Rapids","IA","the operator's own state, and the town is there","","","","","EZLQM9I993Z4KZ1GWCVV","stonehedge","https://stonehedge.stonex.com/component/bids"
"Cedar County Coop","IA","Cargill - Musc","","no town of that name in data/directory.json","","","","","FD1N5VPL0ZXS744SW1AC","stonehedge","https://stonehedge.stonex.com/component/bids"
"Cedar County Coop","IA","CHS","","REFUSED — the town is on file in IL, but the operator is in IA, and a same-named town elsewhere is not evidence","","","","","DRCP7Y39ONO85KJ8FXGS","stonehedge","https://stonehedge.stonex.com/component/bids"
"Cedar County Coop","IA","GPC","","no town of that name in data/directory.json","","","","","R3EWN95BYJZUH5YNWAR2","stonehedge","https://stonehedge.stonex.com/component/bids"
"Cedar County Coop","IA","T/WB - From Storage","","no town of that name in data/directory.json","","","","","J12HICKBIHNVDBDTIU1M","stonehedge","https://stonehedge.stonex.com/component/bids"
"Cedar County Coop","IA","West Branch","IA","the operator's own state, and the town is there","41.6726","-91.3141","town","zip-centroid","8OFBOQBM8DC9YO2XYIJH","stonehedge","https://stonehedge.stonex.com/component/bids"
"Central Valley Ag","NE","MG Waldbaum - Wakefield","","no town of that name in data/directory.json","","","","","28840","agricharts-cashgrid","https://cvacoop365.agricharts.com/markets/cashgrid.php"
"CHS Devils Lake (North Dakota)","ND","Calvin","ND","the operator's own state, and the town is there","48.851","-98.8808","town","zip-centroid","7f7da1ca-ae99-40d6-b4ae-4f1458d6505a","bushel","https://api.bushelpowered.com/api/markets/aggregator/bids/v1/GetBidsList"
"CHS Devils Lake (North Dakota)","ND","Devils Lake","ND","the operator's own state, and the town is there","48.1132","-98.8616","town","zip-centroid","caeb5ce4-9592-4552-953f-f957820dbe9f","bushel","https://api.bushelpowered.com/api/markets/aggregator/bids/v1/GetBidsList"
"CHS Devils Lake (North Dakota)","ND","Edmore","ND","the operator's own state, and the town is there","48.4308","-98.4458","town","zip-centroid","111d39a6-c4d3-4417-8b33-6851259c956c","bushel","https://api.bushelpowered.com/api/markets/aggregator/bids/v1/GetBidsList"
"CHS Devils Lake (North Dakota)","ND","Hallock - Devils Lake","","REFUSED — the town is on file in MN, but the operator is in ND, and a same-named town elsewhere is not evidence","","","","","8b922ea7-100c-4f96-ac39-03728f043cba","bushel","https://api.bushelpowered.com/api/markets/aggregator/bids/v1/GetBidsList"
"CHS Devils Lake (North Dakota)","ND","Lakota","ND","the operator's own state, and the town is there","47.972","-98.3246","town","zip-centroid","64446a4a-c951-4648-96b9-fdc31482e196","bushel","https://api.bushelpowered.com/api/markets/aggregator/bids/v1/GetBidsList"
"CHS Devils Lake (North Dakota)","ND","Langdon","ND","the operator's own state, and the town is there","48.7866","-98.3566","town","zip-centroid","d8bdd763-42c2-41a1-a163-396d818df08b","bushel","https://api.bushelpowered.com/api/markets/aggregator/bids/v1/GetBidsList"
"CHS Devils Lake (North Dakota)","ND","Lankin","ND","the operator's own state, and the town is there","48.2952","-98.007","town","zip-centroid","8922de77-9fad-4fe3-96df-03c159413057","bushel","https://api.bushelpowered.com/api/markets/aggregator/bids/v1/GetBidsList"
"CHS Devils Lake (North Dakota)","ND","Milton","ND","the operator's own state, and the town is there","48.617","-98.0183","town","zip-centroid","cc604cde-1749-4397-8753-9636f626332d","bushel","https://api.bushelpowered.com/api/markets/aggregator/bids/v1/GetBidsList"
"CHS Devils Lake (North Dakota)","ND","Sarles","ND","the operator's own state, and the town is there","48.94448","-98.99179","street","barchart","9f4a6fcf-849e-4491-a8ae-ba6ca957402c","bushel","https://api.bushelpowered.com/api/markets/aggregator/bids/v1/GetBidsList"
"CHS Drayton","ND","Hallock Drayton","","no town of that name in data/directory.json","","","","","592c7afb-f5c8-4d09-9484-8aefddd8376c","bushel","https://api.bushelpowered.com/api/markets/aggregator/bids/v1/GetBidsList"
"CHS Farmers Alliance","SD","Chamberlain","SD","the operator's own state, and the town is there","43.80305","-99.32125","town","zip-centroid","988613f1-d047-4682-b95d-454552d8a149","bushel","https://api.bushelpowered.com/api/markets/aggregator/bids/v1/GetBidsList"
"CHS Farmers Alliance","SD","Corsica","SD","the operator's own state, and the town is there","43.4213","-98.3564","town","zip-centroid","8db4d688-0d14-48a6-a5c1-b11b9a6aebe0","bushel","https://api.bushelpowered.com/api/markets/aggregator/bids/v1/GetBidsList"
"CHS Farmers Elevator (Montana)","MT","Glasgow","MT","the operator's own state, and the town is there","48.30365","-106.5761","town","zip-centroid","a6565504-49fa-447d-a038-4b856f95550e","bushel","https://api.bushelpowered.com/api/markets/aggregator/bids/v1/GetBidsList"
"CHS Farmers Elevator (Montana)","MT","Wolf Point","MT","the operator's own state, and the town is there","48.1119","-105.6293","town","zip-centroid","2bf1f0d3-54aa-45b1-a9ea-b61c2e9d416c","bushel","https://api.bushelpowered.com/api/markets/aggregator/bids/v1/GetBidsList"
"CHS Holdrege","NE","AGP - Hastings","NE","the operator's own state, and the town is there","","","","","3e32de25-9a0e-4060-a61b-b151ce03a85c","bushel","https://api.bushelpowered.com/api/markets/aggregator/bids/v1/GetBidsList"
"CHS Holdrege","NE","Bridgeport Ethanol","","no town of that name in data/directory.json","","","","","3aa2a11d-0162-4430-b842-e02da9d3eec3","bushel","https://api.bushelpowered.com/api/markets/aggregator/bids/v1/GetBidsList"
"CHS Illinois","IL","ADM Cedar Rapids","","REFUSED — the town is on file in IA, but the operator is in IL, and a same-named town elsewhere is not evidence","","","","","a12278a9-e243-4b2e-bd01-1f162413de19","bushel","https://api.bushelpowered.com/api/markets/aggregator/bids/v1/GetBidsList"
"CHS Illinois","IL","ADM Clinton","","REFUSED — the town is on file in IA, but the operator is in IL, and a same-named town elsewhere is not evidence","","","","","43b9a5fa-7b7c-41f9-9f72-5ff68bd878a4","bushel","https://api.bushelpowered.com/api/markets/aggregator/bids/v1/GetBidsList"
"CHS Illinois","IL","CHS Cahokia","IL","the operator's own state, and the town is there","38.57446","-90.21663","street","barchart","c7d7c0c9-c4fa-4978-9d5b-46a9b3e9f64e","bushel","https://api.bushelpowered.com/api/markets/aggregator/bids/v1/GetBidsList"
"CHS Illinois","IL","Futures-Only","","no town of that name in data/directory.json","","","","","49162b99-8080-4170-ab71-4164d4e8bb28","bushel","https://api.bushelpowered.com/api/markets/aggregator/bids/v1/GetBidsList"
"CHS Illinois","IL","GPC Muscatine","","no town of that name in data/directory.json","","","","","4adb8921-8134-42ed-b3bb-6f1d2d0b23c2","bushel","https://api.bushelpowered.com/api/markets/aggregator/bids/v1/GetBidsList"
"CHS Illinois","IL","Havana/Beardstown","","no town of that name in data/directory.json","","","","","c85b7389-9aeb-4dc0-83b4-9934f576063b","bushel","https://api.bushelpowered.com/api/markets/aggregator/bids/v1/GetBidsList"
"CHS Illinois","IL","Ingredion","IL","the operator's own state, and the town is there","41.76459","-87.82386","street","barchart","1af786d2-9708-4475-a5e4-065081f6bc78","bushel","https://api.bushelpowered.com/api/markets/aggregator/bids/v1/GetBidsList"
"CHS Illinois","IL","Joliet Container Mkt","","no town of that name in data/directory.json","","","","","e67ba8c2-d421-42e5-a3ea-b76db07d6d98","bushel","https://api.bushelpowered.com/api/markets/aggregator/bids/v1/GetBidsList"
"CHS Illinois","IL","Meredith Rd Elburn","","no town of that name in data/directory.json","","","","","0a45fdc0-62ac-45be-a9e8-3510c1561ea0","bushel","https://api.bushelpowered.com/api/markets/aggregator/bids/v1/GetBidsList"
"CHS Illinois","IL","Nestle Davenport","","no town of that name in data/directory.json","","","","","2e713a1d-5c19-4d4f-bfef-cfa0e4454c21","bushel","https://api.bushelpowered.com/api/markets/aggregator/bids/v1/GetBidsList"
"CHS Illinois","IL","Peru Marketstreet","","no town of that name in data/directory.json","","","","","b43bcddc-9fab-4f45-97c6-7b89ffa2fbc8","bushel","https://api.bushelpowered.com/api/markets/aggregator/bids/v1/GetBidsList"
"CHS Illinois","IL","Rt. 47 Terminal","","no town of that name in data/directory.json","","","","","492bb16e-2c43-4c3d-8f84-01ce728a9a65","bushel","https://api.bushelpowered.com/api/markets/aggregator/bids/v1/GetBidsList"
"CHS River Plains","SD","AGP Aberdeen","SD","the operator's own state, and the town is there","45.47848","-98.41765","street","barchart","7466c374-68ee-4163-a834-aea826abf8ae","bushel","https://api.bushelpowered.com/api/markets/aggregator/bids/v1/GetBidsList"
"CHS River Terminals & Processing Plants","MN","Collins, Mississippi","","REFUSED — the town is on file in MS, but the operator is in MN, and a same-named town elsewhere is not evidence","","","","","80772e62-3bae-4b9c-af6a-f55bb36e0b7f","bushel","https://api.bushelpowered.com/api/markets/aggregator/bids/v1/GetBidsList"
"CHS Southwest Grain (North Dakota/South Dakota)","ND","Boyle Terminal","ND","the operator's own state, and the town is there","46.88444","-102.51908","street","barchart","499ed714-83d6-4aaf-93af-a0098e7079af","bushel","https://api.bushelpowered.com/api/markets/aggregator/bids/v1/GetBidsList"
"CHS Southwest Grain (North Dakota/South Dakota)","ND","Lemmon Terminal","","REFUSED — the town is on file in SD, but the operator is in ND, and a same-named town elsewhere is not evidence","","","","","812c7649-2fb3-43d9-9165-37afaa26e8c2","bushel","https://api.bushelpowered.com/api/markets/aggregator/bids/v1/GetBidsList"
"CHS Texoma (Oklahoma/Texas)","OK","County Line","","no town of that name in data/directory.json","","","","","35c220c5-71d8-449b-9332-45ec0da5bd03","bushel","https://api.bushelpowered.com/api/markets/aggregator/bids/v1/GetBidsList"
"CHS Texoma (Oklahoma/Texas)","OK","Davidson","OK","the operator's own state, and the town is there","34.2514","-99.064","town","zip-centroid","67958b4c-ba16-40fe-b777-f29b6a5e1cff","bushel","https://api.bushelpowered.com/api/markets/aggregator/bids/v1/GetBidsList"
"CHS Texoma (Oklahoma/Texas)","OK","Hennessey","OK","the operator's own state, and the town is there","36.0868","-97.8926","town","zip-centroid","a86aee29-7413-4f54-b64c-f1786584839a","bushel","https://api.bushelpowered.com/api/markets/aggregator/bids/v1/GetBidsList"
"CHS Texoma (Oklahoma/Texas)","OK","Omega","OK","the operator's own state, and the town is there","35.8507","-98.1863","town","zip-centroid","af6e5147-9b29-43eb-bde4-1d5c0671f255","bushel","https://api.bushelpowered.com/api/markets/aggregator/bids/v1/GetBidsList"
"CHS United Plains Ag","KS","Corn Inc","","REFUSED — the town is on file in OK, but the operator is in KS, and a same-named town elsewhere is not evidence","","","","","aae5ef4f-bd32-45e4-be25-375eb693492a","bushel","https://api.bushelpowered.com/api/markets/aggregator/bids/v1/GetBidsList"
"Circle J Grain","IA","Circle J Grain","","no town of that name in data/directory.json","","","","","51081","agricharts-cashgrid","https://www.circlejgrain.com/markets/cashgrid.php"
"Cissna Park Co-op","IL","Woodworth & Rankin","","no town of that name in data/directory.json","","","","","66195","agricharts-cashgrid","https://www.cissnaparkcoop.com/markets/cashgrid.php"
"Cooperative Producers, Inc.","NE","AGP David City","NE","the operator's own state, and the town is there","41.25279","-97.13004","street","barchart","agp-david-city","cpicoop","https://www.cpicoop.com/grain/bids-futures"
"Cooperative Producers, Inc.","NE","AGP Hastings","NE","the operator's own state, and the town is there","","","","","agp-hastings","cpicoop","https://www.cpicoop.com/grain/bids-futures"
"Cooperative Producers, Inc.","NE","Hayland","","no town of that name in data/directory.json","","","","","hayland","cpicoop","https://www.cpicoop.com/grain/bids-futures"
"Cooperative Producers, Inc.","NE","Juniata","","no town of that name in data/directory.json","","","","","juniata","cpicoop","https://www.cpicoop.com/grain/bids-futures"
"Cooperative Producers, Inc.","NE","Lewis","","REFUSED — the town is on file in KS, but the operator is in NE, and a same-named town elsewhere is not evidence","","","","","lewis","cpicoop","https://www.cpicoop.com/grain/bids-futures"
"Country Visions Cooperative","WI","RANDOM LAKE","WI","the operator's own state, and the town is there","43.5672","-87.9816","town","zip-centroid","26515","dtn-cs","https://api.dtn.com/markets/sites/e0274901/cash-bids?units=us"
"Eastland Feed & Grain, Inc","IL","ADM Cedar Rapids","","REFUSED — the town is on file in IA, but the operator is in IL, and a same-named town elsewhere is not evidence","","","","","87266","agricharts-cashgrid","https://www.efgi.net/markets/cashgrid.php"
"Eastland Feed & Grain, Inc","IL","ADM Mendota Rail","","no town of that name in data/directory.json","","","","","87267","agricharts-cashgrid","https://www.efgi.net/markets/cashgrid.php"
"Eastland Feed & Grain, Inc","IL","Bocker Ruff","IL","the operator's own state, and the town is there","","","","","87273","agricharts-cashgrid","https://www.efgi.net/markets/cashgrid.php"
"Eastland Feed & Grain, Inc","IL","CHS Rochelle","IL","the operator's own state, and the town is there","","","","","87280","agricharts-cashgrid","https://www.efgi.net/markets/cashgrid.php"
"Eastland Feed & Grain, Inc","IL","Ingredion Chicago","","no town of that name in data/directory.json","","","","","87281","agricharts-cashgrid","https://www.efgi.net/markets/cashgrid.php"
"Eastland Feed & Grain, Inc","IL","STERLING RAIL","","no town of that name in data/directory.json","","","","","87727","agricharts-cashgrid","https://www.efgi.net/markets/cashgrid.php"
"Faas Feed & Grain","IA","North English","IA","the operator's own state, and the town is there","41.5241","-92.0893","town","zip-centroid","20956","agricharts-cashgrid","https://www.faasfeed.com/markets/cashgrid.php"
"Farmers Elevator & Exchange, Inc.","IA","ADM-Burlington","","no town of that name in data/directory.json","","","","","82063","agricharts","https://mobile.farmerseande.com/cash/prices.php"
"Farmers Elevator & Exchange, Inc.","IA","ADM-Burlington","","no town of that name in data/directory.json","","","","","82063","agricharts-cashgrid","https://www.farmerseande.com/markets/cashgrid.php"
"Farmers Elevator & Exchange, Inc.","IA","Big River","IA","the operator's own state, and the town is there","","","","","82065","agricharts","https://mobile.farmerseande.com/cash/prices.php"
"Farmers Elevator & Exchange, Inc.","IA","Big River","IA","the operator's own state, and the town is there","","","","","82065","agricharts-cashgrid","https://www.farmerseande.com/markets/cashgrid.php"
"Farmers Elevator & Exchange, Inc.","IA","Cedar Rapids","IA","the operator's own state, and the town is there","41.96969","-91.64519","street","barchart","84551","agricharts-cashgrid","https://www.farmerseande.com/markets/cashgrid.php"
"Farmers Elevator & Exchange, Inc.","IA","CGB-Meekers","","no town of that name in data/directory.json","","","","","82064","agricharts","https://mobile.farmerseande.com/cash/prices.php"
"Farmers Elevator & Exchange, Inc.","IA","CGB-Meekers","","no town of that name in data/directory.json","","","","","82064","agricharts-cashgrid","https://www.farmerseande.com/markets/cashgrid.php"
"Farmers Elevator & Exchange, Inc.","IA","GPC","","no town of that name in data/directory.json","","","","","82050","agricharts","https://mobile.farmerseande.com/cash/prices.php"
"Farmers Elevator & Exchange, Inc.","IA","GPC","","no town of that name in data/directory.json","","","","","82050","agricharts-cashgrid","https://www.farmerseande.com/markets/cashgrid.php"
"Farmers Elevator & Exchange, Inc.","IA","Kalona","IA","the operator's own state, and the town is there","41.4823","-91.7057","town","zip-centroid","82048","agricharts","https://mobile.farmerseande.com/cash/prices.php"
"Farmers Elevator & Exchange, Inc.","IA","Wapello","IA","the operator's own state, and the town is there","41.207","-91.1719","town","zip-centroid","82049","agricharts-cashgrid","https://www.farmerseande.com/markets/cashgrid.php"
"Frontier Cooperative","NE","Belgrade","","no town of that name in data/directory.json","","","","","D6FWT61YGOOEMZS8YJ0R","stonehedge","https://stonehedge.stonex.com/component/bids"
"Frontier Cooperative","NE","Tarnov","","no town of that name in data/directory.json","","","","","RJSIP8WBGLK4R884WL7J","stonehedge","https://stonehedge.stonex.com/component/bids"
"FS Grain","IL","ADM - Clinton Corn","","REFUSED — the town is on file in IA, but the operator is in IL, and a same-named town elsewhere is not evidence","","","","","76209","agricharts-cashgrid","https://fsgrain.agricharts.com/markets/cashgrid.php"
"FS Grain","IL","ADM - Hennepin","","no town of that name in data/directory.json","","","","","76261","agricharts-cashgrid","https://fsgrain.com/markets/cashgrid.php"
"FS Grain","IL","ADM - Hennepin","","no town of that name in data/directory.json","","","","","76261","agricharts-cashgrid","https://fsgrain.agricharts.com/markets/cashgrid.php"
"FS Grain","IL","ADM - Hennepin","","no town of that name in data/directory.json","","","","","76261","agricharts-cashgrid","https://northerngrainmarketing.com/markets/cashgrid.php"
"FS Grain","IL","ADM - Morris","IL","the operator's own state, and the town is there","","","","","76263","agricharts-cashgrid","https://fsgrain.com/markets/cashgrid.php"
"FS Grain","IL","ADM - Morris","IL","the operator's own state, and the town is there","","","","","76263","agricharts-cashgrid","https://northerngrainmarketing.com/markets/cashgrid.php"
"FS Grain","IL","ADM - Northern Crossing","IL","the operator's own state, and the town is there","","","","","81940","agricharts-cashgrid","https://fsgrain.com/markets/cashgrid.php"
"FS Grain","IL","ADM - Northern Crossing","IL","the operator's own state, and the town is there","","","","","81940","agricharts-cashgrid","https://northerngrainmarketing.com/markets/cashgrid.php"
"FS Grain","IL","ADM - Ottawa","IL","the operator's own state, and the town is there","","","","","76265","agricharts-cashgrid","https://fsgrain.com/markets/cashgrid.php"
"FS Grain","IL","ADM - Ottawa","IL","the operator's own state, and the town is there","","","","","76265","agricharts-cashgrid","https://northerngrainmarketing.com/markets/cashgrid.php"
"FS Grain","IL","Ashton","IL","the operator's own state, and the town is there","41.8643","-89.2086","town","zip-centroid","60464","agricharts-cashgrid","https://fsgrain.com/markets/cashgrid.php"
"FS Grain","IL","Bocker Ruff - Polo","","no town of that name in data/directory.json","","","","","76267","agricharts-cashgrid","https://fsgrain.com/markets/cashgrid.php"
"FS Grain","IL","Bocker Ruff - Polo","","no town of that name in data/directory.json","","","","","76267","agricharts-cashgrid","https://fsgrain.agricharts.com/markets/cashgrid.php"
"FS Grain","IL","Bocker Ruff - Polo","","no town of that name in data/directory.json","","","","","76267","agricharts-cashgrid","https://northerngrainmarketing.com/markets/cashgrid.php"
"FS Grain","IL","Bourbonnais","IL","the operator's own state, and the town is there","41.1661","-87.879","town","zip-centroid","26257","agricharts-cashgrid","https://fsgrain.com/markets/cashgrid.php"
"FS Grain","IL","Buda","IL","the operator's own state, and the town is there","41.314","-89.6795","town","zip-centroid","30141","agricharts-cashgrid","https://fsgrain.com/markets/cashgrid.php"
"FS Grain","IL","Cargill - Spring Valley","","no town of that name in data/directory.json","","","","","76273","agricharts-cashgrid","https://fsgrain.com/markets/cashgrid.php"
"FS Grain","IL","Cargill - Spring Valley","","no town of that name in data/directory.json","","","","","76273","agricharts-cashgrid","https://fsgrain.agricharts.com/markets/cashgrid.php"
"FS Grain","IL","Cargill - Spring Valley","","no town of that name in data/directory.json","","","","","76273","agricharts-cashgrid","https://northerngrainmarketing.com/markets/cashgrid.php"
"FS Grain","IL","CGB - Albany","IL","the operator's own state, and the town is there","","","","","79678","agricharts-cashgrid","https://fsgrain.agricharts.com/markets/cashgrid.php"
"FS Grain","IL","CGB - Dwight","","no town of that name in data/directory.json","","","","","76274","agricharts-cashgrid","https://fsgrain.com/markets/cashgrid.php"
"FS Grain","IL","CGB - Dwight","","no town of that name in data/directory.json","","","","","76274","agricharts-cashgrid","https://fsgrain.agricharts.com/markets/cashgrid.php"
"FS Grain","IL","CGB - Dwight","","no town of that name in data/directory.json","","","","","76274","agricharts-cashgrid","https://northerngrainmarketing.com/markets/cashgrid.php"
"FS Grain","IL","CGB - Hennepin","IL","the operator's own state, and the town is there","41.25632","-89.35332","street","barchart","76275","agricharts-cashgrid","https://fsgrain.agricharts.com/markets/cashgrid.php"
"FS Grain","IL","CHS - Annawan/Patriot","IL","the operator's own state, and the town is there","","","","","81949","agricharts-cashgrid","https://fsgrain.com/markets/cashgrid.php"
"FS Grain","IL","CHS - Annawan/Patriot","IL","the operator's own state, and the town is there","","","","","81949","agricharts-cashgrid","https://northerngrainmarketing.com/markets/cashgrid.php"
"FS Grain","IL","CHS - Elburn/ Morris","IL","the operator's own state, and the town is there","41.9011","-88.54022","street","barchart","85904","agricharts-cashgrid","https://fsgrain.com/markets/cashgrid.php"
"FS Grain","IL","CHS - Peru","","no town of that name in data/directory.json","","","","","76280","agricharts-cashgrid","https://fsgrain.com/markets/cashgrid.php"
"FS Grain","IL","CHS - Peru","","no town of that name in data/directory.json","","","","","76280","agricharts-cashgrid","https://fsgrain.agricharts.com/markets/cashgrid.php"
"FS Grain","IL","CHS - Peru","","no town of that name in data/directory.json","","","","","76280","agricharts-cashgrid","https://northerngrainmarketing.com/markets/cashgrid.php"
"FS Grain","IL","CHS - Rochelle","IL","the operator's own state, and the town is there","","","","","76281","agricharts-cashgrid","https://fsgrain.com/markets/cashgrid.php"
"FS Grain","IL","CHS - Rochelle","IL","the operator's own state, and the town is there","","","","","76281","agricharts-cashgrid","https://fsgrain.agricharts.com/markets/cashgrid.php"
"FS Grain","IL","CHS - Rochelle","IL","the operator's own state, and the town is there","","","","","76281","agricharts-cashgrid","https://northerngrainmarketing.com/markets/cashgrid.php"
"FS Grain","IL","Creston","IL","the operator's own state, and the town is there","41.9312","-88.9566","town","zip-centroid","60466","agricharts-cashgrid","https://fsgrain.com/markets/cashgrid.php"
"FS Grain","IL","Fitchmoor","IL","the operator's own state, and the town is there","","","","","60468","agricharts-cashgrid","https://fsgrain.com/markets/cashgrid.php"
"FS Grain","IL","Fitchmoor","IL","the operator's own state, and the town is there","","","","","60468","agricharts-cashgrid","https://northerngrainmarketing.com/markets/cashgrid.php"
"FS Grain","IL","Grand Ridge","IL","the operator's own state, and the town is there","41.2386","-88.8168","town","zip-centroid","30142","agricharts-cashgrid","https://fsgrain.agricharts.com/markets/cashgrid.php"
"FS Grain","IL","Harmon","IL","the operator's own state, and the town is there","41.6973","-89.5695","town","zip-centroid","42343","agricharts-cashgrid","https://fsgrain.com/markets/cashgrid.php"
"FS Grain","IL","Holder","IL","the operator's own state, and the town is there","40.451","-88.8086","street","barchart","88041","agricharts-cashgrid","https://fsgrain.com/markets/cashgrid.php"
"FS Grain","IL","Incobrasa","","no town of that name in data/directory.json","","","","","76282","agricharts-cashgrid","https://fsgrain.com/markets/cashgrid.php"
"FS Grain","IL","Incobrasa","","no town of that name in data/directory.json","","","","","76282","agricharts-cashgrid","https://fsgrain.agricharts.com/markets/cashgrid.php"
"FS Grain","IL","Incobrasa","","no town of that name in data/directory.json","","","","","76282","agricharts-cashgrid","https://northerngrainmarketing.com/markets/cashgrid.php"
"FS Grain","IL","Kentland","IL","the operator's own state, and the town is there","","","","","30145","agricharts-cashgrid","https://fsgrain.com/markets/cashgrid.php"
"FS Grain","IL","Kentland","IL","the operator's own state, and the town is there","","","","","30145","agricharts-cashgrid","https://northerngrainmarketing.com/markets/cashgrid.php"
"FS Grain","IL","Lehigh","IL","the operator's own state, and the town is there","","","","","76018","agricharts-cashgrid","https://fsgrain.com/markets/cashgrid.php"
"FS Grain","IL","Lehigh","IL","the operator's own state, and the town is there","","","","","76018","agricharts-cashgrid","https://northerngrainmarketing.com/markets/cashgrid.php"
"FS Grain","IL","Lisbon Center","IL","the operator's own state, and the town is there","","","","","79681","agricharts-cashgrid","https://fsgrain.com/markets/cashgrid.php"
"FS Grain","IL","Lisbon Center","IL","the operator's own state, and the town is there","","","","","79681","agricharts-cashgrid","https://northerngrainmarketing.com/markets/cashgrid.php"
"FS Grain","IL","Marquis","IL","the operator's own state, and the town is there","41.26666","-89.31115","street","barchart","76283","agricharts-cashgrid","https://fsgrain.agricharts.com/markets/cashgrid.php"
"FS Grain","IL","Mazon","IL","the operator's own state, and the town is there","41.2264","-88.4217","town","zip-centroid","30147","agricharts-cashgrid","https://fsgrain.agricharts.com/markets/cashgrid.php"
"FS Grain","IL","McLean","IL","the operator's own state, and the town is there","40.3402","-89.1495","town","zip-centroid","88042","agricharts-cashgrid","https://fsgrain.com/markets/cashgrid.php"
"FS Grain","IL","Ohio","IL","the operator's own state, and the town is there","41.5371","-89.4574","town","zip-centroid","30150","agricharts-cashgrid","https://fsgrain.com/markets/cashgrid.php"
"FS Grain","IL","Polo","IL","the operator's own state, and the town is there","42.00277","-89.59118","street","barchart","76031","agricharts-cashgrid","https://fsgrain.com/markets/cashgrid.php"
"FS Grain","IL","Ransom","IL","the operator's own state, and the town is there","41.153","-88.6502","town","zip-centroid","30152","agricharts-cashgrid","https://fsgrain.agricharts.com/markets/cashgrid.php"
"FS Grain","IL","Rock River - Sterling","","no town of that name in data/directory.json","","","","","76287","agricharts-cashgrid","https://fsgrain.com/markets/cashgrid.php"
"FS Grain","IL","Rock River - Sterling","","no town of that name in data/directory.json","","","","","76287","agricharts-cashgrid","https://fsgrain.agricharts.com/markets/cashgrid.php"
"FS Grain","IL","Rock River - Sterling","","no town of that name in data/directory.json","","","","","76287","agricharts-cashgrid","https://northerngrainmarketing.com/markets/cashgrid.php"
"FS Grain","IL","Route 30","IL","the operator's own state, and the town is there","","","","","60470","agricharts-cashgrid","https://fsgrain.com/markets/cashgrid.php"
"FS Grain","IL","Route 30","IL","the operator's own state, and the town is there","","","","","60470","agricharts-cashgrid","https://northerngrainmarketing.com/markets/cashgrid.php"
"FS Grain","IL","Serena","IL","the operator's own state, and the town is there","41.4995","-88.7509","town","zip-centroid","30155","agricharts-cashgrid","https://fsgrain.com/markets/cashgrid.php"
"FS Grain","IL","St Anne","IL","the operator's own state, and the town is there","41.11356","-87.89178","county","county centroid; the state named a site, not a town","26258","agricharts-cashgrid","https://fsgrain.com/markets/cashgrid.php"
"FS Grain","IL","Viserion - Savanna","IL","the operator's own state, and the town is there","","","","","79709","agricharts-cashgrid","https://fsgrain.agricharts.com/markets/cashgrid.php"
"FS Grain","IL","Yuton","IL","the operator's own state, and the town is there","","","","","88043","agricharts-cashgrid","https://fsgrain.com/markets/cashgrid.php"
"Full Circle Ag","SD","Forman","","REFUSED — the town is on file in ND, but the operator is in SD, and a same-named town elsewhere is not evidence","","","","","C3KE3V6FRIM9U1E9N3V5","stonehedge","https://stonehedge.stonex.com/component/bids"
"H&B Specialties, Inc.","IL","Cape Girardeau","","REFUSED — the town is on file in MO, but the operator is in IL, and a same-named town elsewhere is not evidence","","","","","3552","agricharts-cashgrid","https://www.hbspecialties.com/markets/cashgrid.php"
"H&B Specialties, Inc.","IL","Cincy","","REFUSED — the town is on file in IN, but the operator is in IL, and a same-named town elsewhere is not evidence","","","","","3553","agricharts-cashgrid","https://hbspecialties.agricharts.com/markets/cashgrid.php"
"H&B Specialties, Inc.","IL","Granite City","IL","the operator's own state, and the town is there","","","","","3551","agricharts-cashgrid","https://www.hbspecialties.com/markets/cashgrid.php"
"H&B Specialties, Inc.","IL","Naples","IL","the operator's own state, and the town is there","39.8173","-90.5339","town","zip-centroid","3550","agricharts-cashgrid","https://hbspecialties.agricharts.com/markets/cashgrid.php"
"Heartland Co-op","IA","ADM","IA","the operator's own state, and the town is there","","","","","ADM","heartland","https://myaccount.heartlandcoop.com/bids.htm"
"Heartland Co-op","IA","AGP - EAGLE GROVE","IA","the operator's own state, and the town is there","42.66878","-93.90281","street","barchart","AGP - EAGLE GROVE","heartland","https://myaccount.heartlandcoop.com/bids.htm"
"Heartland Co-op","IA","AGP - MANNING","IA","the operator's own state, and the town is there","41.91854","-95.06943","street","barchart","AGP - MANNING","heartland","https://myaccount.heartlandcoop.com/bids.htm"
"Heartland Co-op","IA","AGP - ST JOE","","no town of that name in data/directory.json","","","","","AGP - ST JOE","heartland","https://myaccount.heartlandcoop.com/bids.htm"
"Heartland Co-op","IA","BUNGE - COUNCIL BLUFFS","IA","the operator's own state, and the town is there","","","","","BUNGE - COUNCIL BLUFFS","heartland","https://myaccount.heartlandcoop.com/bids.htm"
"Heartland Co-op","IA","CARGILL - BLAIR","","REFUSED — the town is on file in NE, but the operator is in IA, and a same-named town elsewhere is not evidence","","","","","CARGILL - BLAIR","heartland","https://myaccount.heartlandcoop.com/bids.htm"
"Heartland Co-op","IA","CARGILL - CEDAR RAPIDS","IA","the operator's own state, and the town is there","","","","","CARGILL - CEDAR RAPIDS","heartland","https://myaccount.heartlandcoop.com/bids.htm"
"Heartland Co-op","IA","CARGILL - EDDYVILLE","","no town of that name in data/directory.json","","","","","CARGILL - EDDYVILLE","heartland","https://myaccount.heartlandcoop.com/bids.htm"
"Heartland Co-op","IA","CARGILL - IOWA FALLS","","no town of that name in data/directory.json","","","","","CARGILL - IOWA FALLS","heartland","https://myaccount.heartlandcoop.com/bids.htm"
"Heartland Co-op","IA","GREEN PLAINS - SHENANDOAH","","no town of that name in data/directory.json","","","","","GREEN PLAINS - SHENANDOAH","heartland","https://myaccount.heartlandcoop.com/bids.htm"
"Heartland Co-op","IA","INGREDION - PENFORD","","no town of that name in data/directory.json","","","","","INGREDION - PENFORD","heartland","https://myaccount.heartlandcoop.com/bids.htm"
"Heartland Co-op","IA","LINCOLN WAY","","no town of that name in data/directory.json","","","","","LINCOLN WAY","heartland","https://myaccount.heartlandcoop.com/bids.htm"
"Heartland Co-op","IA","LOUIS DRYFUS - GRAND JUNCTION","","no town of that name in data/directory.json","","","","","LOUIS DRYFUS - GRAND JUNCTION","heartland","https://myaccount.heartlandcoop.com/bids.htm"
"Heartland Co-op","IA","POET - IOWA FALLS","","no town of that name in data/directory.json","","","","","POET - IOWA FALLS","heartland","https://myaccount.heartlandcoop.com/bids.htm"
"Heartland Co-op","IA","POET - JEWELL","","no town of that name in data/directory.json","","","","","POET - JEWELL","heartland","https://myaccount.heartlandcoop.com/bids.htm"
"Heartland Co-op","IA","POET - MENLO","","no town of that name in data/directory.json","","","","","POET - MENLO","heartland","https://myaccount.heartlandcoop.com/bids.htm"
"Heartland Co-op","IA","ROQUETTE","","no town of that name in data/directory.json","","","","","ROQUETTE","heartland","https://myaccount.heartlandcoop.com/bids.htm"
"Heartland Co-op","IA","SHELL ROCK SOY PROCESSING","IA","the operator's own state, and the town is there","42.72991","-92.62706","street","barchart","SHELL ROCK SOY PROCESSING","heartland","https://myaccount.heartlandcoop.com/bids.htm"
"Heartland Co-op","IA","SIRE - COUNCIL BLUFFS","","no town of that name in data/directory.json","","","","","SIRE - COUNCIL BLUFFS","heartland","https://myaccount.heartlandcoop.com/bids.htm"
"Heartland Co-op","IA","VERBIO","IA","the operator's own state, and the town is there","42.02436","-93.51725","street","barchart","VERBIO","heartland","https://myaccount.heartlandcoop.com/bids.htm"
"Heritage Coop","OH","Canfield","OH","the operator's own state, and the town is there","41.0293","-80.7564","town","zip-centroid","47232","agricharts-cashgrid","https://heritagecoop.agricharts.com/markets/cashgrid.php"
"Heritage Coop","OH","Canfield - Direct","","no town of that name in data/directory.json","","","","","83796","agricharts-cashgrid","https://heritagecoop.agricharts.com/markets/cashgrid.php"
"Heritage Coop","OH","Columbiana","OH","the operator's own state, and the town is there","40.8853","-80.6975","town","zip-centroid","82922","agricharts-cashgrid","https://heritagecoop.agricharts.com/markets/cashgrid.php"
"Heritage Coop","OH","East Liverpool","OH","the operator's own state, and the town is there","40.6774","-80.6006","town","zip-centroid","47233","agricharts-cashgrid","https://heritagecoop.agricharts.com/markets/cashgrid.php"
"Heritage Coop","OH","Garfield","OH","the operator's own state, and the town is there","40.22141","-83.03581","street","census","82923","agricharts-cashgrid","https://heritagecoop.agricharts.com/markets/cashgrid.php"
"Heritage Coop","OH","Lisbon","OH","the operator's own state, and the town is there","40.7592","-80.7587","town","zip-centroid","47236","agricharts-cashgrid","https://heritagecoop.agricharts.com/markets/cashgrid.php"
"Heritage Coop","OH","New Philadelphia","OH","the operator's own state, and the town is there","40.4845","-81.4358","town","zip-centroid","47234","agricharts-cashgrid","https://heritagecoop.agricharts.com/markets/cashgrid.php"
"Hillsdale Elevator Company","IA","Abingdon","","REFUSED — the town is on file in IL, but the operator is in IA, and a same-named town elsewhere is not evidence","","","","","3564","cashbidssingle","https://hillsdaleelevator.com/"
"Hillsdale Elevator Company","IA","Alexis","","REFUSED — the town is on file in IL, but the operator is in IA, and a same-named town elsewhere is not evidence","","","","","3565","cashbidssingle","https://hillsdaleelevator.com/"
"Hillsdale Elevator Company","IA","Alpha","IA","the operator's own state, and the town is there","43.0433","-92.0302","town","zip-centroid","3566","cashbidssingle","https://hillsdaleelevator.com/"
"Hillsdale Elevator Company","IA","Annawan","","REFUSED — the town is on file in IL, but the operator is in IA, and a same-named town elsewhere is not evidence","","","","","3560","cashbidssingle","https://hillsdaleelevator.com/"
"Hillsdale Elevator Company","IA","CHS Annawan","","REFUSED — the town is on file in IL, but the operator is in IA, and a same-named town elsewhere is not evidence","","","","","3634","cashbidssingle","https://hillsdaleelevator.com/"
"Hillsdale Elevator Company","IA","CHS Davenport","IA","the operator's own state, and the town is there","41.46534","-90.66837","street","barchart","3636","cashbidssingle","https://hillsdaleelevator.com/"
"Hillsdale Elevator Company","IA","Galesburg","","REFUSED — the town is on file in IL/ND, but the operator is in IA, and a same-named town elsewhere is not evidence","","","","","3563","cashbidssingle","https://hillsdaleelevator.com/"
"Hillsdale Elevator Company","IA","Galva","IA","the operator's own state, and the town is there","42.5105","-95.4298","town","zip-centroid","3633","cashbidssingle","https://hillsdaleelevator.com/"
"Hillsdale Elevator Company","IA","Geneseo","","REFUSED — the town is on file in IL/KS/ND, but the operator is in IA, and a same-named town elsewhere is not evidence","","","","","3561","cashbidssingle","https://hillsdaleelevator.com/"
"Hillsdale Elevator Company","IA","Henderson","IA","the operator's own state, and the town is there","41.1254","-95.4586","town","zip-centroid","3567","cashbidssingle","https://hillsdaleelevator.com/"
"Hillsdale Elevator Company","IA","Hillsdale/Fenton","","no town of that name in data/directory.json","","","","","3559","cashbidssingle","https://hillsdaleelevator.com/"
"Hillsdale Elevator Company","IA","ILL River","","no town of that name in data/directory.json","","","","","3637","cashbidssingle","https://hillsdaleelevator.com/"
"Hillsdale Elevator Company","IA","Mis River","","no town of that name in data/directory.json","","","","","3638","cashbidssingle","https://hillsdaleelevator.com/"
"Hillsdale Elevator Company","IA","New Windsor","","REFUSED — the town is on file in IL, but the operator is in IA, and a same-named town elsewhere is not evidence","","","","","3568","cashbidssingle","https://hillsdaleelevator.com/"
"Hillsdale Elevator Company","IA","Ophiem","","REFUSED — the town is on file in IL, but the operator is in IA, and a same-named town elsewhere is not evidence","","","","","3569","cashbidssingle","https://hillsdaleelevator.com/"
"Hillsdale Elevator Company","IA","Orion","","REFUSED — the town is on file in IL, but the operator is in IA, and a same-named town elsewhere is not evidence","","","","","3562","cashbidssingle","https://hillsdaleelevator.com/"
"Hillsdale Elevator Company","IA","Viola","","REFUSED — the town is on file in ID/IL/KS/MN, but the operator is in IA, and a same-named town elsewhere is not evidence","","","","","3570","cashbidssingle","https://hillsdaleelevator.com/"
"Hoven Equity Exchange","SD","CHS Selby - Direct Ship","","no town of that name in data/directory.json","","","","","84862","agricharts-cashgrid","https://www.hovenequity.com/markets/cashgrid.php"
"Hoven Equity Exchange","SD","Hoven, SD","SD","the label names its own state","45.2278","-99.7763","town","zip-centroid","83200","agricharts-cashgrid","https://www.hovenequity.com/markets/cashgrid.php"
"Innovative Ag Services","IA","Bear Rvr M","","no town of that name in data/directory.json","","","","","87656","agricharts-cashgrid","https://innovativeag.agricharts.com/markets/cashgrid.php"
"Jackson Farmers, Inc.","KS","Lancaster","KS","the operator's own state, and the town is there","39.5952","-95.3036","town","zip-centroid","37134","agricharts-cashgrid","https://jacksonfarmers.agricharts.com/markets/cashgrid.php"
"JBS Live Pork","MO","Futures Only","","no town of that name in data/directory.json","","","","","87376","agricharts-cashgrid","https://jbslivepork.agricharts.com/markets/cashgrid.php"
"Jersey County Grain","IL","St Louis River","","REFUSED — the town is on file in MO, but the operator is in IL, and a same-named town elsewhere is not evidence","","","","","84906","agricharts-cashgrid","https://www.jerseycountygrain.com/markets/cashgrid.php"
"Legacy Farmers Cooperative","OH","Apex Grain Marketing","OH","the operator's own state, and the town is there","41.26991","-84.43597","street","barchart","85036","agricharts","https://mobile.legacyfarmers.com/cash/prices.php"
"Legacy Farmers Cooperative","OH","Custar","OH","the operator's own state, and the town is there","41.2953","-83.8349","town","zip-centroid","23600","agricharts","https://mobile.legacyfarmers.com/cash/prices.php"
"Legacy Farmers Cooperative","OH","Deshler","OH","the operator's own state, and the town is there","41.2239","-83.8964","town","zip-centroid","23601","agricharts","https://mobile.legacyfarmers.com/cash/prices.php"
"Legacy Farmers Cooperative","OH","East Findlay","OH","the operator's own state, and the town is there","41.07222","-83.59293","street","census","87487","agricharts","https://legacyfarmers.mobile.agricharts.com/cash/prices.php"
"Legacy Farmers Cooperative","OH","Fostoria","OH","the operator's own state, and the town is there","41.1623","-83.4139","town","zip-centroid","349","agricharts","https://mobile.legacyfarmers.com/cash/prices.php"
"Legacy Farmers Cooperative","OH","McComb","OH","the operator's own state, and the town is there","41.0977","-83.7848","town","zip-centroid","36169","agricharts","https://mobile.legacyfarmers.com/cash/prices.php"
"Legacy Farmers Cooperative","OH","Mt Blanchard","OH","the operator's own state, and the town is there","40.8929","-83.5553","town","zip-centroid","36167","agricharts","https://mobile.legacyfarmers.com/cash/prices.php"
"Legacy Farmers Cooperative","OH","Mt Cory","OH","the operator's own state, and the town is there","40.9437","-83.8093","town","zip-centroid","36114","agricharts","https://mobile.legacyfarmers.com/cash/prices.php"
"Legacy Farmers Cooperative","OH","North Findlay","OH","the operator's own state, and the town is there","41.07222","-83.59293","street","census","87486","agricharts","https://legacyfarmers.mobile.agricharts.com/cash/prices.php"
"Legacy Farmers Cooperative","OH","West Findlay","OH","the operator's own state, and the town is there","41.07222","-83.59293","street","census","23599","agricharts","https://mobile.legacyfarmers.com/cash/prices.php"
"Litchfield Farmers Grain","IL","RiverTerminal - Direct","","no town of that name in data/directory.json","","","","","62957","agricharts-cashgrid","https://www.lfdfarmers.com/markets/cashgrid.php"
"Mercer Landmark","OH","HTA","","no town of that name in data/directory.json","","","","","82433","agricharts-cashgrid","https://mercerlandmark.agricharts.com/markets/cashgrid.php"
"Minnesota Valley Grain","MN","Hanska","","no town of that name in data/directory.json","","","","","87800","agricharts-cashgrid","https://mnvalleygrain.agricharts.com/markets/cashgrid.php"
"NEW Cooperative, Inc.","IA","Cainsville","","REFUSED — the town is on file in MO, but the operator is in IA, and a same-named town elsewhere is not evidence","","","","","Cainsville","newcoop","https://www.newcoop.com/cash-bids"
"NEW Cooperative, Inc.","IA","Morton Mills","","no town of that name in data/directory.json","","","","","Morton Mills","newcoop","https://www.newcoop.com/cash-bids"
"NEW Cooperative, Inc.","IA","Mt. Ayr","","no town of that name in data/directory.json","","","","","Mt. Ayr","newcoop","https://www.newcoop.com/cash-bids"
"Nexus Cooperative","MN","GOLDEN GRAIN, IA","IA","the label names its own state (no town of that name on file there yet)","","","","","4GUIPVDK0S1T7N6RY23R","nexus","https://www.nexus.coop/cash-bids/"
"Niewohner Farms","NE","MIDWAY","NE","the operator's own state, and the town is there","","","","","26507","dtn-cs","https://api.dtn.com/markets/sites/e0281001/cash-bids?units=us"
"Ontario Commodity Report Site and","ON","Alliston Corn","","no town of that name in data/directory.json","","","","","4189","agricharts-cashgrid","https://fmn1.agricharts.com/markets/cashgrid.php"
"Ontario Commodity Report Site and","ON","Alliston Soybeans","","no town of that name in data/directory.json","","","","","4202","agricharts-cashgrid","https://fmn1.agricharts.com/markets/cashgrid.php"
"Ontario Commodity Report Site and","ON","Amberly Corn","","no town of that name in data/directory.json","","","","","3407","agricharts-cashgrid","https://fmn1.agricharts.com/markets/cashgrid.php"
"Ontario Commodity Report Site and","ON","Amberly Soybeans","","no town of that name in data/directory.json","","","","","3410","agricharts-cashgrid","https://fmn1.agricharts.com/markets/cashgrid.php"
"Ontario Commodity Report Site and","ON","Aylmer Corn","","no town of that name in data/directory.json","","","","","3422","agricharts-cashgrid","https://fmn1.agricharts.com/markets/cashgrid.php"
"Ontario Commodity Report Site and","ON","Aylmer Soybeans","","no town of that name in data/directory.json","","","","","3423","agricharts-cashgrid","https://fmn1.agricharts.com/markets/cashgrid.php"
"Ontario Commodity Report Site and","ON","Ayr Corn","","no town of that name in data/directory.json","","","","","3370","agricharts-cashgrid","https://fmn1.agricharts.com/markets/cashgrid.php"
"Ontario Commodity Report Site and","ON","Ayr Soybeans","","no town of that name in data/directory.json","","","","","3381","agricharts-cashgrid","https://fmn1.agricharts.com/markets/cashgrid.php"
"Ontario Commodity Report Site and","ON","Beeton","","no town of that name in data/directory.json","","","","","85369","agricharts-cashgrid","https://fmn1.agricharts.com/markets/cashgrid.php"
"Ontario Commodity Report Site and","ON","Beeton Corn","","no town of that name in data/directory.json","","","","","3388","agricharts-cashgrid","https://fmn1.agricharts.com/markets/cashgrid.php"
"Ontario Commodity Report Site and","ON","Beeton Soybeans","","no town of that name in data/directory.json","","","","","3397","agricharts-cashgrid","https://fmn1.agricharts.com/markets/cashgrid.php"
"Ontario Commodity Report Site and","ON","Belmore","","no town of that name in data/directory.json","","","","","79003","agricharts-cashgrid","https://fmn1.agricharts.com/markets/cashgrid.php"
"Ontario Commodity Report Site and","ON","Belmore Corn","","no town of that name in data/directory.json","","","","","79004","agricharts-cashgrid","https://fmn1.agricharts.com/markets/cashgrid.php"
"Ontario Commodity Report Site and","ON","Belmore Soybeans","","no town of that name in data/directory.json","","","","","79005","agricharts-cashgrid","https://fmn1.agricharts.com/markets/cashgrid.php"
"Ontario Commodity Report Site and","ON","Blenheim","","no town of that name in data/directory.json","","","","","2510","agricharts-cashgrid","https://fmn1.agricharts.com/markets/cashgrid.php"
"Ontario Commodity Report Site and","ON","Blenheim Corn","","no town of that name in data/directory.json","","","","","3564","agricharts-cashgrid","https://fmn1.agricharts.com/markets/cashgrid.php"
"Ontario Commodity Report Site and","ON","Blenheim Soybeans","","no town of that name in data/directory.json","","","","","3568","agricharts-cashgrid","https://fmn1.agricharts.com/markets/cashgrid.php"
"Ontario Commodity Report Site and","ON","Brantford","","no town of that name in data/directory.json","","","","","62202","agricharts-cashgrid","https://fmn1.agricharts.com/markets/cashgrid.php"
"Ontario Commodity Report Site and","ON","Brantford Corn","","no town of that name in data/directory.json","","","","","62203","agricharts-cashgrid","https://fmn1.agricharts.com/markets/cashgrid.php"
"Ontario Commodity Report Site and","ON","Brantford Soybeans","","no town of that name in data/directory.json","","","","","62204","agricharts-cashgrid","https://fmn1.agricharts.com/markets/cashgrid.php"
"Ontario Commodity Report Site and","ON","Brigden","","no town of that name in data/directory.json","","","","","49105","agricharts-cashgrid","https://fmn1.agricharts.com/markets/cashgrid.php"
"Ontario Commodity Report Site and","ON","Brigden Corn","","no town of that name in data/directory.json","","","","","49111","agricharts-cashgrid","https://fmn1.agricharts.com/markets/cashgrid.php"
"Ontario Commodity Report Site and","ON","Brigden Soybeans","","no town of that name in data/directory.json","","","","","62205","agricharts-cashgrid","https://fmn1.agricharts.com/markets/cashgrid.php"
"Ontario Commodity Report Site and","ON","Brinston","","no town of that name in data/directory.json","","","","","79461","agricharts-cashgrid","https://fmn1.agricharts.com/markets/cashgrid.php"
"Ontario Commodity Report Site and","ON","Brinston Corn","","no town of that name in data/directory.json","","","","","3614","agricharts-cashgrid","https://fmn1.agricharts.com/markets/cashgrid.php"
"Ontario Commodity Report Site and","ON","Brinston Soybeans","","no town of that name in data/directory.json","","","","","3615","agricharts-cashgrid","https://fmn1.agricharts.com/markets/cashgrid.php"
"Ontario Commodity Report Site and","ON","Burford Corn","","no town of that name in data/directory.json","","","","","3424","agricharts-cashgrid","https://fmn1.agricharts.com/markets/cashgrid.php"
"Ontario Commodity Report Site and","ON","Burford Soybeans","","no town of that name in data/directory.json","","","","","3425","agricharts-cashgrid","https://fmn1.agricharts.com/markets/cashgrid.php"
"Ontario Commodity Report Site and","ON","Cargill ON","","no town of that name in data/directory.json","","","","","24237","agricharts-cashgrid","https://fmn1.agricharts.com/markets/cashgrid.php"
"Ontario Commodity Report Site and","ON","Cargill ON Corn","","no town of that name in data/directory.json","","","","","3413","agricharts-cashgrid","https://fmn1.agricharts.com/markets/cashgrid.php"
"Ontario Commodity Report Site and","ON","Cargill ON Soybeans","","no town of that name in data/directory.json","","","","","3415","agricharts-cashgrid","https://fmn1.agricharts.com/markets/cashgrid.php"
"Ontario Commodity Report Site and","ON","Chatham-Kent Avg Corn","","no town of that name in data/directory.json","","","","","1948","agricharts-cashgrid","https://fmn1.agricharts.com/markets/cashgrid.php"
"Ontario Commodity Report Site and","ON","Chatham-Kent Avg Soybeans","","no town of that name in data/directory.json","","","","","1975","agricharts-cashgrid","https://fmn1.agricharts.com/markets/cashgrid.php"
"Ontario Commodity Report Site and","ON","Chatham/Oungah","","no town of that name in data/directory.json","","","","","60979","agricharts-cashgrid","https://fmn1.agricharts.com/markets/cashgrid.php"
"Ontario Commodity Report Site and","ON","Chatham/Oungah Corn","","no town of that name in data/directory.json","","","","","60980","agricharts-cashgrid","https://fmn1.agricharts.com/markets/cashgrid.php"
"Ontario Commodity Report Site and","ON","Chatham/Oungah Soybeans","","no town of that name in data/directory.json","","","","","60981","agricharts-cashgrid","https://fmn1.agricharts.com/markets/cashgrid.php"
"Ontario Commodity Report Site and","ON","Chesterville Corn","","no town of that name in data/directory.json","","","","","3371","agricharts-cashgrid","https://fmn1.agricharts.com/markets/cashgrid.php"
"Ontario Commodity Report Site and","ON","Chesterville Soybeans","","no town of that name in data/directory.json","","","","","3382","agricharts-cashgrid","https://fmn1.agricharts.com/markets/cashgrid.php"
"Ontario Commodity Report Site and","ON","Collingwood Corn","","no town of that name in data/directory.json","","","","","3389","agricharts-cashgrid","https://fmn1.agricharts.com/markets/cashgrid.php"
"Ontario Commodity Report Site and","ON","Collingwood Soybeans","","no town of that name in data/directory.json","","","","","3398","agricharts-cashgrid","https://fmn1.agricharts.com/markets/cashgrid.php"
"Ontario Commodity Report Site and","ON","Dalkeith","","no town of that name in data/directory.json","","","","","85517","agricharts-cashgrid","https://fmn1.agricharts.com/markets/cashgrid.php"
"Ontario Commodity Report Site and","ON","Dalkeith Corn","","no town of that name in data/directory.json","","","","","85515","agricharts-cashgrid","https://fmn1.agricharts.com/markets/cashgrid.php"
"Ontario Commodity Report Site and","ON","Dalkeith Soybeans","","no town of that name in data/directory.json","","","","","85516","agricharts-cashgrid","https://fmn1.agricharts.com/markets/cashgrid.php"
"Ontario Commodity Report Site and","ON","Delhi","","REFUSED — the town is on file in LA/MN, but the operator is in ON, and a same-named town elsewhere is not evidence","","","","","49086","agricharts-cashgrid","https://fmn1.agricharts.com/markets/cashgrid.php"
"Ontario Commodity Report Site and","ON","Delhi Corn","","no town of that name in data/directory.json","","","","","49070","agricharts-cashgrid","https://fmn1.agricharts.com/markets/cashgrid.php"
"Ontario Commodity Report Site and","ON","Delhi Soybeans","","no town of that name in data/directory.json","","","","","49094","agricharts-cashgrid","https://fmn1.agricharts.com/markets/cashgrid.php"
"Ontario Commodity Report Site and","ON","Dresden","","REFUSED — the town is on file in KS, but the operator is in ON, and a same-named town elsewhere is not evidence","","","","","60917","agricharts-cashgrid","https://fmn1.agricharts.com/markets/cashgrid.php"
"Ontario Commodity Report Site and","ON","Dresden Corn","","no town of that name in data/directory.json","","","","","60919","agricharts-cashgrid","https://fmn1.agricharts.com/markets/cashgrid.php"
"Ontario Commodity Report Site and","ON","Dresden Soybeans","","no town of that name in data/directory.json","","","","","60918","agricharts-cashgrid","https://fmn1.agricharts.com/markets/cashgrid.php"
"Ontario Commodity Report Site and","ON","Essex Cty","","no town of that name in data/directory.json","","","","","23169","agricharts-cashgrid","https://fmn1.agricharts.com/markets/cashgrid.php"
"Ontario Commodity Report Site and","ON","Essex Cty Corn","","no town of that name in data/directory.json","","","","","2719","agricharts-cashgrid","https://fmn1.agricharts.com/markets/cashgrid.php"
"Ontario Commodity Report Site and","ON","Essex Cty Soybeans","","no town of that name in data/directory.json","","","","","2720","agricharts-cashgrid","https://fmn1.agricharts.com/markets/cashgrid.php"
"Ontario Commodity Report Site and","ON","Exeter","","REFUSED — the town is on file in MO/NE, but the operator is in ON, and a same-named town elsewhere is not evidence","","","","","84972","agricharts-cashgrid","https://fmn1.agricharts.com/markets/cashgrid.php"
"Ontario Commodity Report Site and","ON","Exeter Corn","","no town of that name in data/directory.json","","","","","62206","agricharts-cashgrid","https://fmn1.agricharts.com/markets/cashgrid.php"
"Ontario Commodity Report Site and","ON","Exeter Soybeans","","no town of that name in data/directory.json","","","","","62207","agricharts-cashgrid","https://fmn1.agricharts.com/markets/cashgrid.php"
"Ontario Commodity Report Site and","ON","Forest","","no town of that name in data/directory.json","","","","","62195","agricharts-cashgrid","https://fmn1.agricharts.com/markets/cashgrid.php"
"Ontario Commodity Report Site and","ON","Forest Corn","","no town of that name in data/directory.json","","","","","62196","agricharts-cashgrid","https://fmn1.agricharts.com/markets/cashgrid.php"
"Ontario Commodity Report Site and","ON","Forest Soybeans","","no town of that name in data/directory.json","","","","","62197","agricharts-cashgrid","https://fmn1.agricharts.com/markets/cashgrid.php"
"Ontario Commodity Report Site and","ON","Glencoe","","no town of that name in data/directory.json","","","","","49087","agricharts-cashgrid","https://fmn1.agricharts.com/markets/cashgrid.php"
"Ontario Commodity Report Site and","ON","Grafton Corn","","no town of that name in data/directory.json","","","","","55020","agricharts-cashgrid","https://fmn1.agricharts.com/markets/cashgrid.php"
"Ontario Commodity Report Site and","ON","Grafton Soybeans","","no town of that name in data/directory.json","","","","","55021","agricharts-cashgrid","https://fmn1.agricharts.com/markets/cashgrid.php"
"Ontario Commodity Report Site and","ON","Grand Valley Corn","","no town of that name in data/directory.json","","","","","3390","agricharts-cashgrid","https://fmn1.agricharts.com/markets/cashgrid.php"
"Ontario Commodity Report Site and","ON","Grand Valley Soybeans","","no town of that name in data/directory.json","","","","","3399","agricharts-cashgrid","https://fmn1.agricharts.com/markets/cashgrid.php"
"Ontario Commodity Report Site and","ON","Guelph Corn","","no town of that name in data/directory.json","","","","","3372","agricharts-cashgrid","https://fmn1.agricharts.com/markets/cashgrid.php"
"Ontario Commodity Report Site and","ON","Guelph Soybeans","","no town of that name in data/directory.json","","","","","3383","agricharts-cashgrid","https://fmn1.agricharts.com/markets/cashgrid.php"
"Ontario Commodity Report Site and","ON","Hagersville Corn","","no town of that name in data/directory.json","","","","","62200","agricharts-cashgrid","https://fmn1.agricharts.com/markets/cashgrid.php"
"Ontario Commodity Report Site and","ON","Hagersville Soybeans","","no town of that name in data/directory.json","","","","","62201","agricharts-cashgrid","https://fmn1.agricharts.com/markets/cashgrid.php"
"Ontario Commodity Report Site and","ON","Haggerty Corn","","no town of that name in data/directory.json","","","","","4192","agricharts-cashgrid","https://fmn1.agricharts.com/markets/cashgrid.php"
"Ontario Commodity Report Site and","ON","Haggerty Soybeans","","no town of that name in data/directory.json","","","","","4205","agricharts-cashgrid","https://fmn1.agricharts.com/markets/cashgrid.php"
"Ontario Commodity Report Site and","ON","Hamilton Transfer Transfer Soybeans","","no town of that name in data/directory.json","","","","","49096","agricharts-cashgrid","https://fmn1.agricharts.com/markets/cashgrid.php"
"Ontario Commodity Report Site and","ON","Hensall HDC","","no town of that name in data/directory.json","","","","","49080","agricharts-cashgrid","https://fmn1.agricharts.com/markets/cashgrid.php"
"Ontario Commodity Report Site and","ON","Hensall HDC Barley","","no town of that name in data/directory.json","","","","","47077","agricharts-cashgrid","https://fmn1.agricharts.com/markets/cashgrid.php"
"Ontario Commodity Report Site and","ON","Hensall HDC Corn","","no town of that name in data/directory.json","","","","","49053","agricharts-cashgrid","https://fmn1.agricharts.com/markets/cashgrid.php"
"Ontario Commodity Report Site and","ON","Hensall HDC Oats","","no town of that name in data/directory.json","","","","","47078","agricharts-cashgrid","https://fmn1.agricharts.com/markets/cashgrid.php"
"Ontario Commodity Report Site and","ON","Hensall HDC Soybeans","","no town of that name in data/directory.json","","","","","49097","agricharts-cashgrid","https://fmn1.agricharts.com/markets/cashgrid.php"
"Ontario Commodity Report Site and","ON","Hensall Thompson","","no town of that name in data/directory.json","","","","","49109","agricharts-cashgrid","https://fmn1.agricharts.com/markets/cashgrid.php"
"Ontario Commodity Report Site and","ON","Hensall Thompson Corn","","no town of that name in data/directory.json","","","","","49072","agricharts-cashgrid","https://fmn1.agricharts.com/markets/cashgrid.php"
"Ontario Commodity Report Site and","ON","Hensall Thompson Soybeans","","no town of that name in data/directory.json","","","","","49098","agricharts-cashgrid","https://fmn1.agricharts.com/markets/cashgrid.php"
"Ontario Commodity Report Site and","ON","Highgate","","no town of that name in data/directory.json","","","","","24091","agricharts-cashgrid","https://fmn1.agricharts.com/markets/cashgrid.php"
"Ontario Commodity Report Site and","ON","Huron FOB Corn","","no town of that name in data/directory.json","","","","","2312","agricharts-cashgrid","https://fmn1.agricharts.com/markets/cashgrid.php"
"Ontario Commodity Report Site and","ON","Huron FOB Soybeans","","no town of that name in data/directory.json","","","","","2320","agricharts-cashgrid","https://fmn1.agricharts.com/markets/cashgrid.php"
"Ontario Commodity Report Site and","ON","Ingredion Cardinal Corn","","no town of that name in data/directory.json","","","","","4193","agricharts-cashgrid","https://fmn1.agricharts.com/markets/cashgrid.php"
"Ontario Commodity Report Site and","ON","Johnstown Ethanol Corn","","no town of that name in data/directory.json","","","","","7568","agricharts-cashgrid","https://fmn1.agricharts.com/markets/cashgrid.php"
"Ontario Commodity Report Site and","ON","Kars Corn","","no town of that name in data/directory.json","","","","","62198","agricharts-cashgrid","https://fmn1.agricharts.com/markets/cashgrid.php"
"Ontario Commodity Report Site and","ON","Kars Soybeans","","no town of that name in data/directory.json","","","","","62199","agricharts-cashgrid","https://fmn1.agricharts.com/markets/cashgrid.php"
"Ontario Commodity Report Site and","ON","Kent Bridge","","no town of that name in data/directory.json","","","","","2513","agricharts-cashgrid","https://fmn1.agricharts.com/markets/cashgrid.php"
"Ontario Commodity Report Site and","ON","Kent Bridge Corn","","no town of that name in data/directory.json","","","","","4214","agricharts-cashgrid","https://fmn1.agricharts.com/markets/cashgrid.php"
"Ontario Commodity Report Site and","ON","Kent Bridge Soybeans","","no town of that name in data/directory.json","","","","","4216","agricharts-cashgrid","https://fmn1.agricharts.com/markets/cashgrid.php"
"Ontario Commodity Report Site and","ON","Kent FOB Corn","","no town of that name in data/directory.json","","","","","2313","agricharts-cashgrid","https://fmn1.agricharts.com/markets/cashgrid.php"
"Ontario Commodity Report Site and","ON","Kent FOB Soybeans","","no town of that name in data/directory.json","","","","","2321","agricharts-cashgrid","https://fmn1.agricharts.com/markets/cashgrid.php"
"Ontario Commodity Report Site and","ON","Lamb FOB Corn","","no town of that name in data/directory.json","","","","","2314","agricharts-cashgrid","https://fmn1.agricharts.com/markets/cashgrid.php"
"Ontario Commodity Report Site and","ON","Lamb FOB Soybeans","","no town of that name in data/directory.json","","","","","2322","agricharts-cashgrid","https://fmn1.agricharts.com/markets/cashgrid.php"
"Ontario Commodity Report Site and","ON","Lansdowne","","no town of that name in data/directory.json","","","","","85845","agricharts-cashgrid","https://fmn1.agricharts.com/markets/cashgrid.php"
"Ontario Commodity Report Site and","ON","Lansdowne Corn","","no town of that name in data/directory.json","","","","","85846","agricharts-cashgrid","https://fmn1.agricharts.com/markets/cashgrid.php"
"Ontario Commodity Report Site and","ON","Lansdowne Soybeans","","no town of that name in data/directory.json","","","","","85847","agricharts-cashgrid","https://fmn1.agricharts.com/markets/cashgrid.php"
"Ontario Commodity Report Site and","ON","Lindsay Corn","","no town of that name in data/directory.json","","","","","9016","agricharts-cashgrid","https://fmn1.agricharts.com/markets/cashgrid.php"
"Ontario Commodity Report Site and","ON","Lindsay Soybeans","","no town of that name in data/directory.json","","","","","9022","agricharts-cashgrid","https://fmn1.agricharts.com/markets/cashgrid.php"
"Ontario Commodity Report Site and","ON","Listowel","","no town of that name in data/directory.json","","","","","77613","agricharts-cashgrid","https://fmn1.agricharts.com/markets/cashgrid.php"
"Ontario Commodity Report Site and","ON","Listowel Corn","","no town of that name in data/directory.json","","","","","79011","agricharts-cashgrid","https://fmn1.agricharts.com/markets/cashgrid.php"
"Ontario Commodity Report Site and","ON","Listowel Soybeans","","no town of that name in data/directory.json","","","","","77612","agricharts-cashgrid","https://fmn1.agricharts.com/markets/cashgrid.php"
"Ontario Commodity Report Site and","ON","Lucknow","","no town of that name in data/directory.json","","","","","49081","agricharts-cashgrid","https://fmn1.agricharts.com/markets/cashgrid.php"
"Ontario Commodity Report Site and","ON","Lucknow Corn","","no town of that name in data/directory.json","","","","","49073","agricharts-cashgrid","https://fmn1.agricharts.com/markets/cashgrid.php"
"Ontario Commodity Report Site and","ON","Lucknow Soybeans","","no town of that name in data/directory.json","","","","","49099","agricharts-cashgrid","https://fmn1.agricharts.com/markets/cashgrid.php"
"Ontario Commodity Report Site and","ON","Mdsx FOB Soybeans","","no town of that name in data/directory.json","","","","","2323","agricharts-cashgrid","https://fmn1.agricharts.com/markets/cashgrid.php"
"Ontario Commodity Report Site and","ON","Milverton Corn","","no town of that name in data/directory.json","","","","","4198","agricharts-cashgrid","https://fmn1.agricharts.com/markets/cashgrid.php"
"Ontario Commodity Report Site and","ON","Milverton Soybeans","","no town of that name in data/directory.json","","","","","4208","agricharts-cashgrid","https://fmn1.agricharts.com/markets/cashgrid.php"
"Ontario Commodity Report Site and","ON","Mitchell GLG","","no town of that name in data/directory.json","","","","","85541","agricharts-cashgrid","https://fmn1.agricharts.com/markets/cashgrid.php"
"Ontario Commodity Report Site and","ON","Mitchell GLG Corn","","no town of that name in data/directory.json","","","","","50933","agricharts-cashgrid","https://fmn1.agricharts.com/markets/cashgrid.php"
"Ontario Commodity Report Site and","ON","Mitchell GLG Soybeans","","no town of that name in data/directory.json","","","","","50936","agricharts-cashgrid","https://fmn1.agricharts.com/markets/cashgrid.php"
"Ontario Commodity Report Site and","ON","Mitchell Thompsons","","no town of that name in data/directory.json","","","","","50935","agricharts-cashgrid","https://fmn1.agricharts.com/markets/cashgrid.php"
"Ontario Commodity Report Site and","ON","Mitchell Thompsons Corn","","no town of that name in data/directory.json","","","","","50934","agricharts-cashgrid","https://fmn1.agricharts.com/markets/cashgrid.php"
"Ontario Commodity Report Site and","ON","Mitchell Thompsons Soybeans","","no town of that name in data/directory.json","","","","","50937","agricharts-cashgrid","https://fmn1.agricharts.com/markets/cashgrid.php"
"Ontario Commodity Report Site and","ON","Monkton","","no town of that name in data/directory.json","","","","","77735","agricharts-cashgrid","https://fmn1.agricharts.com/markets/cashgrid.php"
"Ontario Commodity Report Site and","ON","Monkton Corn","","no town of that name in data/directory.json","","","","","4411","agricharts-cashgrid","https://fmn1.agricharts.com/markets/cashgrid.php"
"Ontario Commodity Report Site and","ON","North Gower","","no town of that name in data/directory.json","","","","","2641","agricharts-cashgrid","https://fmn1.agricharts.com/markets/cashgrid.php"
"Ontario Commodity Report Site and","ON","North Gower Corn","","no town of that name in data/directory.json","","","","","2640","agricharts-cashgrid","https://fmn1.agricharts.com/markets/cashgrid.php"
"Ontario Commodity Report Site and","ON","North Gower Soybeans","","no town of that name in data/directory.json","","","","","2642","agricharts-cashgrid","https://fmn1.agricharts.com/markets/cashgrid.php"
"Ontario Commodity Report Site and","ON","Norwich Corn","","no town of that name in data/directory.json","","","","","4215","agricharts-cashgrid","https://fmn1.agricharts.com/markets/cashgrid.php"
"Ontario Commodity Report Site and","ON","Norwich Soybeans","","no town of that name in data/directory.json","","","","","4217","agricharts-cashgrid","https://fmn1.agricharts.com/markets/cashgrid.php"
"Ontario Commodity Report Site and","ON","Oakwood-Sunderland Co-op","","no town of that name in data/directory.json","","","","","87803","agricharts-cashgrid","https://fmn1.agricharts.com/markets/cashgrid.php"
"Ontario Commodity Report Site and","ON","Oakwood-Sunderland Co-op Corn","","no town of that name in data/directory.json","","","","","9018","agricharts-cashgrid","https://fmn1.agricharts.com/markets/cashgrid.php"
"Ontario Commodity Report Site and","ON","Oakwood-Sunderland Co-op Soybeans","","no town of that name in data/directory.json","","","","","9024","agricharts-cashgrid","https://fmn1.agricharts.com/markets/cashgrid.php"
"Ontario Commodity Report Site and","ON","Palmerston","","no town of that name in data/directory.json","","","","","746","agricharts-cashgrid","https://fmn1.agricharts.com/markets/cashgrid.php"
"Ontario Commodity Report Site and","ON","Palmerston Corn","","no town of that name in data/directory.json","","","","","3107","agricharts-cashgrid","https://fmn1.agricharts.com/markets/cashgrid.php"
"Ontario Commodity Report Site and","ON","Palmerston Soybeans","","no town of that name in data/directory.json","","","","","3108","agricharts-cashgrid","https://fmn1.agricharts.com/markets/cashgrid.php"
"Ontario Commodity Report Site and","ON","Park Hill Soybeans","","no town of that name in data/directory.json","","","","","3402","agricharts-cashgrid","https://fmn1.agricharts.com/markets/cashgrid.php"
"Ontario Commodity Report Site and","ON","Pontypool","","no town of that name in data/directory.json","","","","","6316","agricharts-cashgrid","https://fmn1.agricharts.com/markets/cashgrid.php"
"Ontario Commodity Report Site and","ON","Pontypool Corn","","no town of that name in data/directory.json","","","","","4199","agricharts-cashgrid","https://fmn1.agricharts.com/markets/cashgrid.php"
"Ontario Commodity Report Site and","ON","Pontypool Soybeans","","no town of that name in data/directory.json","","","","","4209","agricharts-cashgrid","https://fmn1.agricharts.com/markets/cashgrid.php"
"Ontario Commodity Report Site and","ON","Port Albert Corn","","no town of that name in data/directory.json","","","","","3565","agricharts-cashgrid","https://fmn1.agricharts.com/markets/cashgrid.php"
"Ontario Commodity Report Site and","ON","Port Albert Soybeans","","no town of that name in data/directory.json","","","","","3569","agricharts-cashgrid","https://fmn1.agricharts.com/markets/cashgrid.php"
"Ontario Commodity Report Site and","ON","Port Colborne","","no town of that name in data/directory.json","","","","","61000","agricharts-cashgrid","https://fmn1.agricharts.com/markets/cashgrid.php"
"Ontario Commodity Report Site and","ON","Port Colborne Transfer Corn","","no town of that name in data/directory.json","","","","","61006","agricharts-cashgrid","https://fmn1.agricharts.com/markets/cashgrid.php"
"Ontario Commodity Report Site and","ON","Port Colborne Transfer Soybeans","","no town of that name in data/directory.json","","","","","61004","agricharts-cashgrid","https://fmn1.agricharts.com/markets/cashgrid.php"
"Ontario Commodity Report Site and","ON","Port Perry Corn","","no town of that name in data/directory.json","","","","","8997","agricharts-cashgrid","https://fmn1.agricharts.com/markets/cashgrid.php"
"Ontario Commodity Report Site and","ON","Port Perry Soybeans","","no town of that name in data/directory.json","","","","","8998","agricharts-cashgrid","https://fmn1.agricharts.com/markets/cashgrid.php"
"Ontario Commodity Report Site and","ON","Prescott Transfer Corn","","no town of that name in data/directory.json","","","","","64539","agricharts-cashgrid","https://fmn1.agricharts.com/markets/cashgrid.php"
"Ontario Commodity Report Site and","ON","Prescott Transfer Soybeans","","no town of that name in data/directory.json","","","","","27183","agricharts-cashgrid","https://fmn1.agricharts.com/markets/cashgrid.php"
"Ontario Commodity Report Site and","ON","Putnam","","REFUSED — the town is on file in IL/OK, but the operator is in ON, and a same-named town elsewhere is not evidence","","","","","24238","agricharts-cashgrid","https://fmn1.agricharts.com/markets/cashgrid.php"
"Ontario Commodity Report Site and","ON","Putnam Corn","","no town of that name in data/directory.json","","","","","1958","agricharts-cashgrid","https://fmn1.agricharts.com/markets/cashgrid.php"
"Ontario Commodity Report Site and","ON","Putnam Soybeans","","no town of that name in data/directory.json","","","","","1986","agricharts-cashgrid","https://fmn1.agricharts.com/markets/cashgrid.php"
"Ontario Commodity Report Site and","ON","Quebec FOB Corn","","no town of that name in data/directory.json","","","","","8581","agricharts-cashgrid","https://fmn1.agricharts.com/markets/cashgrid.php"
"Ontario Commodity Report Site and","ON","Rochester Corn","","no town of that name in data/directory.json","","","","","4425","agricharts-cashgrid","https://fmn1.agricharts.com/markets/cashgrid.php"
"Ontario Commodity Report Site and","ON","Rochester Soybeans","","no town of that name in data/directory.json","","","","","4433","agricharts-cashgrid","https://fmn1.agricharts.com/markets/cashgrid.php"
"Ontario Commodity Report Site and","ON","Seaforth","","no town of that name in data/directory.json","","","","","24239","agricharts-cashgrid","https://fmn1.agricharts.com/markets/cashgrid.php"
"Ontario Commodity Report Site and","ON","Seaforth Corn","","no town of that name in data/directory.json","","","","","3566","agricharts-cashgrid","https://fmn1.agricharts.com/markets/cashgrid.php"
"Ontario Commodity Report Site and","ON","Seaforth Soybeans","","no town of that name in data/directory.json","","","","","3570","agricharts-cashgrid","https://fmn1.agricharts.com/markets/cashgrid.php"
"Ontario Commodity Report Site and","ON","Straffordville Corn","","no town of that name in data/directory.json","","","","","4201","agricharts-cashgrid","https://fmn1.agricharts.com/markets/cashgrid.php"
"Ontario Commodity Report Site and","ON","Straffordville Soybeans","","no town of that name in data/directory.json","","","","","4211","agricharts-cashgrid","https://fmn1.agricharts.com/markets/cashgrid.php"
"Ontario Commodity Report Site and","ON","Sunderland","","no town of that name in data/directory.json","","","","","87804","agricharts-cashgrid","https://fmn1.agricharts.com/markets/cashgrid.php"
"Ontario Commodity Report Site and","ON","Sunderland Barley","","no town of that name in data/directory.json","","","","","28575","agricharts-cashgrid","https://fmn1.agricharts.com/markets/cashgrid.php"
"Ontario Commodity Report Site and","ON","Sunderland Corn","","no town of that name in data/directory.json","","","","","3375","agricharts-cashgrid","https://fmn1.agricharts.com/markets/cashgrid.php"
"Ontario Commodity Report Site and","ON","Sunderland Oats","","no town of that name in data/directory.json","","","","","28577","agricharts-cashgrid","https://fmn1.agricharts.com/markets/cashgrid.php"
"Ontario Commodity Report Site and","ON","Sunderland Soybeans","","no town of that name in data/directory.json","","","","","3386","agricharts-cashgrid","https://fmn1.agricharts.com/markets/cashgrid.php"
"Ontario Commodity Report Site and","ON","Tavistock Corn","","no town of that name in data/directory.json","","","","","3409","agricharts-cashgrid","https://fmn1.agricharts.com/markets/cashgrid.php"
"Ontario Commodity Report Site and","ON","Tavistock Soybeans","","no town of that name in data/directory.json","","","","","3412","agricharts-cashgrid","https://fmn1.agricharts.com/markets/cashgrid.php"
"Ontario Commodity Report Site and","ON","Thamesville Soybeans","","no town of that name in data/directory.json","","","","","62215","agricharts-cashgrid","https://fmn1.agricharts.com/markets/cashgrid.php"
"Ontario Commodity Report Site and","ON","Thornton","","REFUSED — the town is on file in IA/WA, but the operator is in ON, and a same-named town elsewhere is not evidence","","","","","731","agricharts-cashgrid","https://fmn1.agricharts.com/markets/cashgrid.php"
"Ontario Commodity Report Site and","ON","Thornton Corn","","no town of that name in data/directory.json","","","","","1961","agricharts-cashgrid","https://fmn1.agricharts.com/markets/cashgrid.php"
"Ontario Commodity Report Site and","ON","Thornton Soybeans","","no town of that name in data/directory.json","","","","","1988","agricharts-cashgrid","https://fmn1.agricharts.com/markets/cashgrid.php"
"Ontario Commodity Report Site and","ON","Toledo Elevator","","REFUSED — the town is on file in IA/OH, but the operator is in ON, and a same-named town elsewhere is not evidence","","","","","49110","agricharts-cashgrid","https://fmn1.agricharts.com/markets/cashgrid.php"
"Ontario Commodity Report Site and","ON","Toledo Elevator Corn","","no town of that name in data/directory.json","","","","","49078","agricharts-cashgrid","https://fmn1.agricharts.com/markets/cashgrid.php"
"Ontario Commodity Report Site and","ON","Toledo Elevator Soybeans","","no town of that name in data/directory.json","","","","","49104","agricharts-cashgrid","https://fmn1.agricharts.com/markets/cashgrid.php"
"Ontario Commodity Report Site and","ON","Trenton","","REFUSED — the town is on file in IA/IL/MO/NE, but the operator is in ON, and a same-named town elsewhere is not evidence","","","","","734","agricharts-cashgrid","https://fmn1.agricharts.com/markets/cashgrid.php"
"Ontario Commodity Report Site and","ON","Trenton Corn","","no town of that name in data/directory.json","","","","","1964","agricharts-cashgrid","https://fmn1.agricharts.com/markets/cashgrid.php"
"Ontario Commodity Report Site and","ON","Trenton Soybeans","","no town of that name in data/directory.json","","","","","1991","agricharts-cashgrid","https://fmn1.agricharts.com/markets/cashgrid.php"
"Ontario Commodity Report Site and","ON","Tupperville","","no town of that name in data/directory.json","","","","","24094","agricharts-cashgrid","https://fmn1.agricharts.com/markets/cashgrid.php"
"Ontario Commodity Report Site and","ON","Tupperville Corn","","no town of that name in data/directory.json","","","","","4436","agricharts-cashgrid","https://fmn1.agricharts.com/markets/cashgrid.php"
"Ontario Commodity Report Site and","ON","Tupperville Soybeans","","no town of that name in data/directory.json","","","","","4437","agricharts-cashgrid","https://fmn1.agricharts.com/markets/cashgrid.php"
"Ontario Commodity Report Site and","ON","US Rep Corn","","no town of that name in data/directory.json","","","","","2317","agricharts-cashgrid","https://fmn1.agricharts.com/markets/cashgrid.php"
"Ontario Commodity Report Site and","ON","Vankleek Hill Corn","","no town of that name in data/directory.json","","","","","73813","agricharts-cashgrid","https://fmn1.agricharts.com/markets/cashgrid.php"
"Ontario Commodity Report Site and","ON","Vankleek Hill Soybeans","","no town of that name in data/directory.json","","","","","73814","agricharts-cashgrid","https://fmn1.agricharts.com/markets/cashgrid.php"
"Ontario Commodity Report Site and","ON","Varna","","REFUSED — the town is on file in IL, but the operator is in ON, and a same-named town elsewhere is not evidence","","","","","3182","agricharts-cashgrid","https://fmn1.agricharts.com/markets/cashgrid.php"
"Ontario Commodity Report Site and","ON","Varna Corn","","no town of that name in data/directory.json","","","","","3181","agricharts-cashgrid","https://fmn1.agricharts.com/markets/cashgrid.php"
"Ontario Commodity Report Site and","ON","Varna Soybeans","","no town of that name in data/directory.json","","","","","3183","agricharts-cashgrid","https://fmn1.agricharts.com/markets/cashgrid.php"
"Ontario Commodity Report Site and","ON","W O Feed Corn","","no town of that name in data/directory.json","","","","","2319","agricharts-cashgrid","https://fmn1.agricharts.com/markets/cashgrid.php"
"Ontario Commodity Report Site and","ON","Wheatley Soybeans","","no town of that name in data/directory.json","","","","","4438","agricharts-cashgrid","https://fmn1.agricharts.com/markets/cashgrid.php"
"Ontario Commodity Report Site and","ON","Winchester Corn","","no town of that name in data/directory.json","","","","","1965","agricharts-cashgrid","https://fmn1.agricharts.com/markets/cashgrid.php"
"Ontario Commodity Report Site and","ON","Winchester Soybeans","","no town of that name in data/directory.json","","","","","1992","agricharts-cashgrid","https://fmn1.agricharts.com/markets/cashgrid.php"
"Ontario Commodity Report Site and","ON","Windsor","","REFUSED — the town is on file in IL/MO/VA, but the operator is in ON, and a same-named town elsewhere is not evidence","","","","","82900","agricharts-cashgrid","https://fmn1.agricharts.com/markets/cashgrid.php"
"Ontario Commodity Report Site and","ON","Windsor Corn","","no town of that name in data/directory.json","","","","","83092","agricharts-cashgrid","https://fmn1.agricharts.com/markets/cashgrid.php"
"Ontario Commodity Report Site and","ON","Windsor Crusher Soybeans","","no town of that name in data/directory.json","","","","","1994","agricharts-cashgrid","https://fmn1.agricharts.com/markets/cashgrid.php"
"Ontario Commodity Report Site and","ON","Woodstock Corn","","no town of that name in data/directory.json","","","","","3394","agricharts-cashgrid","https://fmn1.agricharts.com/markets/cashgrid.php"
"Ontario Commodity Report Site and","ON","Woodstock Soybeans","","no town of that name in data/directory.json","","","","","3403","agricharts-cashgrid","https://fmn1.agricharts.com/markets/cashgrid.php"
"Ontario Commodity Report Site and","ON","Wyoming","","REFUSED — the town is on file in IL, but the operator is in ON, and a same-named town elsewhere is not evidence","","","","","85368","agricharts-cashgrid","https://fmn1.agricharts.com/markets/cashgrid.php"
"Ontario Commodity Report Site and","ON","Wyoming Corn","","no town of that name in data/directory.json","","","","","3414","agricharts-cashgrid","https://fmn1.agricharts.com/markets/cashgrid.php"
"Ontario Commodity Report Site and","ON","Wyoming Soybeans","","no town of that name in data/directory.json","","","","","3416","agricharts-cashgrid","https://fmn1.agricharts.com/markets/cashgrid.php"
"Pilgrims Gold N' Plump","WI","Sauk Rapids","","no town of that name in data/directory.json","","","","","76807","agricharts-cashgrid","https://www.gnpcograin.com/markets/cashgrid.php"
"Premier Cooperative - IL","IL","Direct Ship","","REFUSED — the town is on file in MI, but the operator is in IL, and a same-named town elsewhere is not evidence","","","","","85866","agricharts-cashgrid","https://premiercooperative1.agricharts.com/markets/cashgrid.php"
"Riceland Foods","AR","New Madrid","","REFUSED — the town is on file in MO, but the operator is in AR, and a same-named town elsewhere is not evidence","","","","","9ad01feb-ae8e-47a1-b1b7-e9a061155be8","bushel","https://futures.bushelops.com/api/v1/cash-bids"
"Riceland Foods","AR","Poplar Bluff","","REFUSED — the town is on file in MO, but the operator is in AR, and a same-named town elsewhere is not evidence","","","","","bedd3239-5bab-4859-bc20-46995916727a","bushel","https://futures.bushelops.com/api/v1/cash-bids"
"Riceland Foods","AR","Waldenburg","AR","the operator's own state, and the town is there","35.5631","-90.9207","town","zip-centroid","b778db02-62c0-4058-b3dd-e1f1f7e1484c","bushel","https://futures.bushelops.com/api/v1/cash-bids"
"River Valley Cooperative","IA","ADM - Burlington","","no town of that name in data/directory.json","","","","","4FWIS4V9JQVT6BRUV33Y","stonehedge","https://stonehedge.stonex.com/component/bids"
"River Valley Cooperative","IA","ADM - Cedar Rapids","IA","the operator's own state, and the town is there","","","","","WA59AKGCGX4COB95OARF","stonehedge","https://stonehedge.stonex.com/component/bids"
"River Valley Cooperative","IA","ADM - Clinton","IA","the operator's own state, and the town is there","41.81787","-90.21352","street","barchart","GA0K2CENZ082A09DMX8B","stonehedge","https://stonehedge.stonex.com/component/bids"
"River Valley Cooperative","IA","ADM - Clinton Grain","","no town of that name in data/directory.json","","","","","AJ3ZPQ39AN5WKFQMC4IH","stonehedge","https://stonehedge.stonex.com/component/bids"
"River Valley Cooperative","IA","ADM - IL River","","no town of that name in data/directory.json","","","","","KORVDHXE9JDAZ870WEKQ","stonehedge","https://stonehedge.stonex.com/component/bids"
"River Valley Cooperative","IA","ADM- Creve Coeur","","no town of that name in data/directory.json","","","","","LAH6X5HDBB0QP0383S0J","stonehedge","https://stonehedge.stonex.com/component/bids"
"River Valley Cooperative","IA","ALTO ICP","","no town of that name in data/directory.json","","","","","8LTXI0D2XCN67392JB9J","stonehedge","https://stonehedge.stonex.com/component/bids"
"River Valley Cooperative","IA","Altona","","REFUSED — the town is on file in IL, but the operator is in IA, and a same-named town elsewhere is not evidence","","","","","11EDEIPHYCKESM9VV8SJ","stonehedge","https://stonehedge.stonex.com/component/bids"
"River Valley Cooperative","IA","Bartlett Grain","","no town of that name in data/directory.json","","","","","D5KVUECYQEE0NIPJAY8U","stonehedge","https://stonehedge.stonex.com/component/bids"
"River Valley Cooperative","IA","Big River - Dyersville","IA","the operator's own state, and the town is there","","","","","5MGF9Z3XI1QXTLJHZORK","stonehedge","https://stonehedge.stonex.com/component/bids"
"River Valley Cooperative","IA","Big River - W Burlington","","no town of that name in data/directory.json","","","","","SLMS1XGS4FOCPSE33SG1","stonehedge","https://stonehedge.stonex.com/component/bids"
"River Valley Cooperative","IA","Big River-Galva","","no town of that name in data/directory.json","","","","","5I7LIUN9P96FZA9G0SAA","stonehedge","https://stonehedge.stonex.com/component/bids"
"River Valley Cooperative","IA","BioUrja Peoria","","no town of that name in data/directory.json","","","","","TIUZB6MNC909SEG63Q8G","stonehedge","https://stonehedge.stonex.com/component/bids"
"River Valley Cooperative","IA","Cambridge","IA","the operator's own state, and the town is there","41.9025","-93.5305","town","zip-centroid","8ITMKGW0VR8GZM8VIQ1H","stonehedge","https://stonehedge.stonex.com/component/bids"
"River Valley Cooperative","IA","Cargill - Bettendorf","","no town of that name in data/directory.json","","","","","STB4W30W4DBYR9SCDM72","stonehedge","https://stonehedge.stonex.com/component/bids"
"River Valley Cooperative","IA","Cargill - Cedar Rapids","IA","the operator's own state, and the town is there","","","","","BTCM424MP42RSAJCR3N7","stonehedge","https://stonehedge.stonex.com/component/bids"
"River Valley Cooperative","IA","Cargill - Lacon/Spring Valley","","no town of that name in data/directory.json","","","","","2Q346MSLAOB1LNBOU2JE","stonehedge","https://stonehedge.stonex.com/component/bids"
"River Valley Cooperative","IA","Cargill - Muscatine","","no town of that name in data/directory.json","","","","","DDO02Z94HR8VX01J7NXQ","stonehedge","https://stonehedge.stonex.com/component/bids"
"River Valley Cooperative","IA","CGB - Meeker's Landing","","no town of that name in data/directory.json","","","","","CYEPTOD9XOAB7VXYU1U0","stonehedge","https://stonehedge.stonex.com/component/bids"
"River Valley Cooperative","IA","CGB- Albany","","REFUSED — the town is on file in IL, but the operator is in IA, and a same-named town elsewhere is not evidence","","","","","8Y1S2PLF3ISN4KNYMB8R","stonehedge","https://stonehedge.stonex.com/component/bids"
"River Valley Cooperative","IA","CHS - Davenport","IA","the operator's own state, and the town is there","41.46534","-90.66837","street","barchart","YUARJ5XFDOQZA2XMFYPF","stonehedge","https://stonehedge.stonex.com/component/bids"
"River Valley Cooperative","IA","CHS-Annawan","","REFUSED — the town is on file in IL, but the operator is in IA, and a same-named town elsewhere is not evidence","","","","","PFMIBKM3C82T735BSPXW","stonehedge","https://stonehedge.stonex.com/component/bids"
"River Valley Cooperative","IA","Galva","IA","the operator's own state, and the town is there","42.5105","-95.4298","town","zip-centroid","KB7P35LTDPJPG9AYG09X","stonehedge","https://stonehedge.stonex.com/component/bids"
"River Valley Cooperative","IA","Gavilon - Dubuque","","no town of that name in data/directory.json","","","","","EE067ZO1IXAEU41I6AZQ","stonehedge","https://stonehedge.stonex.com/component/bids"
"River Valley Cooperative","IA","GPC - Muscatine","","no town of that name in data/directory.json","","","","","K9NXEJCWIKFHUBXQC8NK","stonehedge","https://stonehedge.stonex.com/component/bids"
"River Valley Cooperative","IA","Ingredion","IA","the operator's own state, and the town is there","41.96447","-91.66534","street","barchart","058E0J5FHEJJ04B8OE3T","stonehedge","https://stonehedge.stonex.com/component/bids"
"River Valley Cooperative","IA","Manlius","","no town of that name in data/directory.json","","","","","P0Q1M6W732LAS2MDKMHI","stonehedge","https://stonehedge.stonex.com/component/bids"
"River Valley Cooperative","IA","Mineral","","REFUSED — the town is on file in IL, but the operator is in IA, and a same-named town elsewhere is not evidence","","","","","IPBAOWFOVLO5WRZFB018","stonehedge","https://stonehedge.stonex.com/component/bids"
"River Valley Cooperative","IA","Nestle - Davenport","","no town of that name in data/directory.json","","","","","OBKKD60EK1K1WC7VXIOX","stonehedge","https://stonehedge.stonex.com/component/bids"
"River Valley Cooperative","IA","Princeville","","REFUSED — the town is on file in IL, but the operator is in IA, and a same-named town elsewhere is not evidence","","","","","CZ5HSELCYB3BZFYV1683","stonehedge","https://stonehedge.stonex.com/component/bids"
"River Valley Cooperative","IA","Putnam","","REFUSED — the town is on file in IL/OK, but the operator is in IA, and a same-named town elsewhere is not evidence","","","","","7DXGA6V00GSG2DGVNG89","stonehedge","https://stonehedge.stonex.com/component/bids"
"River Valley Cooperative","IA","Sheffield","IA","the operator's own state, and the town is there","42.8779","-93.2156","town","zip-centroid","RIBU8CY2O6XI354FMBMA","stonehedge","https://stonehedge.stonex.com/component/bids"
"River Valley Cooperative","IA","Speer","","REFUSED — the town is on file in IL, but the operator is in IA, and a same-named town elsewhere is not evidence","","","","","MP8IQ20MDOS51BOS9FZM","stonehedge","https://stonehedge.stonex.com/component/bids"
"River Valley Cooperative","IA","Sunbury","IA","the operator's own state, and the town is there","41.79099","-91.0959","county","county centroid; the state named a site, not a town","ZKX4TPZ6YKIY26WL0CGD","stonehedge","https://stonehedge.stonex.com/component/bids"
"River Valley Cooperative","IA","Toulon","","REFUSED — the town is on file in IL/KS, but the operator is in IA, and a same-named town elsewhere is not evidence","","","","","NHRACJ9QOZ8LAIH71DM3","stonehedge","https://stonehedge.stonex.com/component/bids"
"River Valley Cooperative","IA","Valley","","REFUSED — the town is on file in WA, but the operator is in IA, and a same-named town elsewhere is not evidence","","","","","Q0V01WURVW7C56WEXI3S","stonehedge","https://stonehedge.stonex.com/component/bids"
"River Valley Cooperative","IA","Walcott","IA","the operator's own state, and the town is there","41.6453","-90.7256","town","zip-centroid","792JIGNRX33BP18IMEQ8","stonehedge","https://stonehedge.stonex.com/component/bids"
"River Valley Cooperative","IA","Wyoming","","REFUSED — the town is on file in IL, but the operator is in IA, and a same-named town elsewhere is not evidence","","","","","5KZ7UQMU1LK90XLQW7YS","stonehedge","https://stonehedge.stonex.com/component/bids"
"ScoularView","KS","AGP - Manning","","REFUSED — the town is on file in IA, but the operator is in KS, and a same-named town elsewhere is not evidence","","","","","3508","cashbidssingle","https://scoularview.com/cashbidssingle-"
"ScoularView","KS","Bunge - Council Bluffs","","REFUSED — the town is on file in IA, but the operator is in KS, and a same-named town elsewhere is not evidence","","","","","3509","cashbidssingle","https://scoularview.com/cashbidssingle-"
"ScoularView","KS","Coolidge Cash Bids","","no town of that name in data/directory.json","","","","","1912","cashbidssingle","https://scoularview.com/cashbidssingle-"
"ScoularView","KS","Goodland Crush, KS","KS","the label names its own state (no town of that name on file there yet)","","","","","2147","cashbidssingle","https://scoularview.com/cashbidssingle-"
"ScoularView","KS","Madrid, NE Ethanol","","no town of that name in data/directory.json","","","","","3329","cashbidssingle","https://scoularview.com/cashbidssingle-"
"ScoularView","KS","Scoular Adrian Cash Bids","","no town of that name in data/directory.json","","","","","1926","cashbidssingle","https://scoularview.com/cashbidssingle-"
"ScoularView","KS","Scoular Charleston Cash Bids","","no town of that name in data/directory.json","","","","","1939","cashbidssingle","https://scoularview.com/cashbidssingle-"
"ScoularView","KS","Scoular Cheyenne","","no town of that name in data/directory.json","","","","","1913","cashbidssingle","https://scoularview.com/cashbidssingle-"
"ScoularView","KS","Scoular Goodland","","no town of that name in data/directory.json","","","","","1915","cashbidssingle","https://scoularview.com/cashbidssingle-"
"ScoularView","KS","Scoular Idalia","","no town of that name in data/directory.json","","","","","1916","cashbidssingle","https://scoularview.com/cashbidssingle-"
"ScoularView","KS","Scoular Julesburg Cash Bids","","no town of that name in data/directory.json","","","","","1911","cashbidssingle","https://scoularview.com/cashbidssingle-"
"ScoularView","KS","Scoular-Downs","","no town of that name in data/directory.json","","","","","1914","cashbidssingle","https://scoularview.com/cashbidssingle-"
"Tama Benton Cooperative","IA","Clutier","IA","the operator's own state, and the town is there","42.0789","-92.3763","town","zip-centroid","3075","agricharts-cashgrid","https://tamabentoncoop.agricharts.com/markets/cashgrid.php"
"Tama Benton Cooperative","IA","DS-ADM","IA","the operator's own state, and the town is there","","","","","3077","agricharts-cashgrid","https://www.tamabentoncoop.com/markets/cashgrid.php"
"Tama Benton Cooperative","IA","DS-CRG-CR","IA","the operator's own state, and the town is there","","","","","3080","agricharts-cashgrid","https://tamabentoncoop.agricharts.com/markets/cashgrid.php"
"Tama Benton Cooperative","IA","DS-PEN","IA","the operator's own state, and the town is there","","","","","3137","agricharts-cashgrid","https://tamabentoncoop.agricharts.com/markets/cashgrid.php"
"Tama Benton Cooperative","IA","DS-Pine Lake","IA","the operator's own state, and the town is there","42.45919","-93.05718","street","barchart","83775","agricharts-cashgrid","https://tamabentoncoop.agricharts.com/markets/cashgrid.php"
"Tama Benton Cooperative","IA","DS-SHELLROCK","IA","the operator's own state, and the town is there","","","","","83113","agricharts-cashgrid","https://tamabentoncoop.agricharts.com/markets/cashgrid.php"
"Tama Benton Cooperative","IA","DS-Starch","IA","the operator's own state, and the town is there","","","","","3138","agricharts-cashgrid","https://www.tamabentoncoop.com/markets/cashgrid.php"
"Tama Benton Cooperative","IA","Dysart","IA","the operator's own state, and the town is there","42.169","-92.3187","town","zip-centroid","3074","agricharts-cashgrid","https://tamabentoncoop.agricharts.com/markets/cashgrid.php"
"Tama Benton Cooperative","IA","Vinton","IA","the operator's own state, and the town is there","42.1743","-91.9892","town","zip-centroid","3076","agricharts-cashgrid","https://tamabentoncoop.agricharts.com/markets/cashgrid.php"
"Tettens Grain","IL","ADM-Clinton","","REFUSED — the town is on file in IA, but the operator is in IL, and a same-named town elsewhere is not evidence","","","","","82298","agricharts-cashgrid","https://tettensgrain.agricharts.com/markets/cashgrid.php"
"Tettens Grain","IL","Bartlett-Sheffield","","no town of that name in data/directory.json","","","","","88050","agricharts-cashgrid","https://www.tettensgrain.com/markets/cashgrid.php"
"Tettens Grain","IL","Bartlett-Sheffield","","no town of that name in data/directory.json","","","","","88050","agricharts-cashgrid","https://tettensgrain.agricharts.com/markets/cashgrid.php"
"Tettens Grain","IL","Bocker Ruff","IL","the operator's own state, and the town is there","","","","","82294","agricharts-cashgrid","https://www.tettensgrain.com/markets/cashgrid.php"
"Tettens Grain","IL","CGB-Hennepin","IL","the operator's own state, and the town is there","41.25632","-89.35332","street","barchart","82302","agricharts-cashgrid","https://tettensgrain.agricharts.com/markets/cashgrid.php"
"Tettens Grain","IL","CHS-Annawan","IL","the operator's own state, and the town is there","","","","","82299","agricharts-cashgrid","https://www.tettensgrain.com/markets/cashgrid.php"
"Tettens Grain","IL","CHS-Rochelle","IL","the operator's own state, and the town is there","","","","","82300","agricharts-cashgrid","https://www.tettensgrain.com/markets/cashgrid.php"
"Tettens Grain","IL","FS Grain-Harmon","IL","the operator's own state, and the town is there","","","","","82296","agricharts-cashgrid","https://www.tettensgrain.com/markets/cashgrid.php"
"Tettens Grain","IL","Maplehurst-Amboy","IL","the operator's own state, and the town is there","","","","","82297","agricharts-cashgrid","https://www.tettensgrain.com/markets/cashgrid.php"
"Tettens Grain","IL","Marquis Grain","IL","the operator's own state, and the town is there","","","","","82301","agricharts-cashgrid","https://tettensgrain.agricharts.com/markets/cashgrid.php"
"Tettens Grain","IL","RR-Sterling Rail","IL","the operator's own state, and the town is there","","","","","82295","agricharts-cashgrid","https://www.tettensgrain.com/markets/cashgrid.php"
"Tettens Grain","IL","Tettens - Dixon","IL","the operator's own state, and the town is there","","","","","82107","agricharts-cashgrid","https://www.tettensgrain.com/markets/cashgrid.php"
"Tettens Grain","IL","Tettens - Galt","IL","the operator's own state, and the town is there","","","","","82106","agricharts-cashgrid","https://www.tettensgrain.com/markets/cashgrid.php"
"Tettens Grain","IL","Tettens - Milledgeville","IL","the operator's own state, and the town is there","","","","","82108","agricharts-cashgrid","https://www.tettensgrain.com/markets/cashgrid.php"
"Tremont Co-operative Grain Co.","IL","Toboggan","","no town of that name in data/directory.json","","","","","215654","cih","https://www.cihedging.com/cih/api/index.cfm/v2/origination/cashbids/23103/widget?commodity_ids=&custom_commodity_ids=&exclude_non_custom=false&exclude_custom=false&address_ids=&show_cash_bid_title=true&show_cash_bid_filters=true&show_cash_bid_note=true&show_location_names=true&with_new_chart=true"
"Tremont Co-operative Grain Co.","IL","Tremont","IL","the operator's own state, and the town is there","40.5053","-89.4833","town","zip-centroid","202733","cih","https://www.cihedging.com/cih/api/index.cfm/v2/origination/cashbids/23103/widget?commodity_ids=&custom_commodity_ids=&exclude_non_custom=false&exclude_custom=false&address_ids=&show_cash_bid_title=true&show_cash_bid_filters=true&show_cash_bid_note=true&show_location_names=true&with_new_chart=true"
"Two Rivers Cooperative","IA","TRACY","IA","the operator's own state, and the town is there","41.2698","-92.86851","street","barchart","85834","agricharts-cashgrid","https://tworivers.agricharts.com/markets/cashgrid.php"
"Valley United Coop","ND","Fisher","","REFUSED — the town is on file in AR/IL/MN, but the operator is in ND, and a same-named town elsewhere is not evidence","","","","","84643","agricharts-cashgrid","https://valleyunited.agricharts.com/markets/cashgrid.php"
"Valley United Coop","ND","Thompson","ND","the operator's own state, and the town is there","47.7766","-97.0962","town","zip-centroid","84642","agricharts-cashgrid","https://valleyunited.agricharts.com/markets/cashgrid.php"
"Wheaton Dumont","SD","AGP DLVD DAWSON, MN","MN","the label names its own state (no town of that name on file there yet)","","","","","64334","agricharts","https://mobile.wdcoop.com/cash/prices.php"
"Wheaton Dumont","SD","Browns Valley/Sisseton, SD","SD","the label names its own state (no town of that name on file there yet)","","","","","25255","agricharts","https://mobile.wdcoop.com/cash/prices.php"
"Wheaton Dumont","SD","Graceville/Tenney","","REFUSED — the town is on file in MN, but the operator is in SD, and a same-named town elsewhere is not evidence","","","","","86808","agricharts","https://mobile.wdcoop.com/cash/prices.php"
"Wheaton Dumont","SD","Rutland, ND","ND","the label names its own state","46.0738","-97.5483","town","zip-centroid","23082","agricharts","https://mobile.wdcoop.com/cash/prices.php"
"Wheaton Dumont","SD","Wheaton/Dumont/Browns Valley/LaMars/Hankinson/Mantador/Sisseton","","no town of that name in data/directory.json","","","","","19518","agricharts","https://mobile.wdcoop.com/cash/prices.php"
"Wheaton Dumont","SD","Wheaton/Dumont/Tenney/LaMars/Hankinson/Mantador","","no town of that name in data/directory.json","","","","","25256","agricharts","https://mobile.wdcoop.com/cash/prices.php"
"zFarmers Cooperative Elevator Co.OLD","MN","ADM, Mankato","MN","the operator's own state, and the town is there","","","","","86121","agricharts-cashgrid","https://farmerscoopelevator.agricharts.com/markets/cashgrid.php"
"zShawnee Feed Old","OK","Pocasset","OK","the operator's own state, and the town is there","35.1544","-97.979","town","zip-centroid","87805","agricharts-cashgrid","https://shawneefeed.agricharts.com/markets/cashgrid.php"
