State,County,City,Business Entity,Warehouse Name,License Type,License Status,[License Number],CCC Code,CCC Status,Functional Unit,Capacities,Year of Ingest Date,Month of Ingest Date,Day of Ingest Date
CA,"Colusa, CA",Grimes,Grimes Holding Company LLC,Grimes Holding Company LLC,Unlicensed,,[],,Not Applicable,1,"2,673,000",2026,September,9
GA,"Lowndes, GA",Valdosta,Archer-Daniels-Midland Company,ADM Processing Plant Elevator,Federal,I - Issued,[3-8613],,Not Applicable,1,"6,557,000",2026,September,9
IA,"Buena Vista, IA",Alta,"Platinum Crush, LLC",Platinum Crush Terminal,Federal,I - Issued,[3-10209],,Not Applicable,1,"5,371,000",2026,September,9
IA,"Greene, IA",GRAND JUNCTION,LOUIS DREYFUS COMPANY GRAND JUNCTION LLC,LOUIS DREYFUS COMPANY WAREHOUSE,Federal,I - Issued,[3-9893],,Not Applicable,1,"1,141,000",2026,September,9
IA,"Ida, IA",Galva,"FCStone Merchant Services, LLC",Quad County Corn Processors Elevator - Custom Measure,Unlicensed,,[],,Not Applicable,1,"2,616,000",2026,September,9
ID,"Canyon, ID",Greenleaf,"Greenleaf Grain, LLC",Greenleaf Grain Elevator,Federal,P - Pending,[3-10238],,Not Applicable,1,"1,659,000",2026,September,9
IL,"Mason, IL",HAVANA,CHS Inc.,CHS INC. IMPERIAL VALLEY TERMINAL,Federal,I - Issued,[3-9830],,Not Applicable,1,"1,469,000",2026,September,9
IN,"Kosciusko, IN",CLAYPOOL,Louis Dreyfus Company Agricultural Products LLC,Louis Dreyfus Company Agricultural Products LLC Elevators,Federal,I - Issued,[3-9833],,Not Applicable,1,"12,433,000",2026,September,9
KS,"Rice, KS",Lyons (RR),"Kansas Ethanol, LLC","Kansas Ethanol, LLC",Unlicensed,,[],,Not Applicable,1,"2,449,000",2026,September,9
LA,"Richland, LA",DELHI,"Greenfield Commodities, LLC",Greenfield Commodities Elevator,Federal,I - Issued,[3-10222],,Not Applicable,1,"1,485,000",2026,September,9
MI,"Kalamazoo, MI",AUGUSTA,Knappen Milling Company,KNAPPEN ELEVATOR,Federal,I - Issued,[3-3321],,Not Applicable,1,"2,000,000",2026,September,9
MN,"Hennepin, MN",Minneapolis,Riverland Ag Corp,RIVERLAND AG CORP. ELEVATOR,Federal,I - Issued,[3-9819],,Not Applicable,1,"4,608,000",2026,September,9
MN,"Scott, MN",SAVAGE,"Savage Riverport, LLC",SAVAGE RIVERPORT ELEVATOR,Federal,I - Issued,[3-10161],,Not Applicable,1,"9,276,000",2026,September,9
MN,"Scott, MN",SHAKOPEE,Riverland Ag Corp,RIVERLAND AG CORP. ELEVATOR,Federal,I - Issued,[3-9819],,Not Applicable,2,"3,380,000",2026,September,9
MN,"St. Louis, MN",Duluth,Riverland Ag Corp,RIVERLAND AG CORP. DULUTH ELEVATORS,Federal,I - Issued,[3-9951],,Not Applicable,1,"12,158,000",2026,September,9
MO,"Marion, MO",PALMYRA,"Farmers Cooperative Services, Inc.",Farmers Coop Elevator,Federal,I - Issued,[3-5393],,Not Applicable,1,"239,000",2026,September,9
MO,"St. Louis City, MO",St. Louis,ADM MILLING CO.,ADM Milling St. Louis Elevator,Federal,I - Issued,[3-9086],,Not Applicable,1,"1,923,000",2026,September,9
NC,"Person, NC",ROXBORO,"Keystone Farm Service, Inc.",Keystone Grain Elevator,Federal,I - Issued,[3-7380],,Not Applicable,1,"312,000",2026,September,9
NE,"Box Butte, NE",ALLIANCE,Western Cooperative Company,New Alliance Warehouse,Federal,I - Issued,[1-0294],,Not Applicable,1,"1,055,000",2026,September,9
NE,"Box Butte, NE",HEMINGFORD,Western Cooperative Company,New Alliance Warehouse,Federal,I - Issued,[1-0294],,Not Applicable,8,"402,000",2026,September,9
NE,"Lancaster, NE",Lincoln,ADM MILLING CO.,Gooch Mill Elevators,Federal,I - Issued,[3-5810],,Not Applicable,1,"3,477,000",2026,September,9
NE,"Morrill, NE",BRIDGEPORT,Western Cooperative Company,New Alliance Warehouse,Federal,I - Issued,[1-0294],,Not Applicable,4,"884,000",2026,September,9
NE,"Scotts Bluff, NE",GERING,Western Cooperative Company,New Alliance Warehouse,Federal,I - Issued,[1-0294],,Not Applicable,2,"475,000",2026,September,9
NE,"Scotts Bluff, NE",GERING,Western Cooperative Company,New Alliance Warehouse,Federal,I - Issued,[1-0294],,Not Applicable,3,"679,000",2026,September,9
NM,"Chaves, NM",DEXTER,The Scoular Company,THE SCOULAR COMPANY ELEVATOR,Federal,I - Issued,[3-9841],,Not Applicable,2,"1,071,000",2026,September,9
OH,"Wyandot, OH",Upper Sandusky,Louis Dreyfus Company Agricultural Products LLC,LDC Upper Sandusky Warehouse,Federal,P - Pending,[3-10234],,Not Applicable,1,"8,297,000",2026,September,9
OR,"Jefferson, OR",CULVER,"Helena Agri-Enterprises, LLC",Culver Elevator,Federal,I - Issued,[3-10052],,Not Applicable,1,"320,000",2026,September,9
SD,"Aurora, SD",Plankinton,"Plankinton Elevator Co., LLC",Ag Kota Grain,State,,[],,Not Applicable,1,"1,777,000",2026,September,9
SD,"Brown, SD",Aberdeen,"Glacial Lakes Energy, LLC","Glacial Lakes Energy, LLC",State,,[],,Not Applicable,3,"1,620,000",2026,September,9
SD,"Brown, SD",Aberdeen,"Livestock Specialists, Inc.","Livestock Specialists, Inc. - Custom Measure",State,,[],,Not Applicable,1,"13,000",2026,September,9
SD,"Charles Mix, SD",PLATTE,"Pranger Feed Mill, Inc.","Pranger Feed Mill, Inc.",State,,[],,Not Applicable,1,"53,000",2026,September,9
SD,"Codington, SD",Watertown,"Glacial Lakes Energy, LLC","Glacial Lakes Energy, LLC",State,,[],,Not Applicable,1,"4,382,000",2026,September,9
SD,"Edmunds, SD",MINA,"Glacial Lakes Energy, LLC","Glacial Lakes Energy, LLC",State,,[],,Not Applicable,2,"5,709,000",2026,September,9
SD,"Lake, SD",Wentworth,"Dakota Ethanol, LLC","Dakota Ethanol, LLC",State,,[],,Not Applicable,1,"2,816,000",2026,September,9
SD,"Minnehaha, SD",Colton,"Plankinton Elevator Co., LLC",Ag Kota Grain,State,,[],,Not Applicable,3,"1,525,000",2026,September,9
SD,"Minnehaha, SD",Hartford,"Plankinton Elevator Co., LLC",Ag Kota Grain,State,,[],,Not Applicable,4,"1,320,000",2026,September,9
SD,"Sully, SD",Onida,"RINGNECK ENERGY, LLC","Ringneck Energy, LLC",State,,[],,Not Applicable,1,"1,497,000",2026,September,9
SD,"Tripp, SD",COLOME,"Premier Ag, LLC","Premier Ag, LLC",Unlicensed,,[],,Not Applicable,1,"255,000",2026,September,9
SD,"Yankton, SD",Yankton,Growmark Inc.,"Growmark, Inc. d/b/a New Century FS",State,,[],,Not Applicable,1,,2026,September,9
TX,"Cameron, TX",SAN BENITO,CHAPA QUIROGA,CHAPA QUIROGA,State,,[],,Not Applicable,3,,2026,September,9
TX,"Hidalgo, TX",PROGRESO,CHAPA QUIROGA,CHAPA QUIROGA,State,,[],,Not Applicable,1,,2026,September,9
TX,"Willacy, TX",RAYMONDVILLE,CHAPA QUIROGA,CHAPA QUIROGA,State,,[],,Not Applicable,2,,2026,September,9
VA,"Halifax, VA",SOUTH BOSTON,"Keystone Farm Service, Inc.",Keystone Grain Elevator,Federal,I - Issued,[3-7380],,Not Applicable,2,"197,000",2026,September,9
WA,"Grays Harbor, WA",Aberdeen,Ag Processing Inc a Cooperative,Grays Harbor Terminal,Federal,I - Issued,[3-9997],,Not Applicable,1,"5,256,000",2026,September,9
WI,"Douglas, WI",SUPERIOR,"The Redwood Group, LLC",Redwood Superior Terminal,Federal,I - Issued,[3-10232],,Not Applicable,1,"3,193,000",2026,September,9
IA,"Carroll, IA",ARCADIA,Farmers Cooperative Elevator Co.,Farmers Cooperative Elevator Co.,State,,[],[ 8-2763],Approved,1,"6,305,000",2026,September,9
IA,"Crawford, IA",DENISON,Farmers Cooperative Elevator Co.,Farmers Cooperative Elevator Co.,State,,[],[ 8-2763],Approved,4,0,2026,September,9
IA,"Crawford, IA",SCHLESWIG,Farmers Cooperative Elevator Co.,Farmers Cooperative Elevator Co.,State,,[],[ 8-2763],Approved,2,"2,748,000",2026,September,9
IA,"Crawford, IA",WESTSIDE,Farmers Cooperative Elevator Co.,Farmers Cooperative Elevator Co.,State,,[],[ 8-2763],Approved,3,0,2026,September,9
IA,"Shelby, IA",HARLAN,Farmers Cooperative Elevator Co.,Farmers Cooperative Elevator Co.,State,,[],[ 8-2763],Approved,5,0,2026,September,9
MN,"Lac Qui Parle, MN",MADISON,"Cargill, Incorporated",Cargill West Elevators,Federal,I - Issued,[3-10091],[2-0110],Approved,26,"3,880,000",2026,September,9
MN,"Stevens, MN",ALBERTA,"Cargill, Incorporated",Cargill West Elevators,Federal,I - Issued,[3-10091],[2-0110],Approved,25,"5,684,000",2026,September,9
MN,"Becker, MN",Audubon,Audubon Co-operative Elevator Association,AUDUBON CO-OPERATIVE ELEVATOR ASSOCIATION,State,,[],[2-0114],Approved,1,"113,000",2026,September,9
MN,"Mahnomen, MN",WAUBUN,Audubon Co-operative Elevator Association,AUDUBON CO-OPERATIVE ELEVATOR ASSOCIATION,State,,[],[2-0114],Approved,2,"472,000",2026,September,9
MN,"Marshall, MN",Argyle,Argyle Cooperative Warehouse Association,ARGYLE COOPERATIVE WAREHOUSE ASSOCIATION,State,,[],[2-0129],Approved,1,"565,000",2026,September,9
MN,"Clearwater, MN",BAGLEY,Bagley Co-op Association,BAGLEY CO-OP ASSOCIATION,State,,[],[2-0146],Approved,1,"116,000",2026,September,9
MN,"Kandiyohi, MN",BLOMKEST,Allied Grain Company,ALLIED GRAIN COMPANY ELEVATOR,Federal,I - Issued,[3-8353],[2-0154],Approved,1,"4,406,000",2026,September,9
MN,"Lac Qui Parle, MN",BELLINGHAM,Farmers Cooperative Elevator Company of Bellingham,Farmers Cooperative Elevator Company of Bellingham,State,,[],[2-0171],Approved,1,"1,478,000",2026,September,9
MN,"Lac Qui Parle, MN",Louisburg,Farmers Cooperative Elevator Company of Bellingham,Farmers Cooperative Elevator Company of Bellingham,State,,[],[2-0171],Approved,2,0,2026,September,9
MN,"Wilkin, MN",BRECKENRIDGE,"Minn-Kota Ag Products, Inc.",MINN-KOTA ELEVATORS,Federal,I - Issued,[3-9491],[2-0191],Approved,1,"2,646,000",2026,September,9
MN,"Wilkin, MN",KENT,"Minn-Kota Ag Products, Inc.",MINN-KOTA ELEVATORS,Federal,I - Issued,[3-9491],[2-0191],Approved,3,"750,000",2026,September,9
ND,"Richland, ND",Colfax,"Minn-Kota Ag Products, Inc.",MINN-KOTA ELEVATORS,Federal,I - Issued,[3-9491],[2-0191],Approved,6,"972,000",2026,September,9
ND,"Richland, ND",MOORETON,"Minn-Kota Ag Products, Inc.",MINN-KOTA ELEVATORS,Federal,I - Issued,[3-9491],[2-0191],Approved,4,"4,917,000",2026,September,9
ND,"Richland, ND",WAHPETON,"Minn-Kota Ag Products, Inc.",MINN-KOTA ELEVATORS,Federal,I - Issued,[3-9491],[2-0191],Approved,5,"2,426,000",2026,September,9
ND,"Richland, ND",WYNDMERE,"Minn-Kota Ag Products, Inc.",MINN-KOTA ELEVATORS,Federal,I - Issued,[3-9491],[2-0191],Approved,2,"779,000",2026,September,9
MN,"Douglas, MN",BRANDON,Pro-Ag Farmers Cooperative,Pro-Ag Farmers Cooperative,State,,[],[2-0199],Approved,1,,2026,September,9
MN,"Douglas, MN",GARFIELD,Pro-Ag Farmers Cooperative,Pro-Ag Farmers Cooperative,State,,[],[2-0199],Approved,3,,2026,September,9
MN,"Grant, MN",HOFFMAN,Pro-Ag Farmers Cooperative,Pro-Ag Farmers Cooperative,State,,[],[2-0199],Approved,4,,2026,September,9
MN,"Otter Tail, MN",PARKERS PRAIRIE,Pro-Ag Farmers Cooperative,Pro-Ag Farmers Cooperative,State,,[],[2-0199],Approved,2,,2026,September,9
MN,"Todd, MN",Clarissa,Pro-Ag Farmers Cooperative,Pro-Ag Farmers Cooperative,State,,[],[2-0199],Approved,5,"137,000",2026,September,9
MN,"Todd, MN",Eagle Bend,Pro-Ag Farmers Cooperative,Pro-Ag Farmers Cooperative,State,,[],[2-0199],Approved,6,"934,000",2026,September,9
MN,"Pipestone, MN",Pipestone,Pipestone Grain Company,Pipestone Grain Elevator,Federal,I - Issued,[3-9290],[2-0200],Approved,1,"157,000",2026,September,9
MN,"Clearwater, MN",Clearbrook,"Clearbrook Elevator Association, Clearbrook, Minnesota",Clearbrook Elevator Association,State,,[],[2-0212],Approved,1,"269,000",2026,September,9
MN,"Big Stone, MN",BARRY,Beardsley Farmers Elevator Company,BEARDSLEY FARMERS ELEVATOR COMPANY,State,,[],[2-0218],Approved,2,"1,543,000",2026,September,9
MN,"Big Stone, MN",BEARDSLEY,Beardsley Farmers Elevator Company,BEARDSLEY FARMERS ELEVATOR COMPANY,State,,[],[2-0218],Approved,1,"3,352,000",2026,September,9
MN,"Houston, MN",Caledonia,"Bonanza Grain, Inc.","Bonanza Grain, Inc.",State,,[],[2-0233],Approved,1,"373,000",2026,September,9
MN,"Lac Qui Parle, MN",Dawson,Canby Farmers Grain Company,Canby Farmers Grain Elevator,Federal,I - Issued,[3-9574],[2-0235],Approved,3,"2,023,000",2026,September,9
MN,"Yellow Medicine, MN",Burr,Canby Farmers Grain Company,Canby Farmers Grain Elevator,Federal,I - Issued,[3-9574],[2-0235],Approved,5,"1,958,000",2026,September,9
MN,"Yellow Medicine, MN",Canby,Canby Farmers Grain Company,Canby Farmers Grain Elevator,Federal,I - Issued,[3-9574],[2-0235],Approved,1,"4,097,000",2026,September,9
MN,"Yellow Medicine, MN",Porter,Canby Farmers Grain Company,Canby Farmers Grain Elevator,Federal,I - Issued,[3-9574],[2-0235],Approved,4,"1,508,000",2026,September,9
SD,"Deuel, SD",Astoria,Canby Farmers Grain Company,Canby Farmers Grain Elevator,Federal,I - Issued,[3-9574],[2-0235],Approved,2,"2,921,000",2026,September,9
SD,"Bon Homme, SD",Kingsburg,"Lesterville Feed and Grain, Inc.",Lesterville Elevator,Federal,I - Issued,[3-9483],[2-0243],Approved,3,"1,233,000",2026,September,9
SD,"Yankton, SD",Lesterville,"Lesterville Feed and Grain, Inc.",Lesterville Elevator,Federal,I - Issued,[3-9483],[2-0243],Approved,1,"1,279,000",2026,September,9
MN,"Dodge, MN",KASSON,CHS Inc.,CHS Inc. Elevators,Federal,I - Issued,[3-9545],[2-0256],Approved,7,"3,624,000",2026,September,9
MN,"Fillmore, MN",OSTRANDER,CHS Inc.,CHS Inc. Elevators,Federal,I - Issued,[3-9545],[2-0256],Approved,4,"2,244,000",2026,September,9
MN,"Fillmore, MN",WYKOFF,CHS Inc.,CHS Inc. Elevators,Federal,I - Issued,[3-9545],[2-0256],Approved,6,"1,548,000",2026,September,9
MN,"Winona, MN",WINONA,CHS Inc.,CHS Inc. Elevators,Federal,I - Issued,[3-9545],[2-0256],Approved,12,"611,000",2026,September,9
MN,"Lac Qui Parle, MN",BOYD,"Prairie Grain Partners, LLC",Prairie Grain Partners Elevators,Federal,I - Issued,[3-9369],[2-0259],Approved,2,"320,000",2026,September,9
MN,"Yellow Medicine, MN",CLARKFIELD,"Prairie Grain Partners, LLC",Prairie Grain Partners Elevators,Federal,I - Issued,[3-9369],[2-0259],Approved,1,"15,674,000",2026,September,9
SD,"Hand, SD",Miller,"Prairie Grain Partners, LLC",Prairie Grain Partners Elevators,Federal,I - Issued,[3-9369],[2-0259],Approved,4,"8,700,000",2026,September,9
SD,"Hughes, SD",Harrold,"Prairie Grain Partners, LLC",Prairie Grain Partners Elevators,Federal,I - Issued,[3-9369],[2-0259],Approved,3,"5,626,000",2026,September,9
SD,"Spink, SD",Tulare,"Prairie Grain Partners, LLC",Prairie Grain Partners Elevators,Federal,I - Issued,[3-9369],[2-0259],Approved,5,"5,104,000",2026,September,9
MN,"Kittson, MN",Kennedy,CHS Inc.,CHS Hallock Elevator,Federal,I - Issued,[3-10112],[2-0265],Approved,1,"1,375,000",2026,September,9
ND,"Pembina, ND",Joliette,CHS Inc.,CHS Hallock Elevator,Federal,I - Issued,[3-10112],[2-0265],Approved,2,"738,000",2026,September,9
MN,"Freeborn, MN",Albert Lea,"Albert Lea Elevator Co., Inc.","ALBERT LEA ELEVATOR CO., INC.",State,,[],[2-0266],Approved,1,"1,537,000",2026,September,9
MN,"Clay, MN",Glyndon,Maple River Coop,Maple River Coop,State,,[],[2-0274],Approved,1,"2,048,000",2026,September,9
MN,"Clay, MN",Moorhead,Maple River Coop,Maple River Coop,State,,[],[2-0274],Approved,2,"800,000",2026,September,9
MN,"Clay, MN",Sabin,Maple River Coop,Maple River Coop,State,,[],[2-0274],Approved,3,"495,000",2026,September,9
MN,"Wilkin, MN",Rothsay,Maple River Coop,Maple River Coop,State,,[],[2-0274],Approved,4,"1,362,000",2026,September,9
MN,"Blue Earth, MN",RAPIDAN,"Amboy Grain, Inc.",Rapidan Elevator,Federal,I - Issued,[3-9607],[2-0277],Approved,1,"997,000",2026,September,9
MN,"Murray, MN",CURRIE,"Schmitz Grain, Inc.","SCHMITZ GRAIN, INC.",State,,[],[2-0294],Approved,1,"1,439,000",2026,September,9
MN,"Murray, MN",DOVRAY,"Schmitz Grain, Inc.","SCHMITZ GRAIN, INC.",State,,[],[2-0294],Approved,6,"2,895,000",2026,September,9
MN,"Murray, MN",IONA,"Schmitz Grain, Inc.","SCHMITZ GRAIN, INC.",State,,[],[2-0294],Approved,4,"1,301,000",2026,September,9
MN,"Murray, MN",LAKE WILSON,"Schmitz Grain, Inc.","SCHMITZ GRAIN, INC.",State,,[],[2-0294],Approved,3,"2,135,000",2026,September,9
MN,"Murray, MN",SLAYTON,"Schmitz Grain, Inc.","SCHMITZ GRAIN, INC.",State,,[],[2-0294],Approved,2,"1,293,000",2026,September,9
MN,"Redwood, MN",SANBORN,"Schmitz Grain, Inc.","SCHMITZ GRAIN, INC.",State,,[],[2-0294],Approved,5,"2,541,000",2026,September,9
MN,"Dakota, MN",CASTLE ROCK,"Farmers Mill & Elevator, Inc.",FARMERS MILL & ELEVATOR,Federal,I - Issued,[3-7561],[2-0298],Approved,1,"1,692,000",2026,September,9
MN,"Lac Qui Parle, MN",DAWSON,Dawson Grain Co-op,Dawson Grain Elevator,Federal,I - Issued,[3-8905],[2-0319],Approved,1,"3,367,000",2026,September,9
MN,"Mower, MN",Dexter,"Dexter Elevator, Inc.","Dexter Elevator, Inc.",State,,[],[2-0325],Approved,1,,2026,September,9
MN,"Fillmore, MN",HARMONY,"Harmony Agri Services, Inc.",Harmony Elevator,Federal,I - Issued,[3-8892],[2-0338],Approved,1,"1,219,000",2026,September,9
MN,"Lyon, MN",Marshall,Archer-Daniels-Midland Company,ADM Processing Company - Minnesota Warehouses,Federal,I - Issued,[3-9707],[2-0340],Approved,5,"3,282,000",2026,September,9
MN,"Pipestone, MN",Holland,Archer-Daniels-Midland Company,ADM Processing Company - Minnesota Warehouses,Federal,I - Issued,[3-9707],[2-0340],Approved,4,"2,257,000",2026,September,9
MN,"Polk, MN",Eldred,"Farmers Elevator Company of Eldred, Minnesota","Farmers Elevator Company of Eldred, Minnesota",State,,[],[2-0370],Approved,1,"804,000",2026,September,9
MN,"Grant, MN",ELBOW LAKE,Elbow Lake Co-op Grain,ELBOW LAKE CO-OP GRAIN,State,,[],[2-0371],Approved,1,,2026,September,9
MN,"Grant, MN",WENDELL,Elbow Lake Co-op Grain,ELBOW LAKE CO-OP GRAIN,State,,[],[2-0371],Approved,2,,2026,September,9
MN,"Brown, MN",COBDEN,Central United Cooperative,Central United Cooperative Elevators,Federal,I - Issued,[3-10230],[2-0405],Approved,6,"2,279,000",2026,September,9
MN,"Brown, MN",NEW ULM,Central United Cooperative,Central United Cooperative Elevators,Federal,I - Issued,[3-10230],[2-0405],Approved,12,"2,036,000",2026,September,9
MN,"Brown, MN",SLEEPY EYE,Central United Cooperative,Central United Cooperative Elevators,Federal,I - Issued,[3-10230],[2-0405],Approved,5,"3,770,000",2026,September,9
MN,"Brown, MN",Sleepy Eye,Central United Cooperative,Central United Cooperative Elevators,Federal,I - Issued,[3-10230],[2-0405],Approved,4,"1,993,000",2026,September,9
MN,"Carver, MN",COLOGNE,Central United Cooperative,Central United Cooperative Elevators,Federal,I - Issued,[3-10230],[2-0405],Approved,9,"165,000",2026,September,9
MN,"Le Sueur, MN",LESUEUR,Central United Cooperative,Central United Cooperative Elevators,Federal,I - Issued,[3-10230],[2-0405],Approved,3,"774,000",2026,September,9
MN,"McLeod, MN",BROWNTON,Central United Cooperative,Central United Cooperative Elevators,Federal,I - Issued,[3-10230],[2-0405],Approved,8,"8,201,000",2026,September,9
MN,"Meeker, MN",Cosmos,Central United Cooperative,Central United Cooperative Elevators,Federal,I - Issued,[3-10230],[2-0405],Approved,14,"419,000",2026,September,9
MN,"Meeker, MN",LITCHFIELD,Central United Cooperative,Central United Cooperative Elevators,Federal,I - Issued,[3-10230],[2-0405],Approved,10,"1,936,000",2026,September,9
MN,"Nicollet, MN",KLOSSNER,Central United Cooperative,Central United Cooperative Elevators,Federal,I - Issued,[3-10230],[2-0405],Approved,2,"1,756,000",2026,September,9
MN,"Renville, MN",BIRD ISLAND,Central United Cooperative,Central United Cooperative Elevators,Federal,I - Issued,[3-10230],[2-0405],Approved,7,"515,000",2026,September,9
MN,"Renville, MN",Buffalo Lake,Central United Cooperative,Central United Cooperative Elevators,Federal,I - Issued,[3-10230],[2-0405],Approved,16,"7,045,000",2026,September,9
MN,"Renville, MN",Fairfax,Central United Cooperative,Central United Cooperative Elevators,Federal,I - Issued,[3-10230],[2-0405],Approved,11,"6,132,000",2026,September,9
MN,"Renville, MN",Hector,Central United Cooperative,Central United Cooperative Elevators,Federal,I - Issued,[3-10230],[2-0405],Approved,13,"1,780,000",2026,September,9
MN,"Sibley, MN",Gibbon,Central United Cooperative,Central United Cooperative Elevators,Federal,I - Issued,[3-10230],[2-0405],Approved,15,"2,074,000",2026,September,9
MN,"Sibley, MN",WINTHROP,Central United Cooperative,Central United Cooperative Elevators,Federal,I - Issued,[3-10230],[2-0405],Approved,1,"2,335,000",2026,September,9
MN,"Otter Tail, MN",Fergus Falls,Farmers Elevator of Fergus Falls,Farmers Elevator of Fergus Falls,State,,[],[2-0410],Approved,1,"978,000",2026,September,9
MN,"Otter Tail, MN",HENNING,Farmers Elevator of Fergus Falls,Farmers Elevator of Fergus Falls,State,,[],[2-0410],Approved,2,"434,000",2026,September,9
MN,"Polk, MN",FOSSTON,Fosston Tri-Co-op,FOSSTON COOP ELEVATOR ASSOCIATION,State,,[],[2-0419],Approved,1,"1,399,000",2026,September,9
MN,"Polk, MN",Gully,Fosston Tri-Co-op,FOSSTON COOP ELEVATOR ASSOCIATION,State,,[],[2-0419],Approved,3,"588,000",2026,September,9
MN,"Polk, MN",Mcintosh,Fosston Tri-Co-op,FOSSTON COOP ELEVATOR ASSOCIATION,State,,[],[2-0419],Approved,2,"401,000",2026,September,9
MN,"Clay, MN",GEORGETOWN,Georgetown Farmers' Elevator Company,GEORGETOWN FARMERS' ELEVATOR COMPANY,State,,[],[2-0456],Approved,1,"603,000",2026,September,9
MN,"Norman, MN",PERLEY,Georgetown Farmers' Elevator Company,GEORGETOWN FARMERS' ELEVATOR COMPANY,State,,[],[2-0456],Approved,2,"356,000",2026,September,9
MN,"Murray, MN",HADLEY,Hadley Farmers Elevator Company,HADLEY FARMERS ELEVATOR COMPANY,State,,[],[2-0491],Approved,1,"2,820,000",2026,September,9
MN,"Goodhue, MN",BELLECHESTER,Ag Partners Coop,AG PARTNERS ELEVATOR,Federal,I - Issued,[3-9280],[2-0499],Approved,1,"1,431,000",2026,September,9
MN,"Goodhue, MN",CANNON FALLS,Ag Partners Coop,AG PARTNERS ELEVATOR,Federal,I - Issued,[3-9280],[2-0499],Approved,2,"965,000",2026,September,9
MN,"Goodhue, MN",GOODHUE,Ag Partners Coop,AG PARTNERS ELEVATOR,Federal,I - Issued,[3-9280],[2-0499],Approved,3,"745,000",2026,September,9
MN,"Goodhue, MN",PINE ISLAND,Ag Partners Coop,AG PARTNERS ELEVATOR,Federal,I - Issued,[3-9280],[2-0499],Approved,7,"2,634,000",2026,September,9
MN,"Goodhue, MN",WANAMINGO,Ag Partners Coop,AG PARTNERS ELEVATOR,Federal,I - Issued,[3-9280],[2-0499],Approved,6,"1,843,000",2026,September,9
MN,"Nicollet, MN",St Peter,Ag Partners Coop,AG PARTNERS ELEVATOR,Federal,I - Issued,[3-9280],[2-0499],Approved,15,"445,000",2026,September,9
MN,"Nicollet, MN",St. Peter,Ag Partners Coop,AG PARTNERS ELEVATOR,Federal,I - Issued,[3-9280],[2-0499],Approved,14,"1,164,000",2026,September,9
MN,"Olmsted, MN",EYOTA,Ag Partners Coop,AG PARTNERS ELEVATOR,Federal,I - Issued,[3-9280],[2-0499],Approved,11,"336,000",2026,September,9
MN,"Olmsted, MN",STEWARTVILLE,Ag Partners Coop,AG PARTNERS ELEVATOR,Federal,I - Issued,[3-9280],[2-0499],Approved,9,"4,266,000",2026,September,9
MN,"Olmsted, MN",VIOLA,Ag Partners Coop,AG PARTNERS ELEVATOR,Federal,I - Issued,[3-9280],[2-0499],Approved,12,"548,000",2026,September,9
MN,"Wabasha, MN",ELGIN,Ag Partners Coop,AG PARTNERS ELEVATOR,Federal,I - Issued,[3-9280],[2-0499],Approved,10,"2,885,000",2026,September,9
MN,"Wabasha, MN",LAKE CITY,Ag Partners Coop,AG PARTNERS ELEVATOR,Federal,I - Issued,[3-9280],[2-0499],Approved,5,"1,720,000",2026,September,9
MN,"Winona, MN",LEWISTON,Ag Partners Coop,AG PARTNERS ELEVATOR,Federal,I - Issued,[3-9280],[2-0499],Approved,8,"647,000",2026,September,9
ND,"Traill, ND",ALTON (HILLSBORO),"Alton Grain Terminal, LLC",ALTON GRAIN TERMINAL,Federal,I - Issued,[3-9570],[2-0506],Approved,1,"4,433,000",2026,September,9
MN,"Chippewa, MN",Montevideo,Farmers Co-operative Elevator Company,Farmers Co-operative Elevator Company,State,,[],[2-0514],Approved,8,"7,127,000",2026,September,9
MN,"Lyon, MN",Cottonwood,Farmers Co-operative Elevator Company,Farmers Co-operative Elevator Company,State,,[],[2-0514],Approved,4,"1,395,000",2026,September,9
MN,"Lyon, MN",Minneota,Farmers Co-operative Elevator Company,Farmers Co-operative Elevator Company,State,,[],[2-0514],Approved,2,"575,000",2026,September,9
MN,"Lyon, MN",Taunton,Farmers Co-operative Elevator Company,Farmers Co-operative Elevator Company,State,,[],[2-0514],Approved,7,"2,069,000",2026,September,9
MN,"Renville, MN",Sacred Heart,Farmers Co-operative Elevator Company,Farmers Co-operative Elevator Company,State,,[],[2-0514],Approved,3,"4,950,000",2026,September,9
MN,"Yellow Medicine, MN",Echo,Farmers Co-operative Elevator Company,Farmers Co-operative Elevator Company,State,,[],[2-0514],Approved,5,"1,234,000",2026,September,9
MN,"Yellow Medicine, MN",Hanley Falls,Farmers Co-operative Elevator Company,Farmers Co-operative Elevator Company,State,,[],[2-0514],Approved,1,"7,297,000",2026,September,9
MN,"Freeborn, MN",Hayward,Hayward Co-operative,HAYWARD CO-OPERATIVE,State,,[],[2-0524],Approved,1,"896,000",2026,September,9
MN,"Lincoln, MN",Hendricks,Hendricks Farmers Elevator Association,Hendricks Farmers Elevator Association,State,,[],[2-0536],Approved,1,,2026,September,9
MN,"Lincoln, MN",Ivanhoe,Hendricks Farmers Elevator Association,Hendricks Farmers Elevator Association,State,,[],[2-0536],Approved,2,"281,000",2026,September,9
MN,"Grant, MN",HERMAN,CHS Inc.,CHS Elevators,Federal,I - Issued,[3-9423],[2-0541],Approved,1,"6,179,000",2026,September,9
MN,"Otter Tail, MN",FERGUS FALLS,CHS Inc.,CHS Elevators,Federal,I - Issued,[3-9423],[2-0541],Approved,5,"6,236,000",2026,September,9
MN,"Otter Tail, MN",Fergus Falls,CHS Inc.,CHS Elevators,Federal,I - Issued,[3-9423],[2-0541],Approved,11,"1,141,000",2026,September,9
MN,"Otter Tail, MN",UNDERWOOD,CHS Inc.,CHS Elevators,Federal,I - Issued,[3-9423],[2-0541],Approved,6,"2,010,000",2026,September,9
MN,"Pope, MN",GLENWOOD,CHS Inc.,CHS Elevators,Federal,I - Issued,[3-9423],[2-0541],Approved,9,"6,972,000",2026,September,9
MN,"Pope, MN",LOWRY,CHS Inc.,CHS Elevators,Federal,I - Issued,[3-9423],[2-0541],Approved,8,"1,502,000",2026,September,9
MN,"Stevens, MN",CHOKIO,CHS Inc.,CHS Elevators,Federal,I - Issued,[3-9423],[2-0541],Approved,4,"2,533,000",2026,September,9
MN,"Stevens, MN",MORRIS,CHS Inc.,CHS Elevators,Federal,I - Issued,[3-9423],[2-0541],Approved,3,"2,752,000",2026,September,9
MN,"Todd, MN",LONG PRAIRIE,CHS Inc.,CHS Elevators,Federal,I - Issued,[3-9423],[2-0541],Approved,10,"2,596,000",2026,September,9
SD,"Roberts, SD",WILMOT,CHS Inc.,CHS Elevators,Federal,I - Issued,[3-9423],[2-0541],Approved,7,"748,000",2026,September,9
MN,"Swift, MN",APPLETON,Western Consolidated Cooperative,Western Consolidated Cooperative Elevators,Federal,I - Issued,[3-9711],[2-0552],Approved,2,"3,459,000",2026,September,9
MN,"Swift, MN",HOLLOWAY,Western Consolidated Cooperative,Western Consolidated Cooperative Elevators,Federal,I - Issued,[3-9711],[2-0552],Approved,1,"8,207,000",2026,September,9
SD,"Grant, SD",MILBANK,Western Consolidated Cooperative,Western Consolidated Cooperative Elevators,Federal,I - Issued,[3-9711],[2-0552],Approved,3,"8,261,000",2026,September,9
MN,"McLeod, MN",HUTCHINSON,Hutchinson Co-op,HUTCHINSON CO-OP ELEVATOR,Federal,I - Issued,[3-9383],[2-0561],Approved,1,"1,840,000",2026,September,9
MN,"Lac Qui Parle, MN",DAWSON,Ag Processing Inc a Cooperative,AGP Elevator,Federal,I - Issued,[3-7918],[2-0578],Approved,1,"3,726,000",2026,September,9
MN,"Blue Earth, MN",Mankato,Archer-Daniels-Midland Company,ADM Processing Company - Minnesota Warehouses,Federal,I - Issued,[3-9707],[2-0588],Approved,1,"1,518,000",2026,September,9
MN,"Blue Earth, MN",AMBOY,"Grain Commerce of Southern Minnesota, Inc.",GRAIN COMMERCE WAREHOUSE,Federal,I - Issued,[3-8176],[2-0599],Approved,2,"433,000",2026,September,9
MN,"Blue Earth, MN",LAKE CRYSTAL,"Grain Commerce of Southern Minnesota, Inc.",GRAIN COMMERCE WAREHOUSE,Federal,I - Issued,[3-8176],[2-0599],Approved,1,"1,365,000",2026,September,9
MN,"Kittson, MN",Karlstad,KARLSTAD FARMERS ELEVATOR COMPANY,KARLSTAD FARMERS ELEVATOR,State,,[],[2-0649],Authorized,1,"300,000",2026,September,9
MN,"Wabasha, MN",MILLVILLE,"Millville Feed, Inc.","MILLVILLE FEED, INC.",State,,[],[2-0659],Approved,1,,2026,September,9
MN,"Blue Earth, MN",LAKE CRYSTAL,Crystal Valley Cooperative,CRYSTAL VALLEY COOPERATIVE,State,,[],[2-0665],Approved,4,"1,195,000",2026,September,9
MN,"Blue Earth, MN",VERNON CENTER,Crystal Valley Cooperative,CRYSTAL VALLEY COOPERATIVE,State,,[],[2-0665],Approved,2,"1,170,000",2026,September,9
MN,"Jackson, MN",JACKSON,Crystal Valley Cooperative,CRYSTAL VALLEY COOPERATIVE,State,,[],[2-0665],Approved,6,"4,251,000",2026,September,9
MN,"Martin, MN",TRIMONT,Crystal Valley Cooperative,CRYSTAL VALLEY COOPERATIVE,State,,[],[2-0665],Approved,8,"2,803,000",2026,September,9
MN,"Steele, MN",Hope,Crystal Valley Cooperative,CRYSTAL VALLEY COOPERATIVE,State,,[],[2-0665],Approved,7,"7,885,000",2026,September,9
MN,"Waseca, MN",JANESVILLE,Crystal Valley Cooperative,CRYSTAL VALLEY COOPERATIVE,State,,[],[2-0665],Approved,3,"676,000",2026,September,9
MN,"Watonwan, MN",LASALLE,Crystal Valley Cooperative,CRYSTAL VALLEY COOPERATIVE,State,,[],[2-0665],Approved,5,"921,000",2026,September,9
MN,"Watonwan, MN",MADELIA,Crystal Valley Cooperative,CRYSTAL VALLEY COOPERATIVE,State,,[],[2-0665],Approved,1,"8,126,000",2026,September,9
MN,"Winona, MN",LEWISTON,Lewiston Feed and Produce Company,LEWISTON FEED AND PRODUCE COMPANY,State,,[],[2-0673],Approved,1,,2026,September,9
MN,"Cottonwood, MN",Storden,Meadowland Farmers Coop.,Meadowland Farmers Coop.,State,,[],[2-0681],Approved,3,"2,249,000",2026,September,9
MN,"Cottonwood, MN",Westbrook,Meadowland Farmers Coop.,Meadowland Farmers Coop.,State,,[],[2-0681],Approved,5,"1,626,000",2026,September,9
MN,"Murray, MN",Avoca,Meadowland Farmers Coop.,Meadowland Farmers Coop.,State,,[],[2-0681],Approved,6,"2,081,000",2026,September,9
MN,"Redwood, MN",Delhi,Meadowland Farmers Coop.,Meadowland Farmers Coop.,State,,[],[2-0681],Approved,8,"2,480,000",2026,September,9
MN,"Redwood, MN",Lamberton,Meadowland Farmers Coop.,Meadowland Farmers Coop.,State,,[],[2-0681],Approved,1,"5,280,000",2026,September,9
MN,"Redwood, MN",Redwood Falls,Meadowland Farmers Coop.,Meadowland Farmers Coop.,State,,[],[2-0681],Approved,7,"2,558,000",2026,September,9
MN,"Redwood, MN",Vesta,Meadowland Farmers Coop.,Meadowland Farmers Coop.,State,,[],[2-0681],Approved,9,"3,238,000",2026,September,9
MN,"Redwood, MN",Wabasso,Meadowland Farmers Coop.,Meadowland Farmers Coop.,State,,[],[2-0681],Approved,2,"2,833,000",2026,September,9
MN,"Redwood, MN",Walnut Grove,Meadowland Farmers Coop.,Meadowland Farmers Coop.,State,,[],[2-0681],Approved,4,"9,420,000",2026,September,9
MN,"Martin, MN",FAIRMONT,"NEUSCH FARMS, INC.","NEUSCH FARMS, INC.",State,,[],[2-0711],Authorized,1,,2026,September,9
MN,"Dakota, MN",MIESVILLE,River Country Cooperative,River Country Cooperative Elevator,Federal,I - Issued,[3-9184],[2-0749],Approved,2,"233,000",2026,September,9
MN,"Redwood, MN",MILROY,Farmers Cooperative Association of Milroy,FARMERS COOP ASSOCIATION OF MILROY,State,,[],[2-0755],Approved,1,,2026,September,9
MN,"Brown, MN",COMFREY,Farmward Cooperative,FARMWARD COOPERATIVE,State,,[],[2-0770],Approved,4,"1,354,000",2026,September,9
MN,"Brown, MN",SPRINGFIELD,Farmward Cooperative,FARMWARD COOPERATIVE,State,,[],[2-0770],Approved,1,"9,836,000",2026,September,9
MN,"Redwood, MN",CLEMENTS,Farmward Cooperative,FARMWARD COOPERATIVE,State,,[],[2-0770],Approved,10,"2,990,000",2026,September,9
MN,"Redwood, MN",MORGAN,Farmward Cooperative,FARMWARD COOPERATIVE,State,,[],[2-0770],Approved,2,"3,681,000",2026,September,9
MN,"Renville, MN",DANUBE,Farmward Cooperative,FARMWARD COOPERATIVE,State,,[],[2-0770],Approved,5,"4,628,000",2026,September,9
MN,"Renville, MN",MORTON,Farmward Cooperative,FARMWARD COOPERATIVE,State,,[],[2-0770],Approved,3,"2,600,000",2026,September,9
MN,"Renville, MN",OLIVIA,Farmward Cooperative,FARMWARD COOPERATIVE,State,,[],[2-0770],Approved,6,"1,703,000",2026,September,9
MN,"Renville, MN",RENVILLE,Farmward Cooperative,FARMWARD COOPERATIVE,State,,[],[2-0770],Approved,7,"2,078,000",2026,September,9
MN,"Renville, MN",SACRED HEART,Farmward Cooperative,FARMWARD COOPERATIVE,State,,[],[2-0770],Approved,8,"1,701,000",2026,September,9
MN,"Yellow Medicine, MN",WOOD LAKE,Farmward Cooperative,FARMWARD COOPERATIVE,State,,[],[2-0770],Approved,9,"2,617,000",2026,September,9
MN,"Chippewa, MN",MILAN,Glacial Plains Cooperative,Glacial Plains Cooperative Elevator,Federal,I - Issued,[3-9398],[2-0785],Approved,4,"2,163,000",2026,September,9
MN,"Swift, MN",BENSON,Glacial Plains Cooperative,Glacial Plains Cooperative Elevator,Federal,I - Issued,[3-9398],[2-0785],Approved,2,"5,322,000",2026,September,9
MN,"Swift, MN",MURDOCK,Glacial Plains Cooperative,Glacial Plains Cooperative Elevator,Federal,I - Issued,[3-9398],[2-0785],Approved,1,"6,511,000",2026,September,9
MN,"Marshall, MN",Newfolden,Newfolden Co-op Elevator Ass'n,Newfolden Co-op Elevator Ass'n,State,,[],[2-0811],Approved,1,"1,061,000",2026,September,9
MN,"Marshall, MN",STRANDQUIST,Newfolden Co-op Elevator Ass'n,Newfolden Co-op Elevator Ass'n,State,,[],[2-0811],Approved,2,0,2026,September,9
MN,"Goodhue, MN",CANNON FALLS,"Gilbertson Feed and Grain, Inc.",Nerstrand Agri Center,Federal,I - Issued,[3-9809],[2-0813],Approved,4,"143,000",2026,September,9
MN,"Olmsted, MN",BYRON,"Gilbertson Feed and Grain, Inc.",Nerstrand Agri Center,Federal,I - Issued,[3-9809],[2-0813],Approved,5,"638,000",2026,September,9
MN,"Rice, MN",NERSTRAND,"Gilbertson Feed and Grain, Inc.",Nerstrand Agri Center,Federal,I - Issued,[3-9809],[2-0813],Approved,1,"1,006,000",2026,September,9
MN,"Wabasha, MN",PLAINVIEW,"Doane Grain Service, Inc.",DOANE GRAIN ELEVATOR,Federal,I - Issued,[3-9083],[2-0818],Approved,1,"1,379,000",2026,September,9
MN,"Nicollet, MN",NICOLLET,Nicollet Farmers' Exchange Company,Nicollet Farmers' Exchange Elevator,Federal,I - Issued,[3-9136],[2-0820],Approved,1,"754,000",2026,September,9
MN,"Chisago, MN",NORTH BRANCH,"Peterson's North Branch Mill, Inc.","PETERSON'S NORTH BRANCH MILL, INC.",State,,[],[2-0823],Approved,1,"937,000",2026,September,9
MN,"Wilkin, MN",BRUSHVALE,"Brushvale Grain, Inc.",Brushvale Grain Warehouse,Federal,I - Issued,[3-8327],[2-0849],Approved,1,"3,187,000",2026,September,9
ND,"Richland, ND",GALCHUTT,"Brushvale Grain, Inc.",Brushvale Grain Warehouse,Federal,I - Issued,[3-8327],[2-0849],Approved,2,"127,000",2026,September,9
MN,"Red Lake, MN",PLUMMER,"Red River Ag, LLC",RED RIVER AG ELEVATOR,Federal,I - Issued,[3-10077],[2-0870],Approved,1,"794,000",2026,September,9
MN,"Wilkin, MN",BRECKENRIDGE,Red River Grain Company,RED RIVER GRAIN COMPANY ELEVATOR,Federal,I - Issued,[3-8408],[2-0872],Approved,1,"4,725,000",2026,September,9
MN,"Stevens, MN",HANCOCK,"Hancock Co-op, Inc.","HANCOCK CO-OP, INC.",State,,[],[2-0874],Approved,1,,2026,September,9
MN,"Nobles, MN",WORTHINGTON,"LORU FARMS, LORNA KRUGER AND TODD KRUGER, COPARTNERS",LORU; GRAIN WAREHOUSE,Federal,I - Issued,[3-9983],[2-0897],Approved,1,"1,149,000",2026,September,9
MN,"Otter Tail, MN",PELICAN RAPIDS,Farmers Elevator Company of Pelican Rapids,Farmers Elevator Company of Pelican Rapids,State,,[],[2-0898],Approved,1,"461,000",2026,September,9
MN,"Stearns, MN",Greenwald,"J.V. Pappenfus Elevators, Inc.",Greenwald Elevators,State,,[],[2-0901],Approved,1,"195,000",2026,September,9
MN,"Chippewa, MN",CLARA CITY,Prinsburg Farmers Co-op,PRINSBURG FARMERS COOP,State,,[],[2-0911],Approved,1,"5,737,000",2026,September,9
MN,"Kandiyohi, MN",Prinsburg,Prinsburg Farmers Co-op,PRINSBURG FARMERS COOP,State,,[],[2-0911],Approved,2,"539,000",2026,September,9
MN,"Kandiyohi, MN",RAYMOND,Prinsburg Farmers Co-op,PRINSBURG FARMERS COOP,State,,[],[2-0911],Approved,3,"1,216,000",2026,September,9
MN,"Marshall, MN",Warren (Radium),"Radium, Inc.","Radium, Inc.",State,,[],[2-0924],Approved,1,"349,000",2026,September,9
MN,"Murray, MN",CHANDLER,Chandler Feed Company,CHANDLER FEED COMPANY,State,,[],[2-0971],Approved,1,"1,912,000",2026,September,9
MN,"Murray, MN",Woodstock,Chandler Feed Company,CHANDLER FEED COMPANY,State,,[],[2-0971],Approved,3,"2,193,000",2026,September,9
MN,"Nobles, MN",LEOTA,Chandler Feed Company,CHANDLER FEED COMPANY,State,,[],[2-0971],Approved,4,"1,094,000",2026,September,9
MN,"Pipestone, MN",Edgerton,Chandler Feed Company,CHANDLER FEED COMPANY,State,,[],[2-0971],Approved,2,"2,525,000",2026,September,9
MN,"Pipestone, MN",Pipestone,Chandler Feed Company,CHANDLER FEED COMPANY,State,,[],[2-0971],Approved,6,"2,704,000",2026,September,9
MN,"Rock, MN",HARDWICK,Chandler Feed Company,CHANDLER FEED COMPANY,State,,[],[2-0971],Approved,5,"1,481,000",2026,September,9
IA,"Emmet, IA",DOLLIVER,Central Farm Service,Central Farm Service Elevator,Federal,I - Issued,[3-10123],[2-0991],Approved,7,"1,706,000",2026,September,9
MN,"Dakota, MN",RANDOLPH,Central Farm Service,Central Farm Service Elevator,Federal,I - Issued,[3-10123],[2-0991],Approved,19,"5,909,000",2026,September,9
MN,"Dodge, MN",HAYFIELD,Central Farm Service,Central Farm Service Elevator,Federal,I - Issued,[3-10123],[2-0991],Approved,15,"5,616,000",2026,September,9
MN,"Faribault, MN",DELAVAN,Central Farm Service,Central Farm Service Elevator,Federal,I - Issued,[3-10123],[2-0991],Approved,11,"3,991,000",2026,September,9
MN,"Faribault, MN",WINNEBAGO,Central Farm Service,Central Farm Service Elevator,Federal,I - Issued,[3-10123],[2-0991],Approved,12,"490,000",2026,September,9
MN,"Freeborn, MN",CLARKS GROVE,Central Farm Service,Central Farm Service Elevator,Federal,I - Issued,[3-10123],[2-0991],Approved,4,"1,418,000",2026,September,9
MN,"Freeborn, MN",FREEBORN,Central Farm Service,Central Farm Service Elevator,Federal,I - Issued,[3-10123],[2-0991],Approved,5,"202,000",2026,September,9
MN,"Goodhue, MN",KENYON,Central Farm Service,Central Farm Service Elevator,Federal,I - Issued,[3-10123],[2-0991],Approved,17,"2,735,000",2026,September,9
MN,"Martin, MN",TRUMAN,Central Farm Service,Central Farm Service Elevator,Federal,I - Issued,[3-10123],[2-0991],Approved,1,"1,504,000",2026,September,9
MN,"Martin, MN",WELCOME,Central Farm Service,Central Farm Service Elevator,Federal,I - Issued,[3-10123],[2-0991],Approved,3,"2,463,000",2026,September,9
MN,"Rice, MN",NORTHFIELD,Central Farm Service,Central Farm Service Elevator,Federal,I - Issued,[3-10123],[2-0991],Approved,16,"926,000",2026,September,9
MN,"Watonwan, MN",LEWISVILLE,Central Farm Service,Central Farm Service Elevator,Federal,I - Issued,[3-10123],[2-0991],Approved,2,"1,005,000",2026,September,9
MN,"Watonwan, MN",ST JAMES,Central Farm Service,Central Farm Service Elevator,Federal,I - Issued,[3-10123],[2-0991],Approved,8,"2,990,000",2026,September,9
MN,"Mower, MN",Sargeant,Sargeant Grain Co.,SARGEANT GRAIN CO.,State,,[],[2-1037],Approved,1,,2026,September,9
MN,"Winona, MN",ST CHARLES,TODD ELEVATOR,TODD ELEVATOR,State,,[],[2-1043],Authorized,1,,2026,September,9
MN,"Big Stone, MN",GRACEVILLE,Wheaton-Dumont Coop Elevator,Wheaton-Dumont Coop Elevators,Federal,I - Issued,[3-9536],[2-1179],Approved,10,"8,455,000",2026,September,9
MN,"Traverse, MN",BROWNS VALLEY,Wheaton-Dumont Coop Elevator,Wheaton-Dumont Coop Elevators,Federal,I - Issued,[3-9536],[2-1179],Approved,14,"1,198,000",2026,September,9
MN,"Traverse, MN",DUMONT,Wheaton-Dumont Coop Elevator,Wheaton-Dumont Coop Elevators,Federal,I - Issued,[3-9536],[2-1179],Approved,3,"2,420,000",2026,September,9
MN,"Traverse, MN",WHEATON,Wheaton-Dumont Coop Elevator,Wheaton-Dumont Coop Elevators,Federal,I - Issued,[3-9536],[2-1179],Approved,1,"2,483,000",2026,September,9
MN,"Wilkin, MN",Tenney,Wheaton-Dumont Coop Elevator,Wheaton-Dumont Coop Elevators,Federal,I - Issued,[3-9536],[2-1179],Approved,2,"5,569,000",2026,September,9
ND,"Richland, ND",HANKINSON,Wheaton-Dumont Coop Elevator,Wheaton-Dumont Coop Elevators,Federal,I - Issued,[3-9536],[2-1179],Approved,6,"751,000",2026,September,9
ND,"Richland, ND",LAMARS,Wheaton-Dumont Coop Elevator,Wheaton-Dumont Coop Elevators,Federal,I - Issued,[3-9536],[2-1179],Approved,4,"2,716,000",2026,September,9
ND,"Richland, ND",MANTADOR,Wheaton-Dumont Coop Elevator,Wheaton-Dumont Coop Elevators,Federal,I - Issued,[3-9536],[2-1179],Approved,7,"631,000",2026,September,9
ND,"Richland, ND",RUTLAND,Wheaton-Dumont Coop Elevator,Wheaton-Dumont Coop Elevators,Federal,I - Issued,[3-9536],[2-1179],Approved,11,"114,000",2026,September,9
SD,"Marshall, SD",BRITTON,Wheaton-Dumont Coop Elevator,Wheaton-Dumont Coop Elevators,Federal,I - Issued,[3-9536],[2-1179],Approved,9,"8,280,000",2026,September,9
SD,"Roberts, SD",SISSETON,Wheaton-Dumont Coop Elevator,Wheaton-Dumont Coop Elevators,Federal,I - Issued,[3-9536],[2-1179],Approved,8,"710,000",2026,September,9
MN,"Stearns, MN",Saint Cloud,Archer-Daniels-Midland Company,ARCHER DANIELS MIDLAND COMPANY,State,,[],[2-1186],Approved,2,"3,225,000",2026,September,9
MN,"Winona, MN",WINONA,Archer-Daniels-Midland Company,ARCHER DANIELS MIDLAND COMPANY,State,,[],[2-1186],Approved,1,,2026,September,9
MN,"Blue Earth, MN",MANKATO,New Vision Co-Op,New Vision Co-Op Elevator,Federal,I - Issued,[3-9467],[2-1196],Approved,20,"635,000",2026,September,9
MN,"Cottonwood, MN",JEFFERS,New Vision Co-Op,New Vision Co-Op Elevator,Federal,I - Issued,[3-9467],[2-1196],Approved,6,"1,744,000",2026,September,9
MN,"Cottonwood, MN",MOUNTAIN LAKE,New Vision Co-Op,New Vision Co-Op Elevator,Federal,I - Issued,[3-9467],[2-1196],Approved,5,"4,445,000",2026,September,9
MN,"Cottonwood, MN",WINDOM,New Vision Co-Op,New Vision Co-Op Elevator,Federal,I - Issued,[3-9467],[2-1196],Approved,2,"1,840,000",2026,September,9
MN,"Jackson, MN",HERON LAKE,New Vision Co-Op,New Vision Co-Op Elevator,Federal,I - Issued,[3-9467],[2-1196],Approved,1,"4,167,000",2026,September,9
MN,"Jackson, MN",HERON LAKE,New Vision Co-Op,New Vision Co-Op Elevator,Federal,I - Issued,[3-9467],[2-1196],Approved,17,"4,972,000",2026,September,9
MN,"Nobles, MN",BREWSTER,New Vision Co-Op,New Vision Co-Op Elevator,Federal,I - Issued,[3-9467],[2-1196],Approved,3,"4,183,000",2026,September,9
MN,"Nobles, MN",DUNDEE,New Vision Co-Op,New Vision Co-Op Elevator,Federal,I - Issued,[3-9467],[2-1196],Approved,8,"241,000",2026,September,9
MN,"Nobles, MN",ELLSWORTH,New Vision Co-Op,New Vision Co-Op Elevator,Federal,I - Issued,[3-9467],[2-1196],Approved,13,"813,000",2026,September,9
MN,"Nobles, MN",READING,New Vision Co-Op,New Vision Co-Op Elevator,Federal,I - Issued,[3-9467],[2-1196],Approved,7,"324,000",2026,September,9
MN,"Nobles, MN",WILMONT,New Vision Co-Op,New Vision Co-Op Elevator,Federal,I - Issued,[3-9467],[2-1196],Approved,11,"718,000",2026,September,9
MN,"Nobles, MN",WORTHINGTON,New Vision Co-Op,New Vision Co-Op Elevator,Federal,I - Issued,[3-9467],[2-1196],Approved,4,"995,000",2026,September,9
MN,"Rock, MN",BEAVER CREEK,New Vision Co-Op,New Vision Co-Op Elevator,Federal,I - Issued,[3-9467],[2-1196],Approved,9,"315,000",2026,September,9
MN,"Rock, MN",HILLS,New Vision Co-Op,New Vision Co-Op Elevator,Federal,I - Issued,[3-9467],[2-1196],Approved,10,"4,720,000",2026,September,9
MN,"Rock, MN",MAGNOLIA,New Vision Co-Op,New Vision Co-Op Elevator,Federal,I - Issued,[3-9467],[2-1196],Approved,15,"3,268,000",2026,September,9
MN,"Clay, MN",COMSTOCK,C-W Valley Co-op,C-W VALLEY CO-OP,State,,[],[2-1199],Approved,2,"1,102,000",2026,September,9
MN,"Wilkin, MN",Wolverton,C-W Valley Co-op,C-W VALLEY CO-OP,State,,[],[2-1199],Approved,1,"1,350,000",2026,September,9
MN,"Winona, MN",WINONA,CHS Inc.,CHS WINONA ELEVATOR,Federal,I - Issued,[3-6417],[2-1201],Approved,1,"354,000",2026,September,9
WI,"Lafayette, WI",DARLINGTON,"See-Mor Grain, Inc.","SEE-MOR GRAIN, INC.",State,,[],[2-1329],Approved,1,,2026,September,9
WI,"Lafayette, WI",SHULLSBURG,"See-Mor Grain, Inc.","SEE-MOR GRAIN, INC.",State,,[],[2-1329],Approved,2,,2026,September,9
WI,"Sheboygan, WI",Adell,Adell Cooperative Union,Adell Cooperative Elevator,Federal,I - Issued,[3-9930],[2-1475],Approved,1,"4,409,000",2026,September,9
WI,"Fond Du Lac, WI",RIPON,Archer-Daniels-Midland Company,ARCHER-DANIELS-MIDLAND COMPANY,State,,[],[2-1480],Approved,6,,2026,September,9
WI,"Grant, WI",BOSCOBEL,Archer-Daniels-Midland Company,ARCHER-DANIELS-MIDLAND COMPANY,State,,[],[2-1480],Approved,3,,2026,September,9
WI,"Grant, WI",PLATTEVILLE,Archer-Daniels-Midland Company,ARCHER-DANIELS-MIDLAND COMPANY,State,,[],[2-1480],Approved,10,,2026,September,9
WI,"Lafayette, WI",BELMONT,Archer-Daniels-Midland Company,ARCHER-DANIELS-MIDLAND COMPANY,State,,[],[2-1480],Approved,2,,2026,September,9
WI,"Marquette, WI",WESTFIELD,Archer-Daniels-Midland Company,ARCHER-DANIELS-MIDLAND COMPANY,State,,[],[2-1480],Approved,9,,2026,September,9
WI,"Milwaukee, WI",MILWAUKEE,Archer-Daniels-Midland Company,ARCHER-DANIELS-MIDLAND COMPANY,State,,[],[2-1480],Approved,4,,2026,September,9
WI,"Portage, WI",STEVENS POINT,Archer-Daniels-Midland Company,ARCHER-DANIELS-MIDLAND COMPANY,State,,[],[2-1480],Approved,7,,2026,September,9
WI,"Vernon, WI",VIROQUA,Archer-Daniels-Midland Company,ARCHER-DANIELS-MIDLAND COMPANY,State,,[],[2-1480],Approved,8,,2026,September,9
WI,"Waushara, WI",BERLIN,Archer-Daniels-Midland Company,ARCHER-DANIELS-MIDLAND COMPANY,State,,[],[2-1480],Approved,1,,2026,September,9
WI,"Winnebago, WI",OSHKOSH,Archer-Daniels-Midland Company,ARCHER-DANIELS-MIDLAND COMPANY,State,,[],[2-1480],Approved,5,,2026,September,9
MT,"Teton, MT",DUTTON,Mountain View Co-op,Mountain View Co-Op Elevator,Federal,I - Issued,[3-9381],[2-2048],Approved,1,"4,867,000",2026,September,9
MT,"Dawson, MT",GLENDIVE,CHS Inc.,CHS Elevators,Federal,I - Issued,[1-0299],[2-2097],Approved,30,"1,190,000",2026,September,9
MT,"Dawson, MT",RICHEY,CHS Inc.,CHS Elevators,Federal,I - Issued,[1-0299],[2-2097],Approved,31,"245,000",2026,September,9
MT,"McCone, MT",CIRCLE,CHS Inc.,CHS Elevators,Federal,I - Issued,[1-0299],[2-2097],Approved,29,"250,000",2026,September,9
MT,"Roosevelt, MT",WOLF POINT,CHS Inc.,CHS Elevators,Federal,I - Issued,[1-0299],[2-2097],Approved,32,"3,332,000",2026,September,9
MT,"Valley, MT",GLASGOW,CHS Inc.,CHS Elevators,Federal,I - Issued,[1-0299],[2-2097],Approved,33,"400,000",2026,September,9
MT,"Cascade, MT",GREAT FALLS,"General Mills Operations, LLC",General Mills Elevator,Federal,I - Issued,[3-9300],[2-2112],Approved,1,"1,596,000",2026,September,9
MT,"Chouteau, MT",FORT BENTON,CHS Inc.,CHS Elevators,Federal,I - Issued,[1-0299],[2-2204],Approved,35,"2,466,000",2026,September,9
MT,"Glacier, MT",CUT BANK,CHS Inc.,CHS Elevators,Federal,I - Issued,[1-0299],[2-2204],Approved,39,"614,000",2026,September,9
MT,"Hill, MT",HAVRE,CHS Inc.,CHS Elevators,Federal,I - Issued,[1-0299],[2-2204],Approved,37,"1,874,000",2026,September,9
MT,"Toole, MT",SHELBY,CHS Inc.,CHS Elevators,Federal,I - Issued,[1-0299],[2-2204],Approved,38,"874,000",2026,September,9
MT,"Phillips, MT",SACO,"SACO DEHY, INC.","SACO DEHY, INC.",State,,[],[2-2212],Approved,1,,2026,September,9
WI,"Polk, WI",CUSHING,Cushing Cooperative Society,CUSHING COOPERATIVE SOCIETY,State,,[],[2-2306],Approved,1,"588,000",2026,September,9
MT,"Richland, MT",LAMBERT,Nortana Grain Co.,NORTANA GRAIN CO.,State,,[],[2-2321],Approved,2,"57,000",2026,September,9
MT,"Richland, MT",SIDNEY,Nortana Grain Co.,NORTANA GRAIN CO.,State,,[],[2-2321],Approved,1,"404,000",2026,September,9
MT,"Blaine, MT",HARLEM,"Columbia Grain International, LLC",Columbia Grain Elevators,Federal,I - Issued,[1-0297],[2-2346],Approved,3,"1,014,000",2026,September,9
MT,"Cascade, MT",GREAT FALLS,"Columbia Grain International, LLC",Columbia Grain Elevators,Federal,I - Issued,[1-0297],[2-2346],Approved,8,"413,000",2026,September,9
MT,"Chouteau, MT",CARTER,"Columbia Grain International, LLC",Columbia Grain Elevators,Federal,I - Issued,[1-0297],[2-2346],Approved,6,"1,186,000",2026,September,9
MT,"Chouteau, MT",FORT BENTON,"Columbia Grain International, LLC",Columbia Grain Elevators,Federal,I - Issued,[1-0297],[2-2346],Approved,7,"509,000",2026,September,9
MT,"Fergus, MT",MOORE,"Columbia Grain International, LLC",Columbia Grain Elevators,Federal,I - Issued,[1-0297],[2-2346],Approved,61,"3,418,000",2026,September,9
MT,"Glacier, MT",MERIWETHER (CUT BANK),"Columbia Grain International, LLC",Columbia Grain Elevators,Federal,I - Issued,[1-0297],[2-2346],Approved,12,"523,000",2026,September,9
MT,"Hill, MT",GILDFORD,"Columbia Grain International, LLC",Columbia Grain Elevators,Federal,I - Issued,[1-0297],[2-2346],Approved,2,"340,000",2026,September,9
MT,"Hill, MT",HAVRE,"Columbia Grain International, LLC",Columbia Grain Elevators,Federal,I - Issued,[1-0297],[2-2346],Approved,5,"452,000",2026,September,9
MT,"Hill, MT",RUDYARD,"Columbia Grain International, LLC",Columbia Grain Elevators,Federal,I - Issued,[1-0297],[2-2346],Approved,1,"2,784,000",2026,September,9
MT,"Liberty, MT",CHESTER,"Columbia Grain International, LLC",Columbia Grain Elevators,Federal,I - Issued,[1-0297],[2-2346],Approved,15,"1,082,000",2026,September,9
MT,"Pondera, MT",CONRAD,"Columbia Grain International, LLC",Columbia Grain Elevators,Federal,I - Issued,[1-0297],[2-2346],Approved,9,"758,000",2026,September,9
MT,"Sheridan, MT",PLENTYWOOD,"Columbia Grain International, LLC",Columbia Grain Elevators,Federal,I - Issued,[1-0297],[2-2346],Approved,20,"1,661,000",2026,September,9
MT,"Sheridan, MT",PLENTYWOOD,"Columbia Grain International, LLC",Columbia Grain Elevators,Federal,I - Issued,[1-0297],[2-2346],Approved,21,"320,000",2026,September,9
MT,"Teton, MT",Choteau,"Columbia Grain International, LLC",Columbia Grain Elevators,Federal,I - Issued,[1-0297],[2-2346],Approved,10,"459,000",2026,September,9
MT,"Toole, MT",SWEETGRASS,"Columbia Grain International, LLC",Columbia Grain Elevators,Federal,I - Issued,[1-0297],[2-2346],Approved,13,"1,453,000",2026,September,9
MT,"Richland, MT",FAIRVIEW,"Columbia Grain International, LLC",Columbia Grain Elevators,Federal,I - Issued,[1-0297],[2-2366],Approved,62,"337,000",2026,September,9
MT,"Roosevelt, MT",KASA POINT (WOLF POINT),"Columbia Grain International, LLC",Columbia Grain Elevators,Federal,I - Issued,[1-0297],[2-2366],Approved,18,"2,756,000",2026,September,9
MT,"Roosevelt, MT",WOLF POINT,"Columbia Grain International, LLC",Columbia Grain Elevators,Federal,I - Issued,[1-0297],[2-2366],Approved,19,"563,000",2026,September,9
MT,"Daniels, MT",FOUR BUTTES,Pro Co-Op,Pro Co-Op,State,,[],[2-2413],Approved,3,"331,000",2026,September,9
MT,"Daniels, MT",PEERLESS,Pro Co-Op,Pro Co-Op,State,,[],[2-2413],Approved,2,"154,000",2026,September,9
MT,"Valley, MT",OPHEIM,Pro Co-Op,Pro Co-Op,State,,[],[2-2413],Approved,1,"146,000",2026,September,9
MT,"Sheridan, MT",WESTBY,New Century Ag,New Century Ag Elevators,Federal,I - Issued,[3-9886],[2-2634],Approved,5,"2,703,000",2026,September,9
WI,"Jackson, WI",FAIRCHILD,FEDERATION COOPERATIVE,FEDERATION COOPERATIVE,State,,[],[2-2988],Authorized,1,"567,000",2026,September,9
WI,"Brown, WI",GREENLEAF,VP Holdings Corporation,VP Holdings Corporation Elevator,Federal,I - Issued,[3-9844],[2-3020],Approved,6,"236,000",2026,September,9
WI,"Clark, WI",LOYAL,VP Holdings Corporation,VP Holdings Corporation Elevator,Federal,I - Issued,[3-9844],[2-3020],Approved,4,"1,299,000",2026,September,9
WI,"Columbia, WI",FALL RIVER,VP Holdings Corporation,VP Holdings Corporation Elevator,Federal,I - Issued,[3-9844],[2-3020],Approved,1,"2,414,000",2026,September,9
WI,"Iowa, WI",DODGEVILLE,VP Holdings Corporation,VP Holdings Corporation Elevator,Federal,I - Issued,[3-9844],[2-3020],Approved,3,"2,515,000",2026,September,9
WI,"Jefferson, WI",LAKE MILLS,VP Holdings Corporation,VP Holdings Corporation Elevator,Federal,I - Issued,[3-9844],[2-3020],Approved,2,"473,000",2026,September,9
WI,"Price, WI",KENNAN,VP Holdings Corporation,VP Holdings Corporation Elevator,Federal,I - Issued,[3-9844],[2-3020],Approved,5,"123,000",2026,September,9
WI,"Buffalo, WI",Mondovi,Landmark Services Cooperative,Landmark Services Cooperative Elevators,Federal,I - Issued,[3-9994],[2-3125],Approved,12,"1,384,000",2026,September,9
WI,"Columbia, WI",FALL RIVER,Landmark Services Cooperative,Landmark Services Cooperative Elevators,Federal,I - Issued,[3-9994],[2-3125],Approved,9,"7,218,000",2026,September,9
WI,"Dane, WI",COTTAGE GROVE,Landmark Services Cooperative,Landmark Services Cooperative Elevators,Federal,I - Issued,[3-9994],[2-3125],Approved,1,"5,117,000",2026,September,9
WI,"Dunn, WI",Menomonie,Landmark Services Cooperative,Landmark Services Cooperative Elevators,Federal,I - Issued,[3-9994],[2-3125],Approved,17,"103,000",2026,September,9
WI,"Eau Claire, WI",Fall Creek,Landmark Services Cooperative,Landmark Services Cooperative Elevators,Federal,I - Issued,[3-9994],[2-3125],Approved,13,"655,000",2026,September,9
WI,"Green, WI",BELLEVILLE,Landmark Services Cooperative,Landmark Services Cooperative Elevators,Federal,I - Issued,[3-9994],[2-3125],Approved,3,"1,195,000",2026,September,9
WI,"Pepin, WI",Durand,Landmark Services Cooperative,Landmark Services Cooperative Elevators,Federal,I - Issued,[3-9994],[2-3125],Approved,10,"1,023,000",2026,September,9
WI,"Pierce, WI",Elmwood,Landmark Services Cooperative,Landmark Services Cooperative Elevators,Federal,I - Issued,[3-9994],[2-3125],Approved,11,"1,489,000",2026,September,9
WI,"Pierce, WI",HAGER CITY,Landmark Services Cooperative,Landmark Services Cooperative Elevators,Federal,I - Issued,[3-9994],[2-3125],Approved,18,"3,950,000",2026,September,9
WI,"Racine, WI",BURLINGTON,Landmark Services Cooperative,Landmark Services Cooperative Elevators,Federal,I - Issued,[3-9994],[2-3125],Approved,7,"2,707,000",2026,September,9
WI,"Rock, WI",EVANSVILLE,Landmark Services Cooperative,Landmark Services Cooperative Elevators,Federal,I - Issued,[3-9994],[2-3125],Approved,5,"9,717,000",2026,September,9
WI,"Rock, WI",WHITEWATER,Landmark Services Cooperative,Landmark Services Cooperative Elevators,Federal,I - Issued,[3-9994],[2-3125],Approved,8,"2,500,000",2026,September,9
WI,"St. Croix, WI",Baldwin,Landmark Services Cooperative,Landmark Services Cooperative Elevators,Federal,I - Issued,[3-9994],[2-3125],Approved,16,"1,041,000",2026,September,9
WI,"St. Croix, WI",New Richmond,Landmark Services Cooperative,Landmark Services Cooperative Elevators,Federal,I - Issued,[3-9994],[2-3125],Approved,19,"1,210,000",2026,September,9
WI,"Trempealeau, WI",Osseo,Landmark Services Cooperative,Landmark Services Cooperative Elevators,Federal,I - Issued,[3-9994],[2-3125],Approved,14,"3,061,000",2026,September,9
WI,"Dane, WI",MARSHALL,"Duffy Grain, Inc.",DUFFY GRAIN ELEVATOR,Federal,I - Issued,[3-9925],[2-3129],Approved,2,"1,650,000",2026,September,9
WI,"Dodge, WI",COLUMBUS,"Duffy Grain, Inc.",DUFFY GRAIN ELEVATOR,Federal,I - Issued,[3-9925],[2-3129],Approved,1,"2,625,000",2026,September,9
WI,"Outagamie, WI",KAUKAUNA,"Van Groll, Inc.","VAN GROLL, INC.",State,,[],[2-3132],Approved,1,,2026,September,9
WI,"Dodge, WI",WAUPUN,"GROWMARK, Inc.","Insight FS, A Division of Growmark",Federal,I - Issued,[3-9960],[2-3185],Approved,4,"1,276,000",2026,September,9
WI,"Fond Du Lac, WI",BRANDON,"GROWMARK, Inc.","Insight FS, A Division of Growmark",Federal,I - Issued,[3-9960],[2-3185],Approved,3,"158,000",2026,September,9
WI,"Jefferson, WI",IXONIA,"GROWMARK, Inc.","Insight FS, A Division of Growmark",Federal,I - Issued,[3-9960],[2-3185],Approved,2,"1,820,000",2026,September,9
WI,"Jefferson, WI",JEFFERSON,"GROWMARK, Inc.","Insight FS, A Division of Growmark",Federal,I - Issued,[3-9960],[2-3185],Approved,1,"2,139,000",2026,September,9
WI,"La Crosse, WI",LA CROSSE,"Cargill, Incorporated",Cargill NRR Elevators,Federal,I - Issued,[3-10090],[2-3209],Approved,2,"155,000",2026,September,9
WI,"Brown, WI",DENMARK,United Cooperative,United Cooperative Elevator,Federal,I - Issued,[3-9922],[2-3243],Approved,12,"1,558,000",2026,September,9
WI,"Brown, WI",PULASKI,United Cooperative,United Cooperative Elevator,Federal,I - Issued,[3-9922],[2-3243],Approved,10,"1,891,000",2026,September,9
WI,"Dodge, WI",BEAVER DAM,United Cooperative,United Cooperative Elevator,Federal,I - Issued,[3-9922],[2-3243],Approved,1,"5,350,000",2026,September,9
WI,"Dodge, WI",HORICON,United Cooperative,United Cooperative Elevator,Federal,I - Issued,[3-9922],[2-3243],Approved,3,"5,906,000",2026,September,9
WI,"Dodge, WI",WAUPUN,United Cooperative,United Cooperative Elevator,Federal,I - Issued,[3-9922],[2-3243],Approved,24,"3,722,000",2026,September,9
WI,"Fond Du Lac, WI",RIPON,United Cooperative,United Cooperative Elevator,Federal,I - Issued,[3-9922],[2-3243],Approved,6,"8,728,000",2026,September,9
WI,"Fond Du Lac, WI",RIPON,United Cooperative,United Cooperative Elevator,Federal,I - Issued,[3-9922],[2-3243],Approved,15,"6,976,000",2026,September,9
WI,"Grant, WI",BOSCOBEL,United Cooperative,United Cooperative Elevator,Federal,I - Issued,[3-9922],[2-3243],Approved,22,"7,022,000",2026,September,9
WI,"Grant, WI",PLATTEVILLE,United Cooperative,United Cooperative Elevator,Federal,I - Issued,[3-9922],[2-3243],Approved,23,"882,000",2026,September,9
WI,"Green Lake, WI",MARKESAN,United Cooperative,United Cooperative Elevator,Federal,I - Issued,[3-9922],[2-3243],Approved,28,"864,000",2026,September,9
WI,"Jefferson, WI",JOHNSON CREEK,United Cooperative,United Cooperative Elevator,Federal,I - Issued,[3-9922],[2-3243],Approved,4,"2,767,000",2026,September,9
WI,"Juneau, WI",NECEDAH,United Cooperative,United Cooperative Elevator,Federal,I - Issued,[3-9922],[2-3243],Approved,25,"2,595,000",2026,September,9
WI,"Lafayette, WI",BELMONT,United Cooperative,United Cooperative Elevator,Federal,I - Issued,[3-9922],[2-3243],Approved,21,"2,781,000",2026,September,9
WI,"Marquette, WI",WESTFIELD,United Cooperative,United Cooperative Elevator,Federal,I - Issued,[3-9922],[2-3243],Approved,16,"2,592,000",2026,September,9
WI,"Oconto, WI",OCONTO FALLS,United Cooperative,United Cooperative Elevator,Federal,I - Issued,[3-9922],[2-3243],Approved,17,"2,596,000",2026,September,9
WI,"Outagamie, WI",BLACK CREEK,United Cooperative,United Cooperative Elevator,Federal,I - Issued,[3-9922],[2-3243],Approved,26,"4,565,000",2026,September,9
WI,"Rock, WI",MILTON,United Cooperative,United Cooperative Elevator,Federal,I - Issued,[3-9922],[2-3243],Approved,9,"1,794,000",2026,September,9
WI,"Sauk, WI",ROCK SPRINGS,United Cooperative,United Cooperative Elevator,Federal,I - Issued,[3-9922],[2-3243],Approved,7,"4,454,000",2026,September,9
WI,"Sauk, WI",SAUK CITY,United Cooperative,United Cooperative Elevator,Federal,I - Issued,[3-9922],[2-3243],Approved,8,"2,514,000",2026,September,9
WI,"Shawano, WI",SHAWANO,United Cooperative,United Cooperative Elevator,Federal,I - Issued,[3-9922],[2-3243],Approved,18,"1,508,000",2026,September,9
WI,"Vernon, WI",HILLSBORO,United Cooperative,United Cooperative Elevator,Federal,I - Issued,[3-9922],[2-3243],Approved,13,"2,802,000",2026,September,9
WI,"Waushara, WI",BERLIN,United Cooperative,United Cooperative Elevator,Federal,I - Issued,[3-9922],[2-3243],Approved,5,"1,938,000",2026,September,9
WI,"Waushara, WI",BERLIN,United Cooperative,United Cooperative Elevator,Federal,I - Issued,[3-9922],[2-3243],Approved,20,"1,937,000",2026,September,9
WI,"Winnebago, WI",OSHKOSH,United Cooperative,United Cooperative Elevator,Federal,I - Issued,[3-9922],[2-3243],Approved,14,"6,471,000",2026,September,9
IL,"Boone, IL",GARDEN PRAIRIE,"The DeLong Co., Inc.",Delco Elevators,Federal,I - Issued,[3-7916],[2-3358],Approved,20,"6,805,000",2026,September,9
IL,"De Kalb, IL",WATERMAN,"The DeLong Co., Inc.",Delco Elevators,Federal,I - Issued,[3-7916],[2-3358],Approved,16,"6,509,000",2026,September,9
IL,"Kane, IL",HAMPSHIRE,"The DeLong Co., Inc.",Delco Elevators,Federal,I - Issued,[3-7916],[2-3358],Approved,14,"3,852,000",2026,September,9
IL,"Kane, IL",MAPLE PARK (TROXEL),"The DeLong Co., Inc.",Delco Elevators,Federal,I - Issued,[3-7916],[2-3358],Approved,15,"2,198,000",2026,September,9
IL,"Kendall, IL",MINOOKA,"The DeLong Co., Inc.",Delco Elevators,Federal,I - Issued,[3-7916],[2-3358],Approved,18,"1,984,000",2026,September,9
IL,"McHenry, IL",CHEMUNG (EAST),"The DeLong Co., Inc.",Delco Elevators,Federal,I - Issued,[3-7916],[2-3358],Approved,9,"1,613,000",2026,September,9
IL,"McHenry, IL",CHEMUNG (WEST),"The DeLong Co., Inc.",Delco Elevators,Federal,I - Issued,[3-7916],[2-3358],Approved,10,"5,722,000",2026,September,9
IL,"McHenry, IL",MARENGO,"The DeLong Co., Inc.",Delco Elevators,Federal,I - Issued,[3-7916],[2-3358],Approved,19,"4,817,000",2026,September,9
IL,"McHenry, IL",RIDGEFIELD,"The DeLong Co., Inc.",Delco Elevators,Federal,I - Issued,[3-7916],[2-3358],Approved,8,"2,842,000",2026,September,9
IL,"Winnebago, IL",ALWORTH,"The DeLong Co., Inc.",Delco Elevators,Federal,I - Issued,[3-7916],[2-3358],Approved,17,"1,946,000",2026,September,9
IL,"Winnebago, IL",SOUTH BELOIT,"The DeLong Co., Inc.",Delco Elevators,Federal,I - Issued,[3-7916],[2-3358],Approved,7,"5,145,000",2026,September,9
WI,"Racine, WI",UNION GROVE,"The DeLong Co., Inc.",Delco Elevators,Federal,I - Issued,[3-7916],[2-3358],Approved,3,"3,483,000",2026,September,9
WI,"Rock, WI",AVALON,"The DeLong Co., Inc.",Delco Elevators,Federal,I - Issued,[3-7916],[2-3358],Approved,5,"4,078,000",2026,September,9
WI,"Rock, WI",CLINTON,"The DeLong Co., Inc.",Delco Elevators,Federal,I - Issued,[3-7916],[2-3358],Approved,1,"4,004,000",2026,September,9
WI,"Rock, WI",JANESVILLE,"The DeLong Co., Inc.",Delco Elevators,Federal,I - Issued,[3-7916],[2-3358],Approved,2,"2,374,000",2026,September,9
WI,"Rock, WI",ORFORDVILLE (BELOIT),"The DeLong Co., Inc.",Delco Elevators,Federal,I - Issued,[3-7916],[2-3358],Approved,12,"155,000",2026,September,9
WI,"Walworth, WI",SHARON,"The DeLong Co., Inc.",Delco Elevators,Federal,I - Issued,[3-7916],[2-3358],Approved,4,"1,701,000",2026,September,9
IL,"Boone, IL",CALEDONIA,"Farm-City Elevator, Inc.",Farm-City Elevator,Federal,I - Issued,[3-9908],[2-3455],Approved,7,"2,284,000",2026,September,9
WI,"Rock, WI",BRODHEAD,"Farm-City Elevator, Inc.",Farm-City Elevator,Federal,I - Issued,[3-9908],[2-3455],Approved,2,"4,201,000",2026,September,9
WI,"Rock, WI",MILTON,"Farm-City Elevator, Inc.",Farm-City Elevator,Federal,I - Issued,[3-9908],[2-3455],Approved,4,"1,744,000",2026,September,9
WI,"Rock, WI",ORFORDVILLE,"Farm-City Elevator, Inc.",Farm-City Elevator,Federal,I - Issued,[3-9908],[2-3455],Approved,5,"3,861,000",2026,September,9
WI,"Walworth, WI",DARIEN,"Farm-City Elevator, Inc.",Farm-City Elevator,Federal,I - Issued,[3-9908],[2-3455],Approved,1,"3,063,000",2026,September,9
WI,"Walworth, WI",DARIEN,"Farm-City Elevator, Inc.",Farm-City Elevator,Federal,I - Issued,[3-9908],[2-3455],Approved,8,"3,731,000",2026,September,9
WI,"Walworth, WI",LAKE GENEVA,"Farm-City Elevator, Inc.",Farm-City Elevator,Federal,I - Issued,[3-9908],[2-3455],Approved,3,"5,582,000",2026,September,9
WI,"Walworth, WI",SHARON,"Farm-City Elevator, Inc.",Farm-City Elevator,Federal,I - Issued,[3-9908],[2-3455],Approved,6,"2,965,000",2026,September,9
WI,"Dane, WI",Mazomanie,Premier Cooperative,Premier Cooperative Elevators,Federal,I - Issued,[3-9921],[2-3496],Approved,2,"2,144,000",2026,September,9
WI,"Iowa, WI",Mineral Point,Premier Cooperative,Premier Cooperative Elevators,Federal,I - Issued,[3-9921],[2-3496],Approved,1,"2,446,000",2026,September,9
WI,"Richland, WI",Richland Center,Premier Cooperative,Premier Cooperative Elevators,Federal,I - Issued,[3-9921],[2-3496],Approved,3,"890,000",2026,September,9
WI,"Vernon, WI",Westby,Premier Cooperative,Premier Cooperative Elevators,Federal,I - Issued,[3-9921],[2-3496],Approved,4,"1,679,000",2026,September,9
WI,"La Crosse, WI",Holmen,Dummer Farms Incorporated,Dummer Farms Elevator,Federal,I - Issued,[3-9927],[2-3506],Approved,2,"670,000",2026,September,9
WI,"Columbia, WI",CAMBRIA,"Didion, Inc.","DIDION, INC. ELEVATORS",Federal,I - Issued,[3-9623],[2-3509],Approved,1,"3,615,000",2026,September,9
WI,"Clark, WI",LOYAL,"Northside Elevator, Inc.","NORTHSIDE ELEVATOR, INC.",State,,[],[2-3579],Approved,1,,2026,September,9
WI,"Juneau, WI",MAUSTON,"Walsh Grain Farms, Inc.","WALSH GRAIN FARMS, INC.",State,,[],[2-3596],Approved,1,,2026,September,9
ND,"Richland, ND",FAIRMOUNT,"West Acres Grain, Inc.",West Acres Grain Elevator,Federal,I - Issued,[3-8951],[2-3922],Approved,1,"2,383,000",2026,September,9
ND,"McLean, ND",Benedict,Richardson Ag Inc.,McLean Elevator Company,State,,[],[2-4007],Approved,1,"552,000",2026,September,9
ND,"Cavalier, ND",ALSEN,Alsen Farmers Elevator Company,ALSEN FARMERS ELEVATOR COMPANY,State,,[],[2-4017],Approved,1,,2026,September,9
ND,"Cass, ND",ARTHUR,"The Arthur Companies, Inc.","THE ARTHUR COMPANIES, INC.",State,,[],[2-4045],Approved,2,,2026,September,9
ND,"Cass, ND",AYR,"The Arthur Companies, Inc.","THE ARTHUR COMPANIES, INC.",State,,[],[2-4045],Approved,1,,2026,September,9
ND,"Cass, ND","BUFFALO,","The Arthur Companies, Inc.","THE ARTHUR COMPANIES, INC.",State,,[],[2-4045],Approved,4,,2026,September,9
ND,"Cass, ND",PAGE,"The Arthur Companies, Inc.","THE ARTHUR COMPANIES, INC.",State,,[],[2-4045],Approved,3,,2026,September,9
ND,"McHenry, ND",ANAMOOSE,"The Arthur Companies, Inc.","THE ARTHUR COMPANIES, INC.",State,,[],[2-4045],Approved,6,,2026,September,9
ND,"Wells, ND",HARVEY,"The Arthur Companies, Inc.","THE ARTHUR COMPANIES, INC.",State,,[],[2-4045],Approved,5,,2026,September,9
ND,"Golden Valley, ND",BEACH,Beach Co-operative Grain Company,BEACH CO-OPERATIVE GRAIN COMPANY,State,,[],[2-4117],Approved,1,,2026,September,9
ND,"Barnes, ND",Tower City,EVERGREEN GRAIN COMPANY,EVERGREEN GRAIN COMPANY,State,,[],[2-4126],Authorized,1,"298,000",2026,September,9
ND,"Richland, ND",WYNDMERE,"DIRECT GRAIN, INC.","DIRECT GRAIN, INC.",State,,[],[2-4152],Authorized,1,"992,000",2026,September,9
ND,"Bowman, ND",BOWMAN,"Bowman Grain, Inc.","BOWMAN GRAIN, INC.",State,,[],[2-4154],Approved,1,,2026,September,9
ND,"Bottineau, ND",BOTTINEAU,Border Ag & Energy,Border Ag & Energy Elevators,Federal,I - Issued,[3-9507],[2-4195],Approved,1,"3,511,000",2026,September,9
ND,"Bottineau, ND",KRAMER,Border Ag & Energy,Border Ag & Energy Elevators,Federal,I - Issued,[3-9507],[2-4195],Approved,5,"782,000",2026,September,9
ND,"Bottineau, ND",LANSFORD,Border Ag & Energy,Border Ag & Energy Elevators,Federal,I - Issued,[3-9507],[2-4195],Approved,6,"801,000",2026,September,9
ND,"Bottineau, ND",RUSSELL,Border Ag & Energy,Border Ag & Energy Elevators,Federal,I - Issued,[3-9507],[2-4195],Approved,4,"3,560,000",2026,September,9
ND,"Bottineau, ND",SOURIS,Border Ag & Energy,Border Ag & Energy Elevators,Federal,I - Issued,[3-9507],[2-4195],Approved,2,"500,000",2026,September,9
ND,"Bottineau, ND",WESTHOPE,Border Ag & Energy,Border Ag & Energy Elevators,Federal,I - Issued,[3-9507],[2-4195],Approved,3,"1,740,000",2026,September,9
ND,"Cass, ND",WEST FARGO,"Cargill, Incorporated",CARGILL WEST FARGO ELEVATOR,Federal,I - Issued,[3-7335],[2-4216],Approved,1,"5,373,000",2026,September,9
ND,"Ward, ND",Berthold,"Berthold Farmers Elevator, LLC","Berthold Farmers Elevator, LLC",State,,[],[2-4226],Approved,1,"1,651,000",2026,September,9
ND,"Ward, ND",CARPIO,"Berthold Farmers Elevator, LLC","Berthold Farmers Elevator, LLC",State,,[],[2-4226],Approved,2,"975,000",2026,September,9
ND,"Traill, ND",HILLSBORO (TAFT),Rahr Malting Co.,Taft Elevator,State,,[],[2-4248],Approved,1,"5,573,000",2026,September,9
ND,"Cass, ND",CASSELTON,Clifford Farmers Co-Operative Elevator Company,Clifford Farmers Co-Operative Elevator Company,State,,[],[2-4264],Approved,3,,2026,September,9
ND,"Cass, ND",GARDNER,Clifford Farmers Co-Operative Elevator Company,Clifford Farmers Co-Operative Elevator Company,State,,[],[2-4264],Approved,5,"821,000",2026,September,9
ND,"Cass, ND",Hunter,Clifford Farmers Co-Operative Elevator Company,Clifford Farmers Co-Operative Elevator Company,State,,[],[2-4264],Approved,6,"2,288,000",2026,September,9
ND,"Steele, ND",HOPE,Clifford Farmers Co-Operative Elevator Company,Clifford Farmers Co-Operative Elevator Company,State,,[],[2-4264],Approved,2,,2026,September,9
ND,"Traill, ND",CLIFFORD,Clifford Farmers Co-Operative Elevator Company,Clifford Farmers Co-Operative Elevator Company,State,,[],[2-4264],Approved,1,,2026,September,9
ND,"Traill, ND",Galesburg,Clifford Farmers Co-Operative Elevator Company,Clifford Farmers Co-Operative Elevator Company,State,,[],[2-4264],Approved,4,"4,116,000",2026,September,9
ND,"Grand Forks, ND",Arvilla,"Columbia Grain International, LLC",Columbia Grain Elevators,Federal,I - Issued,[1-0297],[2-4303],Approved,27,"2,392,000",2026,September,9
ND,"Grand Forks, ND",Larimore,"Columbia Grain International, LLC",Columbia Grain Elevators,Federal,I - Issued,[1-0297],[2-4303],Approved,28,"945,000",2026,September,9
ND,"Pembina, ND",CRYSTAL,"Columbia Grain International, LLC",Columbia Grain Elevators,Federal,I - Issued,[1-0297],[2-4303],Approved,26,"1,761,000",2026,September,9
ND,"Walsh, ND",GRAFTON,"Columbia Grain International, LLC",Columbia Grain Elevators,Federal,I - Issued,[1-0297],[2-4303],Approved,63,"849,000",2026,September,9
ND,"Walsh, ND",MINTO,"Columbia Grain International, LLC",Columbia Grain Elevators,Federal,I - Issued,[1-0297],[2-4303],Approved,56,"797,000",2026,September,9
ND,"Divide, ND",CROSBY,New Century Ag,New Century Ag Elevators,Federal,I - Issued,[3-9886],[2-4310],Approved,3,"283,000",2026,September,9
ND,"Divide, ND",NOONAN,New Century Ag,New Century Ag Elevators,Federal,I - Issued,[3-9886],[2-4310],Approved,4,"2,464,000",2026,September,9
ND,"Nelson, ND",TOLNA,"Tronson Grain, LLC","TRONSON GRAIN, LLC",State,,[],[2-4392],Approved,2,,2026,September,9
ND,"Ramsey, ND",DOYON,"Tronson Grain, LLC","TRONSON GRAIN, LLC",State,,[],[2-4392],Approved,1,,2026,September,9
ND,"Cass, ND",EMBDEN,Embden Grain Co.,EMBDEN GRAIN CO.,State,,[],[2-4446],Approved,1,,2026,September,9
ND,"Grand Forks, ND",EMERADO,EMERADO FARMERS ELEVATOR,EMERADO FARMERS ELEVATOR,State,,[],[2-4447],Authorized,1,"578,000",2026,September,9
ND,"Grant, ND",ELGIN,"DAKOTA GRAIN COMPANY, INC.","DAKOTA GRAIN COMPANY, INC.",State,,[],[2-4462],Authorized,1,,2026,September,9
ND,"Grant, ND",LEITH,"DAKOTA GRAIN COMPANY, INC.","DAKOTA GRAIN COMPANY, INC.",State,,[],[2-4462],Authorized,2,,2026,September,9
ND,,LEEDS,CenDak Cooperative,CenDak Cooperative,State,,[],[2-4498],Approved,12,"3,586,000",2026,September,9
ND,"Benson, ND",ESMOND,CenDak Cooperative,CenDak Cooperative,State,,[],[2-4498],Approved,3,,2026,September,9
ND,"Benson, ND",HARLOW,CenDak Cooperative,CenDak Cooperative,State,,[],[2-4498],Approved,7,,2026,September,9
ND,"Benson, ND",Leeds,CenDak Cooperative,CenDak Cooperative,State,,[],[2-4498],Approved,11,"431,000",2026,September,9
ND,"Benson, ND",MADDOCK,CenDak Cooperative,CenDak Cooperative,State,,[],[2-4498],Approved,8,,2026,September,9
ND,"Benson, ND",OBERON,CenDak Cooperative,CenDak Cooperative,State,,[],[2-4498],Approved,9,"326,000",2026,September,9
ND,"Eddy, ND",NEW ROCKFORD,CenDak Cooperative,CenDak Cooperative,State,,[],[2-4498],Approved,6,,2026,September,9
ND,"Eddy, ND",SHEYENNE,CenDak Cooperative,CenDak Cooperative,State,,[],[2-4498],Approved,10,"702,000",2026,September,9
ND,"Foster, ND",CARRINGTON,CenDak Cooperative,CenDak Cooperative,State,,[],[2-4498],Approved,5,,2026,September,9
ND,"Wells, ND",FESSENDEN,CenDak Cooperative,CenDak Cooperative,State,,[],[2-4498],Approved,1,,2026,September,9
ND,"Wells, ND",Hamberg,CenDak Cooperative,CenDak Cooperative,State,,[],[2-4498],Approved,4,,2026,September,9
ND,"Wells, ND",Hamberg,CenDak Cooperative,CenDak Cooperative,State,,[],[2-4498],Approved,13,"640,000",2026,September,9
ND,"Wells, ND",HEIMDAL,CenDak Cooperative,CenDak Cooperative,State,,[],[2-4498],Approved,2,,2026,September,9
ND,"Griggs, ND",Cooperstown,Finley Farmers Grain & Elevator Company,FINLEY FARMERS GRAIN & ELEVATOR COMPANY,State,,[],[2-4502],Approved,2,,2026,September,9
ND,"Steele, ND",FINLEY,Finley Farmers Grain & Elevator Company,FINLEY FARMERS GRAIN & ELEVATOR COMPANY,State,,[],[2-4502],Approved,1,,2026,September,9
ND,"Dickey, ND",FORBES,FORBES EQUITY EXCHANGE,FORBES EQUITY EXCHANGE,State,,[],[2-4513],Authorized,1,,2026,September,9
ND,"Walsh, ND",FORDVILLE,The Fordville Co-operative Marketing Association,The Fordville Co-operative Marketing Association,State,,[],[2-4514],Approved,1,"1,867,000",2026,September,9
ND,"Walsh, ND",FOREST RIVER,Farmers Elevator Company of Forest River,Farmers Elevator Company of Forest River,State,,[],[2-4516],Approved,1,"850,000",2026,September,9
ND,"Dickey, ND",FULLERTON,Fullerton Farmers Elevator,FULLERTON FARMERS ELEVATOR,State,,[],[2-4534],Approved,1,,2026,September,9
ND,"Wells, ND",SYKESTON,MILLER ELEVATOR COMPANY,MILLER ELEVATOR COMPANY,State,,[],[2-4540],Authorized,1,"176,000",2026,September,9
ND,"Griggs, ND",HANNAFORD,MILLER ELEVATOR COMPANY,MILLER ELEVATOR COMPANY,State,,[],[2-4543],Authorized,2,,2026,September,9
ND,"Griggs, ND",WALUM,MILLER ELEVATOR COMPANY,MILLER ELEVATOR COMPANY,State,,[],[2-4543],Authorized,1,,2026,September,9
ND,"Barnes, ND",Rogers,"Columbia Grain International, LLC",Columbia Grain Elevators,Federal,I - Issued,[1-0297],[2-4561],Approved,57,"4,666,000",2026,September,9
ND,"Barnes, ND",VALLEY CITY,"Columbia Grain International, LLC",Columbia Grain Elevators,Federal,I - Issued,[1-0297],[2-4561],Approved,31,"5,117,000",2026,September,9
ND,"Eddy, ND",New Rockford,"Columbia Grain International, LLC",Columbia Grain Elevators,Federal,I - Issued,[1-0297],[2-4561],Approved,59,"4,466,000",2026,September,9
ND,"Foster, ND",Carrington,"Columbia Grain International, LLC",Columbia Grain Elevators,Federal,I - Issued,[1-0297],[2-4561],Approved,60,"1,141,000",2026,September,9
ND,"Stutsman, ND",JAMESTOWN,"Columbia Grain International, LLC",Columbia Grain Elevators,Federal,I - Issued,[1-0297],[2-4561],Approved,58,"5,951,000",2026,September,9
ND,"McLean, ND",GARRISON,CHS Inc.,CHS GARRISON ELEVATORS,Federal,I - Issued,[3-9608],[2-4575],Approved,1,"2,491,000",2026,September,9
ND,"Adams, ND",Hettinger,CHS Inc.,CHS Southwest Grain Elevators,Federal,I - Issued,[3-9434],[2-4583],Approved,13,"620,000",2026,September,9
ND,"Grant, ND",Elgin,CHS Inc.,CHS Southwest Grain Elevators,Federal,I - Issued,[3-9434],[2-4583],Approved,10,"84,000",2026,September,9
ND,"Hettinger, ND",New England,CHS Inc.,CHS Southwest Grain Elevators,Federal,I - Issued,[3-9434],[2-4583],Approved,8,"136,000",2026,September,9
ND,"Hettinger, ND",Regent,CHS Inc.,CHS Southwest Grain Elevators,Federal,I - Issued,[3-9434],[2-4583],Approved,9,"410,000",2026,September,9
ND,"Morton, ND",NEW SALEM,CHS Inc.,CHS Southwest Grain Elevators,Federal,I - Issued,[3-9434],[2-4583],Approved,14,"1,855,000",2026,September,9
ND,"Stark, ND",Belfield,CHS Inc.,CHS Southwest Grain Elevators,Federal,I - Issued,[3-9434],[2-4583],Approved,6,"120,000",2026,September,9
ND,"Stark, ND",Dickinson,CHS Inc.,CHS Southwest Grain Elevators,Federal,I - Issued,[3-9434],[2-4583],Approved,4,"192,000",2026,September,9
ND,"Stark, ND",Dickinson,CHS Inc.,CHS Southwest Grain Elevators,Federal,I - Issued,[3-9434],[2-4583],Approved,12,"894,000",2026,September,9
ND,"Stark, ND",Gladstone,CHS Inc.,CHS Southwest Grain Elevators,Federal,I - Issued,[3-9434],[2-4583],Approved,2,"189,000",2026,September,9
ND,"Stark, ND",Taylor,CHS Inc.,CHS Southwest Grain Elevators,Federal,I - Issued,[3-9434],[2-4583],Approved,1,"2,645,000",2026,September,9
SD,"Perkins, SD",Lemmon,CHS Inc.,CHS Southwest Grain Elevators,Federal,I - Issued,[3-9434],[2-4583],Approved,11,"1,570,000",2026,September,9
ND,"Morton, ND",GLEN ULLIN,CIRCLE K FEED & GRAIN INC,CIRCLE K FEED & GRAIN INC,State,,[],[2-4601],Approved,1,,2026,September,9
ND,,GOODRICH,CC GRAIN LLC,CC GRAIN,State,,[],[2-4612],Approved,1,,2026,September,9
ND,"McHenry, ND",ANAMOOSE,"The Arthur Companies, Inc.",HARVEY FARMERS ELEVATOR,State,,[],[2-4707],Approved,2,"863,000",2026,September,9
ND,"Wells, ND",HARVEY,"The Arthur Companies, Inc.",HARVEY FARMERS ELEVATOR,State,,[],[2-4707],Approved,1,"2,464,000",2026,September,9
MN,"Kittson, MN",KENNEDY,CHS Inc.,CHS ELEVATOR,Federal,I - Issued,[3-9432],[2-4734],Approved,3,"123,000",2026,September,9
ND,"Grand Forks, ND",MANVEL,CHS Inc.,CHS ELEVATOR,Federal,I - Issued,[3-9432],[2-4734],Approved,7,"249,000",2026,September,9
ND,"Pembina, ND",CAVALIER,CHS Inc.,CHS ELEVATOR,Federal,I - Issued,[3-9432],[2-4734],Approved,6,"451,000",2026,September,9
ND,"Pembina, ND",DRAYTON,CHS Inc.,CHS ELEVATOR,Federal,I - Issued,[3-9432],[2-4734],Approved,1,"6,636,000",2026,September,9
ND,"Pembina, ND",GLASSTON,CHS Inc.,CHS ELEVATOR,Federal,I - Issued,[3-9432],[2-4734],Approved,4,"277,000",2026,September,9
ND,"Pembina, ND",HENSEL,CHS Inc.,CHS ELEVATOR,Federal,I - Issued,[3-9432],[2-4734],Approved,5,"190,000",2026,September,9
ND,,HETTINGER,HETTINGER CO-OP EQUITY EXCHANGE,HETTINGER CO-OP EQUITY EXCHANGE,State,,[],[2-4741],Approved,1,,2026,September,9
ND,"Grand Forks, ND",HONEYFORD,The Farmers Elevator Company of Honeyford North Dakota,THE FARMERS ELEVATOR COMPANY OF HONEYFORD NORTH DAKOTA,State,,[],[2-4751],Approved,1,,2026,September,9
ND,"Grand Forks, ND",MCCANNA,The Farmers Elevator Company of Honeyford North Dakota,THE FARMERS ELEVATOR COMPANY OF HONEYFORD NORTH DAKOTA,State,,[],[2-4751],Approved,3,,2026,September,9
ND,"Grand Forks, ND",NIAGARA,The Farmers Elevator Company of Honeyford North Dakota,THE FARMERS ELEVATOR COMPANY OF HONEYFORD NORTH DAKOTA,State,,[],[2-4751],Approved,2,,2026,September,9
ND,"Nelson, ND",DAHLEN,The Farmers Elevator Company of Honeyford North Dakota,THE FARMERS ELEVATOR COMPANY OF HONEYFORD NORTH DAKOTA,State,,[],[2-4751],Approved,4,"328,000",2026,September,9
ND,"Nelson, ND",PETERSBURG,The Farmers Elevator Company of Honeyford North Dakota,THE FARMERS ELEVATOR COMPANY OF HONEYFORD NORTH DAKOTA,State,,[],[2-4751],Approved,5,"173,000",2026,September,9
ND,"Walsh, ND",HOOPLE,HOOPLE FARMERS GRAIN CO.,HOOPLE FARMERS GRAIN CO.,State,,[],[2-4753],Authorized,1,"1,267,825",2026,September,9
ND,"Foster, ND",CARRINGTON (BORDULAC),The Kensal Farmers' Elevator Company,The Kensal Farmers' Elevator Company,State,,[],[2-4822],Approved,2,,2026,September,9
ND,"Stutsman, ND",KENSAL,The Kensal Farmers' Elevator Company,The Kensal Farmers' Elevator Company,State,,[],[2-4822],Approved,1,,2026,September,9
ND,"La Moure, ND",ADRIAN,Larson Grain Company,LARSON GRAIN COMPANY,State,,[],[2-4860],Approved,2,,2026,September,9
ND,"La Moure, ND",LaMoure,Larson Grain Company,LARSON GRAIN COMPANY,State,,[],[2-4860],Approved,1,,2026,September,9
ND,"Bottineau, ND",LANDA,LANDA COOP ELEVATOR COMPANY,LANDA COOP ELEVATOR COMPANY,State,,[],[2-4878],Approved,1,,2026,September,9
ND,"Richland, ND",LIDGERWOOD,"The Farmers Cooperative Elevator Company of Lidgerwood, North Dakota","THE FARMERS COOPERATIVE ELEVATOR COMPANY OF LIDGERWOOD, NORTH DAKOTA",State,,[],[2-4909],Approved,1,,2026,September,9
ND,"Sargent, ND",GENESEO,"The Farmers Cooperative Elevator Company of Lidgerwood, North Dakota","THE FARMERS COOPERATIVE ELEVATOR COMPANY OF LIDGERWOOD, NORTH DAKOTA",State,,[],[2-4909],Approved,2,,2026,September,9
ND,"Sheridan, ND",MCCLUSKY,Co-op Elevator of McClusky,CO-OP ELEVATOR OF MCCLUSKY,State,,[],[2-4958],Approved,1,,2026,September,9
ND,"La Moure, ND",MARION,Plains Grain & Agronomy Cooperative,Plains Grain & Agronomy Cooperative,State,,[],[2-4989],Approved,4,"1,125,000",2026,September,9
ND,"Ransom, ND",ENDERLIN,Plains Grain & Agronomy Cooperative,Plains Grain & Agronomy Cooperative,State,,[],[2-4989],Approved,1,"5,923,000",2026,September,9
ND,"Ransom, ND",LISBON,Plains Grain & Agronomy Cooperative,Plains Grain & Agronomy Cooperative,State,,[],[2-4989],Approved,2,"95,000",2026,September,9
ND,"Ransom, ND",SHELDON,Plains Grain & Agronomy Cooperative,Plains Grain & Agronomy Cooperative,State,,[],[2-4989],Approved,3,"446,000",2026,September,9
ND,"McLean, ND",MAX,"TriGen Ag Partners, LLC","TRIGEN AG PARTNERS, LLC",State,,[],[2-4996],Approved,1,,2026,September,9
ND,"Mountrail, ND",PLAZA,"TriGen Ag Partners, LLC","TRIGEN AG PARTNERS, LLC",State,,[],[2-4996],Approved,2,"1,895,000",2026,September,9
ND,"Ward, ND",MAKOTI,"TriGen Ag Partners, LLC","TRIGEN AG PARTNERS, LLC",State,,[],[2-4996],Approved,3,"541,000",2026,September,9
ND,"Ward, ND",RYDER,"TriGen Ag Partners, LLC","TRIGEN AG PARTNERS, LLC",State,,[],[2-4996],Approved,4,"1,138,000",2026,September,9
ND,"Sargent, ND",MILNOR,Milnor Grain Company,MILNOR GRAIN COMPANY,State,,[],[2-5019],Approved,1,"1,762,000",2026,September,9
ND,"Bottineau, ND",Lansford,CHS Inc.,CHS Sunprairie Elevators,Federal,I - Issued,[3-9429],[2-5021],Approved,9,"3,881,000",2026,September,9
ND,"Burke, ND",Bowbells,CHS Inc.,CHS Sunprairie Elevators,Federal,I - Issued,[3-9429],[2-5021],Approved,7,"1,089,000",2026,September,9
ND,"Renville, ND",Mohall,CHS Inc.,CHS Sunprairie Elevators,Federal,I - Issued,[3-9429],[2-5021],Approved,3,"459,000",2026,September,9
ND,"Renville, ND",Norma,CHS Inc.,CHS Sunprairie Elevators,Federal,I - Issued,[3-9429],[2-5021],Approved,8,"247,000",2026,September,9
ND,"Ward, ND",MINOT,CHS Inc.,CHS Sunprairie Elevators,Federal,I - Issued,[3-9429],[2-5021],Approved,1,"3,895,000",2026,September,9
ND,"Cavalier, ND",CALVIN,CHS Inc.,CHS Elevators,Federal,I - Issued,[3-9437],[2-5024],Approved,6,"1,166,000",2026,September,9
ND,"Cavalier, ND",LANGDON,CHS Inc.,CHS Elevators,Federal,I - Issued,[3-9437],[2-5024],Approved,5,"1,916,000",2026,September,9
ND,"Cavalier, ND",MILTON,CHS Inc.,CHS Elevators,Federal,I - Issued,[3-9437],[2-5024],Approved,1,"1,934,000",2026,September,9
ND,"Cavalier, ND",SARLES,CHS Inc.,CHS Elevators,Federal,I - Issued,[3-9437],[2-5024],Approved,7,"200,000",2026,September,9
ND,"Griggs, ND",Hannaford,CHS Inc.,CHS Elevators,Federal,I - Issued,[3-9437],[2-5024],Approved,18,"5,962,000",2026,September,9
ND,"Nelson, ND",LAKOTA,CHS Inc.,CHS Elevators,Federal,I - Issued,[3-9437],[2-5024],Approved,15,"1,699,000",2026,September,9
ND,"Ramsey, ND",DEVILS LAKE,CHS Inc.,CHS Elevators,Federal,I - Issued,[3-9437],[2-5024],Approved,13,"1,803,000",2026,September,9
ND,"Ramsey, ND",EDMORE,CHS Inc.,CHS Elevators,Federal,I - Issued,[3-9437],[2-5024],Approved,3,"233,000",2026,September,9
ND,"Walsh, ND",LANKIN,CHS Inc.,CHS Elevators,Federal,I - Issued,[3-9437],[2-5024],Approved,11,"296,000",2026,September,9
ND,"McHenry, ND",BALFOUR,"Dakota Midland Grain, LLC","DAKOTA MIDLAND GRAIN, LLC",State,,[],[2-5027],Approved,3,,2026,September,9
ND,"McHenry, ND",VOLTAIRE,"Dakota Midland Grain, LLC","DAKOTA MIDLAND GRAIN, LLC",State,,[],[2-5027],Approved,1,,2026,September,9
ND,"Ward, ND",SURREY,"Dakota Midland Grain, LLC","DAKOTA MIDLAND GRAIN, LLC",State,,[],[2-5027],Approved,2,,2026,September,9
ND,"Ward, ND",SURREY,"Dakota Midland Grain, LLC",Dakota Midland Grain Elevator,Federal,P - Pending,[3-10240],[2-5027P],Pending,1,,2026,September,9
ND,"McHenry, ND",VELVA,Archer-Daniels-Midland Company,ARCHER DANIELS MIDLAND COMPANY,State,,[],[2-5062],Approved,1,,2026,September,9
ND,,NAPOLEON,CHS Inc.,CHS South Central Elevators,Federal,I - Issued,[3-9480],[2-5079],Approved,1,"3,368,000",2026,September,9
ND,"Burleigh, ND",STERLING,CHS Inc.,CHS South Central Elevators,Federal,I - Issued,[3-9480],[2-5079],Approved,5,"1,144,000",2026,September,9
ND,"Emmons, ND",Hazelton,CHS Inc.,CHS South Central Elevators,Federal,I - Issued,[3-9480],[2-5079],Approved,2,"429,000",2026,September,9
ND,"Grant, ND",NEW LEIPZIG,Bison Grain Company,NEW LEIPZIG GRAIN COMPANY,State,,[],[2-5084],Approved,1,,2026,September,9
ND,"Grand Forks, ND",NORTHWOOD,Northwood Equity Elevator Company,NORTHWOOD EQUITY ELEVATOR COMPANY,State,,[],[2-5123],Approved,1,,2026,September,9
ND,"Traill, ND",HATTON,Northwood Equity Elevator Company,NORTHWOOD EQUITY ELEVATOR COMPANY,State,,[],[2-5123],Approved,2,"1,664,000",2026,September,9
ND,,NASH,Nash Grain & Trading Co.,NASH GRAIN & TRADING CO,State,,[],[2-5129],Approved,1,"409,000",2026,September,9
MN,"Kittson, MN",Hallock,North Prairie Ag,North Prairie Ag Elevator,Federal,I - Issued,[3-9560],[2-5168],Approved,4,"1,879,000",2026,September,9
ND,"Cavalier, ND",Munich,North Prairie Ag,North Prairie Ag Elevator,Federal,I - Issued,[3-9560],[2-5168],Approved,3,"460,000",2026,September,9
ND,"Cavalier, ND",Nekoma,North Prairie Ag,North Prairie Ag Elevator,Federal,I - Issued,[3-9560],[2-5168],Approved,2,"3,828,000",2026,September,9
ND,"Cavalier, ND",Osnabrock,North Prairie Ag,North Prairie Ag Elevator,Federal,I - Issued,[3-9560],[2-5168],Approved,1,"529,000",2026,September,9
ND,"Mountrail, ND",NEW TOWN,United Quality Cooperative,UNITED QUALITY COOPERATIVE,State,,[],[2-5197],Approved,2,,2026,September,9
ND,"Mountrail, ND",PARSHALL,United Quality Cooperative,UNITED QUALITY COOPERATIVE,State,,[],[2-5197],Approved,1,,2026,September,9
ND,"Mountrail, ND",ROSS,United Quality Cooperative,UNITED QUALITY COOPERATIVE,State,,[],[2-5197],Approved,3,,2026,September,9
ND,"Nelson, ND",PEKIN,Pekin Cooperative Elevator Company,PEKIN COOPERATIVE ELEVATOR COMPANY,State,,[],[2-5202],Approved,1,"465,000",2026,September,9
ND,"Bottineau, ND",OVERLY,Legacy Cooperative,Legacy Cooperative,State,,[],[2-5208],Approved,4,"417,000",2026,September,9
ND,"Cavalier, ND",WALES,Legacy Cooperative,Legacy Cooperative,State,,[],[2-5208],Approved,9,"167,000",2026,September,9
ND,"Rolette, ND",ROLETTE,Legacy Cooperative,Legacy Cooperative,State,,[],[2-5208],Approved,6,"1,181,000",2026,September,9
ND,"Rolette, ND",ROLLA,Legacy Cooperative,Legacy Cooperative,State,,[],[2-5208],Approved,3,"1,041,000",2026,September,9
ND,"Towner, ND",Bisbee,Legacy Cooperative,Legacy Cooperative,State,,[],[2-5208],Approved,1,"3,297,000",2026,September,9
ND,"Towner, ND",CANDO,Legacy Cooperative,Legacy Cooperative,State,,[],[2-5208],Approved,7,"1,726,000",2026,September,9
ND,"Towner, ND",EGELAND,Legacy Cooperative,Legacy Cooperative,State,,[],[2-5208],Approved,8,"750,000",2026,September,9
ND,"Towner, ND",PERTH,Legacy Cooperative,Legacy Cooperative,State,,[],[2-5208],Approved,2,"102,000",2026,September,9
ND,"Towner, ND",ROCK LAKE,Legacy Cooperative,Legacy Cooperative,State,,[],[2-5208],Approved,5,"960,000",2026,September,9
ND,"Barnes, ND",PEAK,HI LINE FARMERS UNION GRAIN CO,HI LINE FARMERS UNION GRAIN CO,State,,[],[2-5209],Approved,1,,2026,September,9
ND,"Burke, ND",Powers Lake,Richardson Ag Inc.,Powers Lake Elevator Company,State,,[],[2-5240],Approved,1,"336,000",2026,September,9
ND,"Williams, ND",Ray,Ray Farmers Union Elevator Company,RAY FARMERS UNION ELEVATOR COMPANY,State,,[],[2-5267],Approved,1,"926,000",2026,September,9
ND,"Grand Forks, ND",Thompson,Valley United Co-op,VALLEY UNITED CO-OP,State,,[],[2-5282],Approved,3,"1,560,000",2026,September,9
ND,"Traill, ND",BUXTON,Valley United Co-op,VALLEY UNITED CO-OP,State,,[],[2-5282],Approved,2,"1,040,000",2026,September,9
ND,"Traill, ND",REYNOLDS,Valley United Co-op,VALLEY UNITED CO-OP,State,,[],[2-5282],Approved,1,"2,991,000",2026,September,9
ND,"Barnes, ND",ROGERS,Archer-Daniels-Midland Company,ADM-BENSON-QUINN,State,,[],[2-5295],Approved,1,,2026,September,9
ND,"Benson, ND",YORK,Rugby Farmers Elevator,RUGBY FARMERS ELEVATOR,State,,[],[2-5313],Approved,3,,2026,September,9
ND,"Bottineau, ND",WILLOW CITY,Rugby Farmers Elevator,RUGBY FARMERS ELEVATOR,State,,[],[2-5313],Approved,2,,2026,September,9
ND,"Pierce, ND",RUGBY,Rugby Farmers Elevator,RUGBY FARMERS ELEVATOR,State,,[],[2-5313],Approved,1,,2026,September,9
ND,"Bowman, ND",SCRANTON,Scranton Equity Exchange,SCRANTON EQUITY EXCHANGE,State,,[],[2-5359],Approved,1,,2026,September,9
ND,"Stutsman, ND",Streeter,"Farmers Cooperative Elevator Company of Streeter, North Dakota","Farmers Cooperative Elevator Company of Streeter, North Dakota",State,,[],[2-5417],Approved,1,,2026,September,9
ND,"Renville, ND",Tolley,Richardson Ag Inc.,Renville Elevator Company,State,,[],[2-5472],Approved,1,,2026,September,9
ND,"McLean, ND",TURTLE LAKE,Equity Elevator & Trading Co.,EQUITY ELEVATOR & TRADING CO.,State,,[],[2-5485],Approved,1,,2026,September,9
ND,"Kidder, ND",Tuttle,Tuttle Farmers Elevator,TUTTLE FARMERS ELEVATOR,State,,[],[2-5490],Approved,1,,2026,September,9
ND,"Billings, ND",HEBRON,Archer-Daniels-Midland Company,ADM-BENSON-QUINN,State,,[],[2-5511],Approved,3,,2026,September,9
ND,"Oliver, ND",Hensler,Archer-Daniels-Midland Company,ADM-BENSON-QUINN,State,,[],[2-5511],Approved,2,,2026,September,9
ND,"Kidder, ND",STEELE,Steele Farmers Elevator,STEELE FARMERS ELEVATOR,State,,[],[2-5517],Approved,1,,2026,September,9
ND,"Stutsman, ND",WOODWORTH,Woodworth Farmers Grain Co.,WOODWORTH FARMERS GRAIN CO.,State,,[],[2-5656],Approved,1,,2026,September,9
ND,"McKenzie, ND",Watford City,Horizon Resources,Horizon Resources Elevators,Federal,I - Issued,[3-9796],[2-5657],Approved,2,"473,000",2026,September,9
ND,"Williams, ND",Alamo,Horizon Resources,Horizon Resources Elevators,Federal,I - Issued,[3-9796],[2-5657],Approved,5,"190,000",2026,September,9
ND,"Williams, ND",Grenora,Horizon Resources,Horizon Resources Elevators,Federal,I - Issued,[3-9796],[2-5657],Approved,4,"205,000",2026,September,9
ND,"Williams, ND",WILLISTON,Horizon Resources,Horizon Resources Elevators,Federal,I - Issued,[3-9796],[2-5657],Approved,1,"1,287,000",2026,September,9
ND,"Williams, ND",Zahl,Horizon Resources,Horizon Resources Elevators,Federal,I - Issued,[3-9796],[2-5657],Approved,3,"522,000",2026,September,9
ND,"Cass, ND",HARWOOD,CHS Inc.,CHS Dakota Plains Ag Elevators,Federal,I - Issued,[3-9441],[2-5660],Approved,3,"322,000",2026,September,9
ND,"Cass, ND",KINDRED,CHS Inc.,CHS Dakota Plains Ag Elevators,Federal,I - Issued,[3-9441],[2-5660],Approved,1,"5,755,000",2026,September,9
ND,"La Moure, ND",EDGELEY,CHS Inc.,CHS Dakota Plains Ag Elevators,Federal,I - Issued,[3-9441],[2-5660],Approved,9,"2,808,000",2026,September,9
ND,"Richland, ND",GALCHUTT,CHS Inc.,CHS Dakota Plains Ag Elevators,Federal,I - Issued,[3-9441],[2-5660],Approved,5,"349,000",2026,September,9
ND,"Richland, ND",MOORETON,CHS Inc.,CHS Dakota Plains Ag Elevators,Federal,I - Issued,[3-9441],[2-5660],Approved,6,"405,000",2026,September,9
ND,"Sargent, ND",GWINNER,CHS Inc.,CHS Dakota Plains Ag Elevators,Federal,I - Issued,[3-9441],[2-5660],Approved,8,"2,486,000",2026,September,9
SD,"Roberts, SD",CLAIRE CITY,CHS Inc.,CHS Dakota Plains Ag Elevators,Federal,I - Issued,[3-9441],[2-5660],Approved,7,"933,000",2026,September,9
SD,"Brown, SD",CLAREMONT,Full Circle Ag,FULL CIRCLE AG,State,,[],[2-6014],Approved,2,"533,000",2026,September,9
SD,"Marshall, SD",AMHERST,Full Circle Ag,FULL CIRCLE AG,State,,[],[2-6014],Approved,1,"390,000",2026,September,9
SD,"Kingsbury, SD",BADGER,BADGER FARMERS CO-OP,BADGER FARMERS CO-OP,State,,[],[2-6071],Approved,1,,2026,September,9
SD,"Clay, SD",MECKLING,Southeast Farmers Coop,Southeast Farmers Coop Warehouse,Federal,I - Issued,[3-8335],[2-6079],Approved,5,"5,182,000",2026,September,9
SD,"Turner, SD",CENTERVILLE,Southeast Farmers Coop,Southeast Farmers Coop Warehouse,Federal,I - Issued,[3-8335],[2-6079],Approved,4,"1,655,000",2026,September,9
SD,"Union, SD",BERESFORD,Southeast Farmers Coop,Southeast Farmers Coop Warehouse,Federal,I - Issued,[3-8335],[2-6079],Approved,1,"6,704,000",2026,September,9
SD,"Union, SD",ELK POINT,Southeast Farmers Coop,Southeast Farmers Coop Warehouse,Federal,I - Issued,[3-8335],[2-6079],Approved,2,"9,553,000",2026,September,9
SD,"Roberts, SD",CORONA,Corona Grain and Feed Company,CORONA GRAIN AND FEED COMPANY,State,,[],[2-6178],Approved,1,"273,000",2026,September,9
SD,"Minnehaha, SD",DELL RAPIDS,Dell Rapids Co-op Grain,Dell Rapids Co-Op Grain Elevator,Federal,I - Issued,[3-9576],[2-6234],Approved,1,"2,349,000",2026,September,9
SD,,FAULKTON,FAULKTON FARMERS ELEVATOR CO,FAULKTON FARMERS ELEVATOR CO,State,,[],[2-6325],Approved,1,,2026,September,9
SD,"Sanborn, SD",Artesian,Farmers Elevator Company of Forestburg,Farmers Elevator Company of Forestburg,State,,[],[2-6338],Approved,1,,2026,September,9
SD,"Clay, SD",VERMILLION,Ag Opportunities Inc.,AG OPPORTUNITIES INC.,State,,[],[2-6353],Authorized,1,"2,375,000",2026,September,9
MN,"Lyon, MN",MARSHALL,CHS Inc.,CHS Elevators,Federal,I - Issued,[3-9444],[2-6374],Approved,11,"127,000",2026,September,9
MN,"Lyon, MN",TRACY,CHS Inc.,CHS Elevators,Federal,I - Issued,[3-9444],[2-6374],Approved,13,"1,735,000",2026,September,9
MN,"Pipestone, MN",Pipestone,CHS Inc.,CHS Elevators,Federal,I - Issued,[3-9444],[2-6374],Approved,17,"9,786,000",2026,September,9
MN,"Pipestone, MN",Ruthton,CHS Inc.,CHS Elevators,Federal,I - Issued,[3-9444],[2-6374],Approved,12,"5,787,000",2026,September,9
MN,"Rock, MN",KANARANZI,CHS Inc.,CHS Elevators,Federal,I - Issued,[3-9444],[2-6374],Approved,10,"1,050,000",2026,September,9
MN,"Rock, MN",LUVERNE,CHS Inc.,CHS Elevators,Federal,I - Issued,[3-9444],[2-6374],Approved,8,"481,000",2026,September,9
MN,"Rock, MN",MAGNOLIA,CHS Inc.,CHS Elevators,Federal,I - Issued,[3-9444],[2-6374],Approved,9,"1,222,000",2026,September,9
SD,"Brookings, SD",ELKTON,CHS Inc.,CHS Elevators,Federal,I - Issued,[3-9444],[2-6374],Approved,14,"227,000",2026,September,9
SD,"Lincoln, SD",CANTON,CHS Inc.,CHS Elevators,Federal,I - Issued,[3-9444],[2-6374],Approved,4,"5,292,000",2026,September,9
SD,"Lincoln, SD",WORTHING,CHS Inc.,CHS Elevators,Federal,I - Issued,[3-9444],[2-6374],Approved,5,"5,878,000",2026,September,9
SD,"Minnehaha, SD",BALTIC,CHS Inc.,CHS Elevators,Federal,I - Issued,[3-9444],[2-6374],Approved,7,"705,000",2026,September,9
SD,"Minnehaha, SD",BRANDON,CHS Inc.,CHS Elevators,Federal,I - Issued,[3-9444],[2-6374],Approved,1,"1,969,000",2026,September,9
SD,"Charles Mix, SD",GEDDES,Geddes Farmers Co-op,GEDDES FARMERS CO-OP ELEVATOR,State,,[],[2-6380],Approved,1,,2026,September,9
SD,"Hamlin, SD",HAYTI,Hamlin County Farmers Cooperative,HAMLIN COUNTY FARMERS COOPERATIVE,State,,[],[2-6439],Approved,1,"923,000",2026,September,9
SD,"Hamlin, SD",HAZEL,Hamlin County Farmers Cooperative,HAMLIN COUNTY FARMERS COOPERATIVE,State,,[],[2-6439],Approved,2,"1,274,000",2026,September,9
SD,"Potter, SD",HOVEN,Hoven Equity Exchange,HOVEN EQUITY EXCHANGE,State,,[],[2-6468],Approved,1,"992,000",2026,September,9
SD,"Miner, SD",HOWARD,Howard Farmers Cooperative Association,HOWARD FARMERS COOPERATIVE ASSOCIATION,State,,[],[2-6470],Approved,1,,2026,September,9
SD,"Lincoln, SD",HUDSON,Cooperative Farmers Elevator,Cooperative Farmers Elevator,Federal,I - Issued,[3-8795],[2-6471],Approved,4,"2,959,000",2026,September,9
SD,"Minnehaha, SD",Humboldt,Farmers Elevator Company of Humboldt,FARMERS ELEVATOR,Federal,I - Issued,[3-7364],[2-6476],Approved,1,"884,000",2026,September,9
SD,"Hutchinson, SD",KAYLOR,KAYLOR GRAIN CO INC.,KAYLOR GRAIN CO INC.,State,,[],[2-6486],Authorized,1,"600,000",2026,September,9
SD,"Hutchinson, SD",PARKSTON,KAYLOR GRAIN CO INC.,KAYLOR GRAIN CO INC.,State,,[],[2-6486],Authorized,2,"1,000,000",2026,September,9
ND,"Emmons, ND",HAGUE,Agtegra Cooperative,Agtegra Cooperative Elevators,Federal,I - Issued,[3-9471],[2-6511],Approved,42,"1,117,000",2026,September,9
SD,"Brown, SD",WARNER (WEST),Agtegra Cooperative,Agtegra Cooperative Elevators,Federal,I - Issued,[3-9471],[2-6511],Approved,27,"3,261,000",2026,September,9
SD,"Campbell, SD",HERREID,Agtegra Cooperative,Agtegra Cooperative Elevators,Federal,I - Issued,[3-9471],[2-6511],Approved,41,"665,000",2026,September,9
SD,"Campbell, SD",POLLOCK,Agtegra Cooperative,Agtegra Cooperative Elevators,Federal,I - Issued,[3-9471],[2-6511],Approved,40,"745,000",2026,September,9
SD,"Edmunds, SD",BOWDLE,Agtegra Cooperative,Agtegra Cooperative Elevators,Federal,I - Issued,[3-9471],[2-6511],Approved,36,"1,038,000",2026,September,9
SD,"Edmunds, SD",BOWDLE (WEST),Agtegra Cooperative,Agtegra Cooperative Elevators,Federal,I - Issued,[3-9471],[2-6511],Approved,37,"10,102,000",2026,September,9
SD,"Edmunds, SD",CRAVEN,Agtegra Cooperative,Agtegra Cooperative Elevators,Federal,I - Issued,[3-9471],[2-6511],Approved,34,"5,370,000",2026,September,9
SD,"Edmunds, SD",IPSWICH,Agtegra Cooperative,Agtegra Cooperative Elevators,Federal,I - Issued,[3-9471],[2-6511],Approved,35,"3,666,000",2026,September,9
SD,"Faulk, SD",FAULKTON (EAST),Agtegra Cooperative,Agtegra Cooperative Elevators,Federal,I - Issued,[3-9471],[2-6511],Approved,33,"4,096,000",2026,September,9
SD,"McPherson, SD",LEOLA,Agtegra Cooperative,Agtegra Cooperative Elevators,Federal,I - Issued,[3-9471],[2-6511],Approved,39,"1,756,000",2026,September,9
SD,"Potter, SD",LEBANON,Agtegra Cooperative,Agtegra Cooperative Elevators,Federal,I - Issued,[3-9471],[2-6511],Approved,29,"757,000",2026,September,9
SD,"Spink, SD",NORTHVILLE,Agtegra Cooperative,Agtegra Cooperative Elevators,Federal,I - Issued,[3-9471],[2-6511],Approved,26,"5,107,000",2026,September,9
SD,"Walworth, SD",JAVA,Agtegra Cooperative,Agtegra Cooperative Elevators,Federal,I - Issued,[3-9471],[2-6511],Approved,38,"440,000",2026,September,9
SD,"Yankton, SD",YANKTON,"Yaggie's, Inc.",YAGGIE'S ELEVATOR,Federal,I - Issued,[3-7747],[2-6556],Approved,1,"1,846,000",2026,September,9
MN,"Lac Qui Parle, MN",Nassau,La Bolt Farmers Grain Co.,LaBolt Farmers Elevator,Federal,I - Issued,[3-10176],[2-6591],Approved,4,"1,528,000",2026,September,9
SD,"Codington, SD",South Shore,La Bolt Farmers Grain Co.,LaBolt Farmers Elevator,Federal,I - Issued,[3-10176],[2-6591],Approved,2,"1,103,000",2026,September,9
SD,"Codington, SD",Waverly,La Bolt Farmers Grain Co.,LaBolt Farmers Elevator,Federal,I - Issued,[3-10176],[2-6591],Approved,3,"83,000",2026,September,9
SD,"Grant, SD",Labolt,La Bolt Farmers Grain Co.,LaBolt Farmers Elevator,Federal,I - Issued,[3-10176],[2-6591],Approved,1,"3,334,000",2026,September,9
SD,"Kingsbury, SD",ARLINGTON,"Prairie Ag Partners, Inc.",Prairie Ag Partners Elevators,Federal,I - Issued,[3-9790],[2-6592],Approved,3,"4,339,000",2026,September,9
SD,"Kingsbury, SD",BADGER,"Prairie Ag Partners, Inc.",Prairie Ag Partners Elevators,Federal,I - Issued,[3-9790],[2-6592],Approved,5,"1,551,000",2026,September,9
SD,"Kingsbury, SD",BANCROFT,"Prairie Ag Partners, Inc.",Prairie Ag Partners Elevators,Federal,I - Issued,[3-9790],[2-6592],Approved,2,"2,219,000",2026,September,9
SD,"Kingsbury, SD",DESMET,"Prairie Ag Partners, Inc.",Prairie Ag Partners Elevators,Federal,I - Issued,[3-9790],[2-6592],Approved,6,"2,375,000",2026,September,9
SD,"Kingsbury, SD",LAKE PRESTON,"Prairie Ag Partners, Inc.",Prairie Ag Partners Elevators,Federal,I - Issued,[3-9790],[2-6592],Approved,1,"4,789,000",2026,September,9
SD,"Kingsbury, SD",OLDHAM,"Prairie Ag Partners, Inc.",Prairie Ag Partners Elevators,Federal,I - Issued,[3-9790],[2-6592],Approved,4,"2,985,000",2026,September,9
SD,"Miner, SD",CARTHAGE,"Prairie Ag Partners, Inc.",Prairie Ag Partners Elevators,Federal,I - Issued,[3-9790],[2-6592],Approved,7,"169,000",2026,September,9
SD,"Charles Mix, SD",LAKE ANDES,Lake Andes Farmers Cooperative,Lake Andes Farmers Coop Elevator,Federal,I - Issued,[3-9466],[2-6594],Approved,1,"812,000",2026,September,9
SD,"Hamlin, SD",Lake Norden,Lake Norden Farmers Elevator Company,LAKE NORDEN FARMERS ELEVATOR COMPANY,State,,[],[2-6595],Approved,1,"612,000",2026,September,9
SD,"Corson, SD",MCINTOSH,MCINTOSH-WATAUGA EQUITY,MCINTOSH-WATAUGA EQUITY,State,,[],[2-6650],Authorized,1,,2026,September,9
SD,"Corson, SD",MCLAUGHLIN,Agtegra Cooperative,Agtegra Cooperative Elevators,Federal,I - Issued,[3-9471],[2-6652],Approved,8,"5,450,000",2026,September,9
SD,"Lake, SD",Madison,Madison Farmers Elevator Company,Madison Farmers Elevator Company,State,,[],[2-6653],Approved,1,"8,097,000",2026,September,9
SD,"Davison, SD",Mt. Vernon,"Fremar, LLC",Fremar LLC Elevators,Federal,I - Issued,[3-9461],[2-6654],Approved,9,"947,000",2026,September,9
SD,"Hutchinson, SD",DIMOCK,"Fremar, LLC",Fremar LLC Elevators,Federal,I - Issued,[3-9461],[2-6654],Approved,3,"2,045,000",2026,September,9
SD,"Hutchinson, SD",FREEMAN,"Fremar, LLC",Fremar LLC Elevators,Federal,I - Issued,[3-9461],[2-6654],Approved,2,"296,000",2026,September,9
SD,"McCook, SD",SALEM,"Fremar, LLC",Fremar LLC Elevators,Federal,I - Issued,[3-9461],[2-6654],Approved,5,"1,829,000",2026,September,9
SD,"Miner, SD",CANOVA,"Fremar, LLC",Fremar LLC Elevators,Federal,I - Issued,[3-9461],[2-6654],Approved,4,"225,000",2026,September,9
SD,"Minnehaha, SD",LYONS,"Fremar, LLC",Fremar LLC Elevators,Federal,I - Issued,[3-9461],[2-6654],Approved,6,"7,013,000",2026,September,9
SD,"Turner, SD",MARION,"Fremar, LLC",Fremar LLC Elevators,Federal,I - Issued,[3-9461],[2-6654],Approved,1,"10,614,000",2026,September,9
SD,"Turner, SD",VIBORG,"Fremar, LLC",Fremar LLC Elevators,Federal,I - Issued,[3-9461],[2-6654],Approved,7,"2,453,000",2026,September,9
SD,"Brule, SD",CHAMBERLAIN,CHS Inc.,CHS Farmers Alliance Elevators,Federal,I - Issued,[3-9450],[2-6666],Approved,5,"515,000",2026,September,9
SD,"Charles Mix, SD",WAGNER,CHS Inc.,CHS Farmers Alliance Elevators,Federal,I - Issued,[3-9450],[2-6666],Approved,6,"460,000",2026,September,9
SD,"Davison, SD",MITCHELL,CHS Inc.,CHS Farmers Alliance Elevators,Federal,I - Issued,[3-9450],[2-6666],Approved,1,"6,411,000",2026,September,9
SD,"Douglas, SD",CORSICA,CHS Inc.,CHS Farmers Alliance Elevators,Federal,I - Issued,[3-9450],[2-6666],Approved,3,"2,074,000",2026,September,9
SD,"Faulk, SD",ORIENT,"Farmers Oil Company of Orient, South Dakota","Farmers Oil Company of Orient, South Dakota",State,,[],[2-6758],Approved,1,,2026,September,9
SD,"Sully, SD",ONIDA,Oahe Grain Corporation,Oahe Elevator,Federal,I - Issued,[3-4061],[2-6759],Approved,1,"5,732,000",2026,September,9
SD,"Charles Mix, SD",PLATTE,Farmers Elevator Company of Platte,Farmers Elevator Company of Platte,State,,[],[2-6818],Approved,1,,2026,September,9
SD,"Lake, SD",RAMONA,Madison Farmers Elevator Company,Madison Farmers Elevator Company,State,,[],[2-6855],Approved,1,,2026,September,9
SD,"Grant, SD",REVILLO,Revillo Farmers Elevator,REVILLO FARMERS ELEVATOR,State,,[],[2-6879],Approved,1,"1,058,000",2026,September,9
SD,"Dewey, SD",RIDGEVIEW,RIDGEVIEW GRAIN/SHREMPP,RIDGEVIEW GRAIN/SHREMPP,State,,[],[2-6883],Authorized,1,"250,000",2026,September,9
SD,"Roberts, SD",Rosholt,Farmers Cooperative Elevator Company (Rosholt),"FARMERS COOP ELEVATOR COMPANY, ROSHOLT",State,,[],[2-6895],Authorized,1,"1,950,000",2026,September,9
SD,"Beadle, SD",HURON (EAST),Agtegra Cooperative,Agtegra Cooperative Elevators,Federal,I - Issued,[3-9471],[2-6905],Approved,7,"1,101,000",2026,September,9
SD,"Beadle, SD",HURON (WEST),Agtegra Cooperative,Agtegra Cooperative Elevators,Federal,I - Issued,[3-9471],[2-6905],Approved,14,"4,400,000",2026,September,9
SD,"Beadle, SD",WOLSEY,Agtegra Cooperative,Agtegra Cooperative Elevators,Federal,I - Issued,[3-9471],[2-6905],Approved,4,"6,791,000",2026,September,9
SD,"Beadle, SD",YALE,Agtegra Cooperative,Agtegra Cooperative Elevators,Federal,I - Issued,[3-9471],[2-6905],Approved,6,"1,755,000",2026,September,9
SD,"Clark, SD",WILLOW LAKE,Agtegra Cooperative,Agtegra Cooperative Elevators,Federal,I - Issued,[3-9471],[2-6905],Approved,12,"882,000",2026,September,9
SD,"Hyde, SD",HIGHMORE,Agtegra Cooperative,Agtegra Cooperative Elevators,Federal,I - Issued,[3-9471],[2-6905],Approved,19,"10,998,000",2026,September,9
SD,"Jerauld, SD",ALPENA,Agtegra Cooperative,Agtegra Cooperative Elevators,Federal,I - Issued,[3-9471],[2-6905],Approved,16,"5,367,000",2026,September,9
SD,"Lyman, SD",KENNEBEC,Agtegra Cooperative,Agtegra Cooperative Elevators,Federal,I - Issued,[3-9471],[2-6905],Approved,20,"9,489,000",2026,September,9
SD,"Spink, SD",REDFIELD,Agtegra Cooperative,Agtegra Cooperative Elevators,Federal,I - Issued,[3-9471],[2-6905],Approved,11,"4,461,000",2026,September,9
SD,"Spink, SD",REDFIELD (NORTH),Agtegra Cooperative,Agtegra Cooperative Elevators,Federal,I - Issued,[3-9471],[2-6905],Approved,23,"2,366,000",2026,September,9
SD,"Spink, SD",TULARE,Agtegra Cooperative,Agtegra Cooperative Elevators,Federal,I - Issued,[3-9471],[2-6905],Approved,13,"166,000",2026,September,9
ND,"Emmons, ND",STRASBURG,CHS Inc.,CHS River Plains Elevators,Federal,I - Issued,[3-9380],[2-6938],Approved,6,"635,000",2026,September,9
ND,"Emmons, ND",STRASBURG,CHS Inc.,CHS River Plains Elevators,Federal,I - Issued,[3-9380],[2-6938],Approved,7,"3,461,000",2026,September,9
ND,"McIntosh, ND",ASHLEY,CHS Inc.,CHS River Plains Elevators,Federal,I - Issued,[3-9380],[2-6938],Approved,5,"1,048,000",2026,September,9
SD,"Dewey, SD",Isabel,CHS Inc.,CHS River Plains Elevators,Federal,I - Issued,[3-9380],[2-6938],Approved,4,"89,000",2026,September,9
SD,"Gregory, SD",FAIRFAX,CHS Inc.,CHS River Plains Elevators,Federal,I - Issued,[3-9380],[2-6938],Approved,16,"640,000",2026,September,9
SD,"Haakon, SD",PHILIP,CHS Inc.,CHS River Plains Elevators,Federal,I - Issued,[3-9380],[2-6938],Approved,12,"1,335,000",2026,September,9
SD,"Hughes, SD",BLUNT,CHS Inc.,CHS River Plains Elevators,Federal,I - Issued,[3-9380],[2-6938],Approved,9,"577,000",2026,September,9
SD,"Hughes, SD",PIERRE,CHS Inc.,CHS River Plains Elevators,Federal,I - Issued,[3-9380],[2-6938],Approved,8,"733,000",2026,September,9
SD,"Jackson, SD",KADOKA,CHS Inc.,CHS River Plains Elevators,Federal,I - Issued,[3-9380],[2-6938],Approved,11,"898,000",2026,September,9
SD,"Potter, SD",GETTYSBURG,CHS Inc.,CHS River Plains Elevators,Federal,I - Issued,[3-9380],[2-6938],Approved,2,"3,068,000",2026,September,9
SD,"Sully, SD",ONIDA,CHS Inc.,CHS River Plains Elevators,Federal,I - Issued,[3-9380],[2-6938],Approved,10,"3,359,000",2026,September,9
SD,"Tripp, SD",WINNER,CHS Inc.,CHS River Plains Elevators,Federal,I - Issued,[3-9380],[2-6938],Approved,13,"3,305,000",2026,September,9
SD,"Walworth, SD",SELBY,CHS Inc.,CHS River Plains Elevators,Federal,I - Issued,[3-9380],[2-6938],Approved,1,"2,377,000",2026,September,9
SD,"Ziebach, SD",DUPREE,CHS Inc.,CHS River Plains Elevators,Federal,I - Issued,[3-9380],[2-6938],Approved,3,"875,000",2026,September,9
SD,"Brookings, SD",SINAI,Sinai Cooperative Elevator Company,SINAI COOPERATIVE ELEVATOR COMPANY,State,,[],[2-6944],Approved,1,,2026,September,9
SD,"Aurora, SD",STICKNEY,Stickney Cooperative Elevator Association,STICKNEY COOPERATIVE ELEVATOR ASSOCIATION,State,,[],[2-6958],Approved,1,"865,000",2026,September,9
SD,"Minnehaha, SD",VALLEY SPRINGS,Valley Springs Farmers Co-op,VALLEY SPRINGS FARMERS CO-OP,State,,[],[2-7061],Approved,1,,2026,September,9
SD,"Brookings, SD",Aurora North,AGWRX Cooperative,Agwrx Cooperative,State,,[],[2-7104],Approved,9,"3,135,310",2026,September,9
SD,"Brookings, SD",Aurora South,AGWRX Cooperative,Agwrx Cooperative,State,,[],[2-7104],Approved,12,"3,558,000",2026,September,9
SD,"Brookings, SD",Brookings,AGWRX Cooperative,Agwrx Cooperative,State,,[],[2-7104],Approved,10,"415,608",2026,September,9
SD,"Clark, SD",Clark,AGWRX Cooperative,Agwrx Cooperative,State,,[],[2-7104],Approved,5,"3,005,900",2026,September,9
SD,"Clark, SD",Garden City,AGWRX Cooperative,Agwrx Cooperative,State,,[],[2-7104],Approved,8,"1,930,000",2026,September,9
SD,"Codington, SD",Florence,AGWRX Cooperative,Agwrx Cooperative,State,,[],[2-7104],Approved,6,"1,411,000",2026,September,9
SD,"Codington, SD",Henry,AGWRX Cooperative,Agwrx Cooperative,State,,[],[2-7104],Approved,2,"1,611,300",2026,September,9
SD,"Codington, SD",Wallace,AGWRX Cooperative,Agwrx Cooperative,State,,[],[2-7104],Approved,7,"2,824,000",2026,September,9
SD,"Codington, SD",Watertown,AGWRX Cooperative,Agwrx Cooperative,State,,[],[2-7104],Approved,1,"7,200,754",2026,September,9
SD,"Day, SD",Webster,AGWRX Cooperative,Agwrx Cooperative,State,,[],[2-7104],Approved,4,"1,838,600",2026,September,9
SD,"Deuel, SD",Toronto,AGWRX Cooperative,Agwrx Cooperative,State,,[],[2-7104],Approved,11,"2,083,400",2026,September,9
SD,"Perkins, SD",BISON,Bison Grain Company,Bison Grain Company,State,,[],[2-7151],Approved,1,,2026,September,9
WI,"Dane, WI",Oregon,"Oregon Farm Center, Inc.","OREGON FARM CENTER, INC.",State,,[],[2-7629],Approved,1,,2026,September,9
MN,"Blue Earth, MN",MANKATO,CHS Inc.,CHS Processing Elevator,Federal,I - Issued,[3-9420],[2-8170],Approved,1,"3,383,000",2026,September,9
MN,"Martin, MN",FAIRMONT,CHS Inc.,CHS Processing Elevator,Federal,I - Issued,[3-9420],[2-8170],Approved,2,"9,357,000",2026,September,9
ND,"Stutsman, ND",CLEVELAND,"Country Grain Cooperative, Inc.","COUNTRY GRAIN COOPERATIVE, INC.",State,,[],[2-8304],Approved,2,,2026,September,9
ND,"Stutsman, ND",ELDRIDGE,"Country Grain Cooperative, Inc.","COUNTRY GRAIN COOPERATIVE, INC.",State,,[],[2-8304],Approved,1,,2026,September,9
MN,"Dakota, MN",VERMILLION,"Vermillion Elevator, Inc.","VERMILLION ELEVATOR, INC.",State,,[],[2-9976],Approved,1,,2026,September,9
MN,"Ramsey, MN",ST PAUL,Archer-Daniels-Midland Company,ADM GRAIN COMPANY-ELEVATOR D,Federal,I - Issued,[3-9265],[3-0038],Approved,1,"2,187,000",2026,September,9
MN,"Scott, MN",SAVAGE,CHS Inc.,CHS SAVAGE ELEVATOR,Federal,I - Issued,[3-7693],[3-0517],Approved,1,"1,448,000",2026,September,9
MT,"Silver Bow, MT",BUTTE,The Scoular Company,Scoular Intermountain Elevators,Federal,I - Issued,[3-9720],[3-2079],Approved,11,"939,000",2026,September,9
ND,"Richland, ND",FAIRMOUNT,"Demson Grain Company, Inc.","DEMSON GRAIN COMPANY, INC.",State,,[],[3-4489],Approved,1,,2026,September,9
SD,"Brown, SD",ABERDEEN,Agtegra Cooperative,Agtegra Cooperative Elevators,Federal,I - Issued,[3-9471],[3-6001],Approved,1,"4,642,000",2026,September,9
SD,"Brown, SD",ABERDEEN (GREBNER),Agtegra Cooperative,Agtegra Cooperative Elevators,Federal,I - Issued,[3-9471],[3-6001],Approved,22,"9,159,000",2026,September,9
SD,"Brown, SD",HECLA,Agtegra Cooperative,Agtegra Cooperative Elevators,Federal,I - Issued,[3-9471],[3-6001],Approved,18,"4,086,000",2026,September,9
SD,"Brown, SD",MANSFIELD,Agtegra Cooperative,Agtegra Cooperative Elevators,Federal,I - Issued,[3-9471],[3-6001],Approved,10,"311,000",2026,September,9
SD,"Day, SD",ANDOVER,Agtegra Cooperative,Agtegra Cooperative Elevators,Federal,I - Issued,[3-9471],[3-6001],Approved,25,"8,645,000",2026,September,9
SD,"Day, SD",BRISTOL,Agtegra Cooperative,Agtegra Cooperative Elevators,Federal,I - Issued,[3-9471],[3-6001],Approved,9,"3,133,000",2026,September,9
SD,"Edmunds, SD",ROSCOE,Agtegra Cooperative,Agtegra Cooperative Elevators,Federal,I - Issued,[3-9471],[3-6001],Approved,2,"8,924,000",2026,September,9
SD,"Faulk, SD",CRESBARD,Agtegra Cooperative,Agtegra Cooperative Elevators,Federal,I - Issued,[3-9471],[3-6001],Approved,5,"3,105,000",2026,September,9
SD,"Spink, SD",MELLETTE,Agtegra Cooperative,Agtegra Cooperative Elevators,Federal,I - Issued,[3-9471],[3-6001],Approved,3,"10,877,000",2026,September,9
IL,"Jackson, IL",ROCKWOOD(CORA),"Bunge USA Grain, LLC",Bunge Midwest River Elevators,Federal,I - Issued,[3-9862],[3-8021],Approved,6,"1,052,000",2026,September,9
IL,"Jo Daviess, IL",EAST DUBUQUE,"Bunge USA Grain, LLC",Bunge Midwest River Elevators,Federal,I - Issued,[3-9862],[3-8021],Approved,9,"326,000",2026,September,9
IL,"Jo Daviess, IL",WARREN,"Bunge USA Grain, LLC",Bunge Midwest River Elevators,Federal,I - Issued,[3-9862],[3-8021],Approved,7,"5,971,000",2026,September,9
MN,"Ramsey, MN",ST PAUL,"Bunge USA Grain, LLC",Bunge Midwest River Elevators,Federal,I - Issued,[3-9862],[3-8021],Approved,1,"1,547,000",2026,September,9
WI,"Crawford, WI",PRAIRIE DU CHIEN,"Bunge USA Grain, LLC",Bunge Midwest River Elevators,Federal,I - Issued,[3-9862],[3-8021],Approved,5,"176,000",2026,September,9
MN,"Scott, MN",SAVAGE,"Cargill, Incorporated",Cargill NRR Elevators,Federal,I - Issued,[3-10090],[3-8027],Approved,1,"5,432,000",2026,September,9
MN,"Hennepin, MN",Minneapolis,"General Mills Operations, LLC",WASHBURN ELEVATOR,Federal,I - Issued,[3-9298],[3-8070],Approved,1,"7,608,000",2026,September,9
MN,"Anoka, MN",FRIDLEY,"General Mills Operations, LLC",GENERAL MILLS FRIDLEY ELEVATOR,Federal,I - Issued,[3-9297],[3-8071],Approved,1,"4,955,000",2026,September,9
MN,"St. Louis, MN",DULUTH,Hansen-Mueller Co.,Hansen-Mueller Duluth Elevator,Federal,S - Suspended,[3-10203],[3-8178],Removed,1,"3,749,000",2026,September,9
WI,"Douglas, WI",SUPERIOR,"General Mills Operations, LLC","ELEVATOR ""S/X""",Federal,I - Issued,[3-9296],[3-8531],Approved,2,"13,573,000",2026,September,9
IA,"Woodbury, IA",SIOUX CITY,"Cargill, Incorporated",CARGILL SIOUX CITY ELEVATOR A,Federal,I - Issued,[3-4526],[3-8633],Approved,1,"3,301,000",2026,September,9
AL,"Dallas, AL",BROWNS,Woodall Grain Company,Woodall Grain Elevator,Federal,I - Issued,[3-10108],[4-0071],Approved,11,"481,000",2026,September,9
AL,"Lauderdale, AL",FLORENCE,Woodall Grain Company,Woodall Grain Elevator,Federal,I - Issued,[3-10108],[4-0071],Approved,9,"3,252,000",2026,September,9
AL,"Marshall, AL","GUNTERSVILLE, EAST/ SOUTH",Woodall Grain Company,Woodall Grain Elevator,Federal,I - Issued,[3-10108],[4-0071],Approved,7,"1,823,000",2026,September,9
AL,"Morgan, AL",Decatur,Woodall Grain Company,Woodall Grain Elevator,Federal,I - Issued,[3-10108],[4-0071],Approved,6,"2,285,000",2026,September,9
AL,"Perry, AL",UNIONTOWN,Woodall Grain Company,Woodall Grain Elevator,Federal,I - Issued,[3-10108],[4-0071],Approved,10,"249,000",2026,September,9
TN,"Coffee, TN",Manchester,Woodall Grain Company,Woodall Grain Elevator,Federal,I - Issued,[3-10108],[4-0071],Approved,2,"4,209,000",2026,September,9
TN,"Franklin, TN",Decherd,Woodall Grain Company,Woodall Grain Elevator,Federal,I - Issued,[3-10108],[4-0071],Approved,1,"849,000",2026,September,9
TN,"Franklin, TN",Decherd (South),Woodall Grain Company,Woodall Grain Elevator,Federal,I - Issued,[3-10108],[4-0071],Approved,5,"271,000",2026,September,9
TN,"Lincoln, TN",Elora,Woodall Grain Company,Woodall Grain Elevator,Federal,I - Issued,[3-10108],[4-0071],Approved,3,"1,258,000",2026,September,9
TN,"Lincoln, TN",Fayetteville,Woodall Grain Company,Woodall Grain Elevator,Federal,I - Issued,[3-10108],[4-0071],Approved,4,"226,000",2026,September,9
TN,"Montgomery, TN",CLARKSVILLE,"Hopkinsville Elevator Co., Inc.",Hopkinsville Elevator,Federal,I - Issued,[3-6755],[4-1181],Approved,2,"1,014,000",2026,September,9
GA,"Decatur, GA",BAINBRIDGE,"DFP Ag Services, LLC","DFP Ag Services, LLC",State,,[],[4-3405],Authorized,1,"705,000",2026,September,9
NC,"Pender, NC",BURGAW,"Rooks Farm Service, Inc.",Rooks Farm Service Grain Elevator,Federal,I - Issued,[3-8906],[4-4927],Approved,1,"671,000",2026,September,9
NC,"Cumberland, NC",FAYETTEVILLE,"Cargill, Incorporated",CARGILL FAYETTEVILLE ELEVATOR,Federal,I - Issued,[3-5837],[4-5159],Approved,1,"4,452,000",2026,September,9
NC,"Beaufort, NC",BELHAVEN,Perdue AgriBusiness LLC,Perdue Elevators,Federal,I - Issued,[3-10227],[4-5166],Approved,3,"582,000",2026,September,9
NC,"Beaufort, NC",PANTEGO,Perdue AgriBusiness LLC,Perdue Elevators,Federal,I - Issued,[3-10227],[4-5166],Approved,4,"1,801,000",2026,September,9
NC,"Hertford, NC",COFIELD,Perdue AgriBusiness LLC,Perdue Elevators,Federal,I - Issued,[3-10227],[4-5166],Approved,1,"4,821,000",2026,September,9
NC,"Pasquotank, NC",ELIZABETH CITY,Perdue AgriBusiness LLC,Perdue Elevators,Federal,I - Issued,[3-10227],[4-5166],Approved,7,"2,714,000",2026,September,9
NC,"Pitt, NC",GREENVILLE,Perdue AgriBusiness LLC,Perdue Elevators,Federal,I - Issued,[3-10227],[4-5166],Approved,2,"3,189,000",2026,September,9
NC,"Robeson, NC",LUMBERTON,Perdue AgriBusiness LLC,Perdue Elevators,Federal,I - Issued,[3-10227],[4-5166],Approved,8,"559,000",2026,September,9
NC,"Washington, NC",PLYMOUTH,Perdue AgriBusiness LLC,Perdue Elevators,Federal,I - Issued,[3-10227],[4-5166],Approved,5,"1,320,000",2026,September,9
TN,"Weakley, TN",SHARON,"Robinson & Belew, Inc.",ROBINSON & BELEW ELEVATOR,Federal,I - Issued,[3-7715],[4-5679],Approved,1,"5,474,000",2026,September,9
TN,"Obion, TN",MASON HALL,"Obion Grain Co., Inc.",Obion Grain Elevator,Federal,I - Issued,[3-8582],[4-9400],Approved,2,"4,523,000",2026,September,9
TN,"Obion, TN",OBION,"Obion Grain Co., Inc.",Obion Grain Elevator,Federal,I - Issued,[3-8582],[4-9400],Approved,1,"4,532,000",2026,September,9
TN,"Obion, TN",Union City,"Obion Grain Co., Inc.",Obion Grain Elevator,Federal,I - Issued,[3-8582],[4-9400],Approved,3,"2,788,000",2026,September,9
GA,"Randolph, GA",SHELLMAN,"Leeco Farm Center, Inc.",Locke Farm Center Elevator,Federal,I - Issued,[3-8340],[4-9584],Approved,2,"302,000",2026,September,9
GA,"Terrell, GA",DAWSON,"Leeco Farm Center, Inc.",Locke Farm Center Elevator,Federal,I - Issued,[3-8340],[4-9584],Approved,1,"2,071,000",2026,September,9
TN,"Weakley, TN",Martin,"Turner Grain Company, LLC",TURNER GRAIN ELEVATOR,Federal,I - Issued,[3-10140],[4-9741],Approved,1,"411,000",2026,September,9
TN,"Shelby, TN",Memphis,Archer-Daniels-Midland Company,ARCHER DANIELS MIDLAND COMPANY,State,,[],[5-9739],Approved,1,"2,519,000",2026,September,9
IA,"Woodbury, IA",ANTHON,PLATINUM GRAIN LLC,PLATINUM GRAIN LLC,State,,[],[6-0002],Authorized,1,"1,499,000",2026,September,9
SD,"Brown, SD",Aberdeen,OSCHNER REAL ESTATE LP,OSCHNER REAL ESTATE LP,State,,[],[6-0003],Authorized,1,"2,550,000",2026,September,9
WI,"Brown, WI",Depere,DOOR COUNTY COOP,DOOR COUNTY COOP,State,,[],[6-0004],Authorized,1,"595,223",2026,September,9
MI,"Ionia, MI",Lake Odessa,MUSCGROVE GRAIN LLC.,MUSCGROVE GRAIN LLC.,State,,[],[6-0007],Authorized,1,"915,000",2026,September,9
KS,"Cloud, KS",Aurora,JEAN ISTAS DBA AURORA GRAIN,JEAN ISTAS DBA AURORA GRAIN,State,,[],[6-0010],Authorized,1,"327,000",2026,September,9
IA,"Jackson, IA",PRESTON,PRESTON AG & STORAGE INC.,PRESTON AG & STORAGE INC.,State,,[],[6-0013],Authorized,1,"493,000",2026,September,9
IA,"Clinton, IA",Delmar,DELMAR GRAIN SERVICES INC,DELMAR GRAIN SERVICES INC,State,,[],[6-0014],Authorized,1,"898,000",2026,September,9
IA,"Jackson, IA",PRESTON,DELMAR GRAIN SERVICES INC,DELMAR GRAIN SERVICES INC,State,,[],[6-0014],Authorized,2,"507,000",2026,September,9
IA,"Woodbury, IA",ANTHON,PLATINUM GRAIN LLC,PLATINUM GRAIN LLC,State,,[],[6-0015],Authorized,1,"3,024,000",2026,September,9
TX,"Foard, TX",Crowell,FARMERS COOP ELEVATOR ASSN.,FARMERS COOP ELEVATOR ASSN.,State,,[],[6-0023],Authorized,1,"665,000",2026,September,9
KS,"Greeley, KS",TRIBUNE,"STOCKHOLM GRAIN, LLC","STOCKHOLM GRAIN, LLC",State,,[],[6-0024],Authorized,2,"262,000",2026,September,9
KS,"Wallace, KS",SHARON SPRINGS,"STOCKHOLM GRAIN, LLC","STOCKHOLM GRAIN, LLC",State,,[],[6-0024],Authorized,1,"543,000",2026,September,9
TX,"Young, TX",Olney,SEED-TEX GRAIN AND CATTLE LLC,SEED-TEX GRAIN AND CATTLE LLC,State,,[],[6-0025],Authorized,1,"609,000",2026,September,9
TX,"Haskell, TX",Haskell,HASKELL COUNTY GRAIN LTD,HASKELL COUNTY GRAIN LTD,State,,[],[6-0026],Authorized,1,"521,000",2026,September,9
IN,"Kosciusko, IN",Silver Lake,Silver Lake Agri Center LLC,Silver Lake Agri Center LLC,State,,[],[6-0027],Authorized,1,"364,095",2026,September,9
AR,"Crittenden, AR",CRAWFORDSVILLE,Vincent Soybean & Grain Co Inc,Vincent Soybean & Grain Co Inc,State,,[],[6-0028],Authorized,1,"1,100,000",2026,September,9
WI,"Taylor, WI",Medford,MEDFORD COOPERATIVE INC,MEDFORD COOPERATIVE INC.,State,,[],[6-0030],Authorized,1,"530,000",2026,September,9
WI,"Barron, WI",ALMENA,24/7 Grain Services LLC,24/7 GRAIN SERVICES LLC,State,,[],[6-0031],Authorized,1,"228,000",2026,September,9
ID,"Latah, ID",Kendrick,"GEORGE F BROCKE & SONS, INC","GEORGE F BROCKE & SONS, INC",State,,[],[6-0032],Authorized,1,"4,355,000",2026,September,9
IA,"Floyd, IA",Rockford,"FTF, INC","FTF, INC",State,,[],[6-0033],Authorized,1,"718,000",2026,September,9
WI,"Green, WI",Monticello,Pleasant Grain LLC,Pleasant Grain LLC,State,,[],[6-0034],Authorized,1,"2,894,123",2026,September,9
IA,"Marshall, IA",Clemons,MID-STATE MILLING INC,MID-STATE MILLING INC,State,,[],[6-0035],Authorized,1,"1,353,000",2026,September,9
WI,"Chippewa, WI",CHIPPEWA FALLS,"WHEATON GRAIN, INC.","WHEATON GRAIN, INC.",State,,[],[6-0036],Authorized,1,"1,398,612",2026,September,9
ID,"Twin Falls, ID",BUHL,RANGEN INC,RANGEN INC,State,,[],[6-0037],Authorized,1,"5,373,778",2026,September,9
ID,"Butte, ID",ARCO,VALLEY AGRONOMICS LLC,VALLEY AGRONOMICS LLC,State,,[],[6-0038],Authorized,1,"350,000",2026,September,9
WI,"Sauk, WI",Lime Ridge,LIME RIDGE AG SUPPLY INC.,LIME RIDGE AG SUPPLY INC.,State,,[],[6-0039],Authorized,1,"290,052",2026,September,9
WI,"La Crosse, WI",MINDORO,"STELLO STORAGE, LLC","STELLO STORAGE, LLC",State,,[],[6-0040],Authorized,1,"405,000",2026,September,9
TX,"Cooke, TX",Muenster,MUENSTER MILLING COMPANY LTD,MUENSTER MILLING COMPANY LTD,State,,[],[6-0041],Authorized,1,"430,000",2026,September,9
TX,"Dallam, TX",TEXLINE,POOLE PARTNERS LP,POOLE PARTNERS LP,State,,[],[6-0043],Authorized,1,"2,873,000",2026,September,9
WI,"Buffalo, WI",MONDOVI,HARVEY CREEK GRAIN LLC,HARVEY CREEK GRAIN LLC,State,,[],[6-0044],Authorized,1,"241,983",2026,September,9
WA,"Walla Walla, WA",Walla Walla,Blue Mountain Seed Inc,BLUE MOUNTAIN SEED INC,State,,[],[6-0045],Authorized,1,"89,000",2026,September,9
MI,"Mason, MI",SCOTTVILLE,"Acres Cooperative, Inc.","ACRES COOPERATIVE, INC.",State,,[],[6-0046],Authorized,2,"920,000",2026,September,9
OH,"Ashland, OH",Loudonville,Centerra Coop,Centerra Coop,State,,[],[6-0047],Authorized,5,"366,000",2026,September,9
OH,"Ashland, OH",Sullivan,Centerra Coop,Centerra Coop,State,,[],[6-0047],Authorized,11,"181,000",2026,September,9
OH,"Ashtabula, OH",Andover,Centerra Coop,Centerra Coop,State,,[],[6-0047],Authorized,2,"1,386,000",2026,September,9
OH,"Ashtabula, OH",Jefferson,Centerra Coop,Centerra Coop,State,,[],[6-0047],Authorized,4,"332,000",2026,September,9
OH,"Columbiana, OH",Leetonia,Centerra Coop,Centerra Coop,State,,[],[6-0047],Authorized,12,"764,000",2026,September,9
OH,"Coshocton, OH",Coshocton,Centerra Coop,Centerra Coop,State,,[],[6-0047],Authorized,1,"1,982,000",2026,September,9
OH,"Holmes, OH",Baltic,Centerra Coop,Centerra Coop,State,,[],[6-0047],Authorized,8,"6,000",2026,September,9
OH,"Holmes, OH",Baltic,Centerra Coop,Centerra Coop,State,,[],[6-0047],Authorized,15,"40,000",2026,September,9
OH,"Licking, OH",Hebron,Centerra Coop,Centerra Coop,State,,[],[6-0047],Authorized,7,"488,000",2026,September,9
OH,"Lorain, OH",Grafton,Centerra Coop,Centerra Coop,State,,[],[6-0047],Authorized,3,"850,000",2026,September,9
OH,"Richland, OH",Mansfield,Centerra Coop,Centerra Coop,State,,[],[6-0047],Authorized,6,"5,116,000",2026,September,9
OH,"Tuscarawas, OH",Stonecreek,Centerra Coop,Centerra Coop,State,,[],[6-0047],Authorized,14,"205,000",2026,September,9
OH,"Tuscarawas, OH",Sugarcreek,Centerra Coop,Centerra Coop,State,,[],[6-0047],Authorized,13,"254,000",2026,September,9
OH,"Wayne, OH",Smithville,Centerra Coop,Centerra Coop,State,,[],[6-0047],Authorized,9,"1,338,000",2026,September,9
OH,"Wayne, OH",Sterling,Centerra Coop,Centerra Coop,State,,[],[6-0047],Authorized,10,"142,000",2026,September,9
MN,"Mille Lacs, MN",FORESTON,MILLE LACS SOIL SERVICE,MILLE LACS SOIL SERVICE,State,,[],[6-0048],Authorized,1,"113,000",2026,September,9
WA,"Whitman, WA",PULLMAN,"HINRICHS TRADING, LLC","HINRICHS TRADING, LLC",State,,[],[6-0049],Authorized,1,"153,000",2026,September,9
ID,"Bonneville, ID",Iona,"PASLEY'S GRAIN, SEED, & FEED","PASLEY'S GRAIN, SEED, & FEED",State,,[],[6-0050],Authorized,1,"345,000",2026,September,9
ID,"Jefferson, ID",ROBERTS,"PASLEY'S GRAIN, SEED, & FEED","PASLEY'S GRAIN, SEED, & FEED",State,,[],[6-0050],Authorized,2,"841,000",2026,September,9
OH,"Coshocton, OH",Coshocton,"541 Grain Company, LLC","541 GRAIN COMPANY, LLC",State,,[],[6-0052],Authorized,1,"666,000",2026,September,9
TN,"Obion, TN",Obion,ERVIN FEED & GRAIN,ERVIN FEED & GRAIN,State,,[],[6-0053],Authorized,1,"1,375,000",2026,September,9
WI,"Clark, WI",Abbotsford,Wisco Frozen Foods Inc,Wisco Frozen Foods Inc,State,,[],[6-0054],Authorized,1,"142,777",2026,September,9
IL,"McLean, IL",BLOOMINGTON,AgRail LLC,AGRAIL LLC,State,,[],[6-0055],Authorized,1,"3,896,546",2026,September,9
IN,"Jay, IN",Portland,IOM Grain LLC,IOM Grain LLC,State,,[],[6-0056],Authorized,1,"60,000",2026,September,9
WI,"Sheboygan, WI",ADELL,GREAT LAKES AGRI-SERVICE,"GREAT LAKES AGRI-SERVICE, INC.",State,,[],[6-0057],Authorized,1,"400,000",2026,September,9
NE,"Box Butte, NE",Alliance,Jelineck Custom Cleaners,Jelineck Custom Cleaners,State,,[],[6-0058],Authorized,1,"947,373",2026,September,9
WI,"Kewaunee, WI",Tisch Mills,"Tisch Mills Farm Center, Inc.","Tisch Mills Farm Center, Inc.",State,,[],[6-0059],Authorized,1,"3,400,000",2026,September,9
IA,"Johnson, IA",Iowa City,"Terra Products Company, LLC","Terra Products Company, LLC",State,,[],[6-0060],Authorized,1,"885,000",2026,September,9
IA,"Muscatine, IA",NICHOLS,"Terra Products Company, LLC","Terra Products Company, LLC",State,,[],[6-0060],Authorized,2,"553,000",2026,September,9
WI,"Dane, WI",Mazomanie,Fan-Agra Corp.,Fan-Agra Corp.,State,,[],[6-0061],Authorized,1,"100,000",2026,September,9
WI,"Trempealeau, WI",Ettrick,"Hegg Mill, LLC","Hegg Mill, LLC",State,,[],[6-0062],Authorized,1,,2026,September,9
IA,"Keokuk, IA",Richland,"JBS Live Pork, LLC","JBS Live Pork, LLC",State,,[],[6-0064],Authorized,3,"1,286,000",2026,September,9
IA,"Louisa, IA",Morning Sun,"JBS Live Pork, LLC","JBS Live Pork, LLC",State,,[],[6-0064],Authorized,2,"1,140,000",2026,September,9
IA,"Louisa, IA",Oakville,"JBS Live Pork, LLC","JBS Live Pork, LLC",State,,[],[6-0064],Authorized,1,"4,121,000",2026,September,9
IA,"Mahaska, IA",Fremont,"JBS Live Pork, LLC","JBS Live Pork, LLC",State,,[],[6-0064],Authorized,4,"183,000",2026,September,9
WI,"Chippewa, WI",Bloomer,"CDR Farms, LLC","CDR Farms, LLC",State,,[],[6-0067],Authorized,1,"506,266",2026,September,9
MN,"Traverse, MN",DUMONT,"Dumont Grain, Inc.","Dumont Grain, Inc.",State,,[],[6-0068],Authorized,1,"1,033,000",2026,September,9
MN,"Morrison, MN",Pierz,Pierz Cooperative Association,Pierz Cooperative Association,State,,[],[6-0070],Authorized,1,"79,000",2026,September,9
AR,"Lonoke, AR",Scott,Bearskin Grain LLC,Bearskin Grain LLC,State,,[],[6-0072],Authorized,1,"5,000,000",2026,September,9
DE,"Sussex, DE",LAUREL,Laurel Grain Company,LAUREL GRAIN COMPANY,State,,[],[8-0006],Approved,1,"3,465,000",2026,September,9
IA,"Cerro Gordo, IA",CARTERSVILLE,"Cartersville Elevator, Inc.",CARTERSVILLE ELEVATOR INC,State,,[],[8-0015],Approved,2,"1,278,000",2026,September,9
IA,"Cerro Gordo, IA",MASON CITY,"Cartersville Elevator, Inc.",CARTERSVILLE ELEVATOR INC,State,,[],[8-0015],Approved,1,"918,000",2026,September,9
IA,"Floyd, IA",NORA SPRINGS,"Cartersville Elevator, Inc.",CARTERSVILLE ELEVATOR INC,State,,[],[8-0015],Approved,4,"639,000",2026,September,9
IA,"Floyd, IA",NORA SPRINGS(W),"Cartersville Elevator, Inc.",CARTERSVILLE ELEVATOR INC,State,,[],[8-0015],Approved,3,"2,077,000",2026,September,9
IL,"Jefferson, IL",BLUFORD,"Bluford Grain Company, Inc.","BLUFORD GRAIN COMPANY, INC.",State,,[],[8-0016],Approved,1,"126,000",2026,September,9
IL,"Bureau, IL",HENNEPIN,Consolidated Grain and Barge Co.,Consolidated Grain and Barge Company Terminal,Federal,I - Issued,[3-8045],[8-0017],Approved,1,"3,088,000",2026,September,9
IL,"La Salle, IL",UTICA,Consolidated Grain and Barge Co.,Consolidated Grain and Barge Company Terminal,Federal,I - Issued,[3-8045],[8-0017],Approved,2,"3,571,000",2026,September,9
IA,"Mahaska, IA",FREMONT,"Fremont Elevator, Inc.","FREMONT ELEVATOR, INC.",State,,[],[8-0020],Approved,1,"345,000",2026,September,9
IA,"Henry, IA",WAYLAND,"EICHELBERGER MILLING, INC.","EICHELBERGER MILLING, INC.",State,,[],[8-0026],Authorized,1,"4,680,000",2026,September,9
IL,"Marion, IL",PATOKA,Archer-Daniels-Midland Company,ADM/DBA/TABOR GRAIN CO.,State,,[],[8-0039],Approved,1,"2,535,000",2026,September,9
IL,"Christian, IL",MT AUBURN,Archer-Daniels-Midland Company,TABOR GRAIN CO.,State,,[],[8-0040],Approved,1,"4,914,000",2026,September,9
IL,"Cass, IL",Beardstown,"Clarkson Grain Company, Inc.","Clarkson Grain Company, Inc.",State,,[],[8-0042],Approved,1,"1,203,000",2026,September,9
IL,"Coles, IL",Mattoon,"Clarkson Grain Company, Inc.","Clarkson Grain Company, Inc.",State,,[],[8-0042],Approved,4,"1,311,000",2026,September,9
IL,"Macon, IL",Oakley,"Clarkson Grain Company, Inc.","Clarkson Grain Company, Inc.",State,,[],[8-0042],Approved,3,"563,000",2026,September,9
IL,"Piatt, IL",Cerro Gordo,"Clarkson Grain Company, Inc.","Clarkson Grain Company, Inc.",State,,[],[8-0042],Approved,2,"240,000",2026,September,9
IL,"Piatt, IL",Cerro Gordo,"Clarkson Grain Company, Inc.","Clarkson Grain Company, Inc.",State,,[],[8-0042],Approved,5,"360,000",2026,September,9
IL,,MENDOTA,Archer-Daniels-Midland Company,ARCHER-DANIELS-MIDLAND COMPANY,State,,[],[8-0043],Approved,1,"6,357,000",2026,September,9
IL,"Bureau, IL",LA MOILLE,Archer-Daniels-Midland Company,ARCHER-DANIELS-MIDLAND COMPANY,State,,[],[8-0043],Approved,2,"342,000",2026,September,9
IL,"Lee, IL",AMBOY,Archer-Daniels-Midland Company,ARCHER-DANIELS-MIDLAND COMPANY,State,,[],[8-0043],Approved,3,0,2026,September,9
IL,"Ogle, IL",Polo,"Bocker Grain, Inc.","BOCKER GRAIN, INC.",State,,[],[8-0057],Approved,1,"3,721,000",2026,September,9
IN,"Rush, IN",GLENWOOD,"Bunge USA Grain, LLC",Bunge Indiana Elevators,Federal,I - Issued,[3-9859],[8-0065],Approved,19,"1,694,000",2026,September,9
IA,"O'Brien, IA",HARTLEY (PLESSIS),"Hartog Elevator, Inc.","HARTOG ELEVATOR, INC.",State,,[],[8-0066],Approved,2,"1,076,000",2026,September,9
IA,"O'Brien, IA",SANBORN,"Hartog Elevator, Inc.","HARTOG ELEVATOR, INC.",State,,[],[8-0066],Approved,1,"1,047,000",2026,September,9
IA,"O'Brien, IA",SHELDON (RITTER),"Hartog Elevator, Inc.","HARTOG ELEVATOR, INC.",State,,[],[8-0066],Approved,3,"1,282,000",2026,September,9
IN,"De Kalb, IN",WATERLOO,Consolidated Grain and Barge Co.,CGB Elevators,Federal,I - Issued,[3-9257],[8-0089],Approved,20,"4,294,000",2026,September,9
KY,"Christian, KY",HOPKINSVILLE,"Hopkinsville Elevator Co., Inc.",Hopkinsville Elevator,Federal,I - Issued,[3-6755],[8-0095],Approved,1,"13,275,000",2026,September,9
IL,"Stephenson, IL",FREEPORT,Consolidated Grain and Barge Co.,Consolidated Grain and Barge Company Terminal,Federal,I - Issued,[3-8045],[8-0106],Approved,3,"2,658,000",2026,September,9
IA,"Dubuque, IA",WORTHINGTON,"L & S Ag Center, Inc.","L & S AG. CENTER, INC.",State,,[],[8-0139],Approved,1,"1,790,000",2026,September,9
KY,"Logan, KY",RUSSELLVILLE,"Hopkinsville Elevator Co., Inc.",Hopkinsville Elevator,Federal,I - Issued,[3-6755],[8-0142],Approved,4,"1,444,000",2026,September,9
IA,"Humboldt, IA",OTTOSEN,Farmers Cooperative Elevator of Ottosen,FARMERS COOPERATIVE ELEVATOR OF OTTOSEN,State,,[],[8-0155],Approved,1,"2,788,000",2026,September,9
IL,"Logan, IL",ATLANTA,EAST LINCOLN FARMERS GRAIN CO,EAST LINCOLN FARMERS GRAIN CO,State,,[],[8-0158],Approved,3,,2026,September,9
IL,"Logan, IL",BEASON,EAST LINCOLN FARMERS GRAIN CO,EAST LINCOLN FARMERS GRAIN CO,State,,[],[8-0158],Approved,4,,2026,September,9
IL,"Logan, IL",JOHNSTON,EAST LINCOLN FARMERS GRAIN CO,EAST LINCOLN FARMERS GRAIN CO,State,,[],[8-0158],Approved,2,,2026,September,9
IL,"Logan, IL",KRUGER,EAST LINCOLN FARMERS GRAIN CO,EAST LINCOLN FARMERS GRAIN CO,State,,[],[8-0158],Approved,1,,2026,September,9
IL,"Logan, IL",LAWNDALE,EAST LINCOLN FARMERS GRAIN CO,EAST LINCOLN FARMERS GRAIN CO,State,,[],[8-0158],Approved,5,,2026,September,9
IA,"Hancock, IA",CORWITH,Gold-Eagle Cooperative,GOLD-EAGLE COMPANY,State,,[],[8-0159],Approved,5,"3,691,000",2026,September,9
IA,"Hancock, IA",Hutchins,Gold-Eagle Cooperative,GOLD-EAGLE COMPANY,State,,[],[8-0159],Approved,13,"1,566,000",2026,September,9
IA,"Hancock, IA",Kanawha,Gold-Eagle Cooperative,GOLD-EAGLE COMPANY,State,,[],[8-0159],Approved,12,"2,945,000",2026,September,9
IA,"Hancock, IA",RR Corwith,Gold-Eagle Cooperative,GOLD-EAGLE COMPANY,State,,[],[8-0159],Approved,16,"1,110,000",2026,September,9
IA,"Hancock, IA",Woden,Gold-Eagle Cooperative,GOLD-EAGLE COMPANY,State,,[],[8-0159],Approved,14,"3,075,000",2026,September,9
IA,"Humboldt, IA",HARDY,Gold-Eagle Cooperative,GOLD-EAGLE COMPANY,State,,[],[8-0159],Approved,8,"3,030,000",2026,September,9
IA,"Humboldt, IA",LIVERMORE,Gold-Eagle Cooperative,GOLD-EAGLE COMPANY,State,,[],[8-0159],Approved,4,"1,867,000",2026,September,9
IA,"Humboldt, IA",RENWICK,Gold-Eagle Cooperative,GOLD-EAGLE COMPANY,State,,[],[8-0159],Approved,3,"3,779,000",2026,September,9
IA,"Humboldt, IA",THOR,Gold-Eagle Cooperative,GOLD-EAGLE COMPANY,State,,[],[8-0159],Approved,9,"3,587,000",2026,September,9
IA,"Kossuth, IA",LU VERNE,Gold-Eagle Cooperative,GOLD-EAGLE COMPANY,State,,[],[8-0159],Approved,17,"3,628,000",2026,September,9
IA,"Kossuth, IA",TITONKA,Gold-Eagle Cooperative,GOLD-EAGLE COMPANY,State,,[],[8-0159],Approved,7,"5,056,000",2026,September,9
IA,"Kossuth, IA",WESLEY,Gold-Eagle Cooperative,GOLD-EAGLE COMPANY,State,,[],[8-0159],Approved,6,"2,929,000",2026,September,9
IA,"Wright, IA",CLARION,Gold-Eagle Cooperative,GOLD-EAGLE COMPANY,State,,[],[8-0159],Approved,10,"4,266,000",2026,September,9
IA,"Wright, IA",CLARION,Gold-Eagle Cooperative,GOLD-EAGLE COMPANY,State,,[],[8-0159],Approved,15,"5,721,000",2026,September,9
IA,"Wright, IA",EAGLE GROVE,Gold-Eagle Cooperative,GOLD-EAGLE COMPANY,State,,[],[8-0159],Approved,2,"2,794,000",2026,September,9
IA,"Wright, IA",GOLDFIELD,Gold-Eagle Cooperative,GOLD-EAGLE COMPANY,State,,[],[8-0159],Approved,1,"4,321,000",2026,September,9
IA,"Wright, IA",Holmes,Gold-Eagle Cooperative,GOLD-EAGLE COMPANY,State,,[],[8-0159],Approved,11,"1,684,000",2026,September,9
IA,"Adair, IA",ADAIR,Landus Cooperative,Landus Cooperative Elevators,Federal,I - Issued,[3-6672],[8-0168],Approved,63,"7,012,000",2026,September,9
IA,"Adair, IA",CASEY,Landus Cooperative,Landus Cooperative Elevators,Federal,I - Issued,[3-6672],[8-0168],Approved,48,"3,432,000",2026,September,9
IA,"Audubon, IA",HAMLIN,Landus Cooperative,Landus Cooperative Elevators,Federal,I - Issued,[3-6672],[8-0168],Approved,58,"5,506,000",2026,September,9
IA,"Boone, IA",BEAVER,Landus Cooperative,Landus Cooperative Elevators,Federal,I - Issued,[3-6672],[8-0168],Approved,53,"1,405,000",2026,September,9
IA,"Boone, IA",BOONE,Landus Cooperative,Landus Cooperative Elevators,Federal,I - Issued,[3-6672],[8-0168],Approved,51,"11,546,000",2026,September,9
IA,"Boone, IA",BOXHOLM,Landus Cooperative,Landus Cooperative Elevators,Federal,I - Issued,[3-6672],[8-0168],Approved,52,"1,645,000",2026,September,9
IA,"Bremer, IA",PLAINFIELD,Landus Cooperative,Landus Cooperative Elevators,Federal,I - Issued,[3-6672],[8-0168],Approved,27,"1,065,000",2026,September,9
IA,"Bremer, IA",Waverly,Landus Cooperative,Landus Cooperative Elevators,Federal,I - Issued,[3-6672],[8-0168],Approved,73,"2,054,000",2026,September,9
IA,"Buena Vista, IA",NEWELL,Landus Cooperative,Landus Cooperative Elevators,Federal,I - Issued,[3-6672],[8-0168],Approved,33,"1,861,000",2026,September,9
IA,"Buena Vista, IA",SULPHUR SPRINGS,Landus Cooperative,Landus Cooperative Elevators,Federal,I - Issued,[3-6672],[8-0168],Approved,32,"1,634,000",2026,September,9
IA,"Butler, IA",AREDALE,Landus Cooperative,Landus Cooperative Elevators,Federal,I - Issued,[3-6672],[8-0168],Approved,40,"1,235,000",2026,September,9
IA,"Butler, IA",Clarksville,Landus Cooperative,Landus Cooperative Elevators,Federal,I - Issued,[3-6672],[8-0168],Approved,68,"1,471,000",2026,September,9
IA,"Butler, IA",GREENE,Landus Cooperative,Landus Cooperative Elevators,Federal,I - Issued,[3-6672],[8-0168],Approved,26,"3,217,000",2026,September,9
IA,"Butler, IA",NEW HARTFORD,Landus Cooperative,Landus Cooperative Elevators,Federal,I - Issued,[3-6672],[8-0168],Approved,43,"1,911,000",2026,September,9
IA,"Calhoun, IA",Farnhamville,Landus Cooperative,Landus Cooperative Elevators,Federal,I - Issued,[3-6672],[8-0168],Approved,1,"7,436,000",2026,September,9
IA,"Calhoun, IA",Lake City,Landus Cooperative,Landus Cooperative Elevators,Federal,I - Issued,[3-6672],[8-0168],Approved,7,"991,000",2026,September,9
IA,"Calhoun, IA",Rockwell City,Landus Cooperative,Landus Cooperative Elevators,Federal,I - Issued,[3-6672],[8-0168],Approved,19,"1,886,000",2026,September,9
IA,"Calhoun, IA",Somers,Landus Cooperative,Landus Cooperative Elevators,Federal,I - Issued,[3-6672],[8-0168],Approved,3,"2,204,000",2026,September,9
IA,"Calhoun, IA",Yetter,Landus Cooperative,Landus Cooperative Elevators,Federal,I - Issued,[3-6672],[8-0168],Approved,8,"5,810,000",2026,September,9
IA,"Carroll, IA",RALSTON,Landus Cooperative,Landus Cooperative Elevators,Federal,I - Issued,[3-6672],[8-0168],Approved,45,"5,884,000",2026,September,9
IA,"Carroll, IA",TEMPLETON,Landus Cooperative,Landus Cooperative Elevators,Federal,I - Issued,[3-6672],[8-0168],Approved,47,"3,794,000",2026,September,9
IA,"Cass, IA",Atlantic,Landus Cooperative,Landus Cooperative Elevators,Federal,I - Issued,[3-6672],[8-0168],Approved,69,"3,346,000",2026,September,9
IA,"Crawford, IA",MANILLA,Landus Cooperative,Landus Cooperative Elevators,Federal,I - Issued,[3-6672],[8-0168],Approved,67,"2,299,000",2026,September,9
IA,"Dallas, IA",DAWSON,Landus Cooperative,Landus Cooperative Elevators,Federal,I - Issued,[3-6672],[8-0168],Approved,56,"2,600,000",2026,September,9
IA,"Franklin, IA",BRADFORD,Landus Cooperative,Landus Cooperative Elevators,Federal,I - Issued,[3-6672],[8-0168],Approved,25,"3,224,000",2026,September,9
IA,"Franklin, IA",Latimer,Landus Cooperative,Landus Cooperative Elevators,Federal,I - Issued,[3-6672],[8-0168],Approved,20,"3,058,000",2026,September,9
IA,"Greene, IA",Churdan,Landus Cooperative,Landus Cooperative Elevators,Federal,I - Issued,[3-6672],[8-0168],Approved,4,"1,018,000",2026,September,9
IA,"Greene, IA",JEFFERSON,Landus Cooperative,Landus Cooperative Elevators,Federal,I - Issued,[3-6672],[8-0168],Approved,54,"8,628,000",2026,September,9
IA,"Greene, IA",Paton,Landus Cooperative,Landus Cooperative Elevators,Federal,I - Issued,[3-6672],[8-0168],Approved,81,"5,055,000",2026,September,9
IA,"Greene, IA",RIPPEY,Landus Cooperative,Landus Cooperative Elevators,Federal,I - Issued,[3-6672],[8-0168],Approved,71,"1,997,000",2026,September,9
IA,"Grundy, IA",Grundy Center,Landus Cooperative,Landus Cooperative Elevators,Federal,I - Issued,[3-6672],[8-0168],Approved,78,"3,433,000",2026,September,9
IA,"Grundy, IA",Wellsburg,Landus Cooperative,Landus Cooperative Elevators,Federal,I - Issued,[3-6672],[8-0168],Approved,77,"2,453,000",2026,September,9
IA,"Guthrie, IA",Bayard,Landus Cooperative,Landus Cooperative Elevators,Federal,I - Issued,[3-6672],[8-0168],Approved,13,"3,469,000",2026,September,9
IA,"Guthrie, IA",PANORA,Landus Cooperative,Landus Cooperative Elevators,Federal,I - Issued,[3-6672],[8-0168],Approved,70,"2,370,000",2026,September,9
IA,"Guthrie, IA",Yale,Landus Cooperative,Landus Cooperative Elevators,Federal,I - Issued,[3-6672],[8-0168],Approved,12,"4,884,000",2026,September,9
IA,"Hancock, IA",BRITT,Landus Cooperative,Landus Cooperative Elevators,Federal,I - Issued,[3-6672],[8-0168],Approved,30,"6,701,000",2026,September,9
IA,"Ida, IA",Ida Grove,Landus Cooperative,Landus Cooperative Elevators,Federal,I - Issued,[3-6672],[8-0168],Approved,11,"5,838,000",2026,September,9
IA,"Palo Alto, IA",EMMETSBURG,Landus Cooperative,Landus Cooperative Elevators,Federal,I - Issued,[3-6672],[8-0168],Approved,72,"146,000",2026,September,9
IA,"Polk, IA",Mitchellville,Landus Cooperative,Landus Cooperative Elevators,Federal,I - Issued,[3-6672],[8-0168],Approved,74,"5,512,000",2026,September,9
IA,"Polk, IA",PLEASANT HILL,Landus Cooperative,Landus Cooperative Elevators,Federal,I - Issued,[3-6672],[8-0168],Approved,38,"1,061,000",2026,September,9
IA,"Sac, IA",Early,Landus Cooperative,Landus Cooperative Elevators,Federal,I - Issued,[3-6672],[8-0168],Approved,18,"4,055,000",2026,September,9
IA,"Sac, IA",Lake View,Landus Cooperative,Landus Cooperative Elevators,Federal,I - Issued,[3-6672],[8-0168],Approved,6,"909,000",2026,September,9
IA,"Sac, IA",Odebolt,Landus Cooperative,Landus Cooperative Elevators,Federal,I - Issued,[3-6672],[8-0168],Approved,9,"3,976,000",2026,September,9
IA,"Story, IA",COLLINS,Landus Cooperative,Landus Cooperative Elevators,Federal,I - Issued,[3-6672],[8-0168],Approved,36,"3,358,000",2026,September,9
IA,"Webster, IA",GOWRIE,Landus Cooperative,Landus Cooperative Elevators,Federal,I - Issued,[3-6672],[8-0168],Approved,49,"4,283,000",2026,September,9
IA,"Winnebago, IA",RAKE,Landus Cooperative,Landus Cooperative Elevators,Federal,I - Issued,[3-6672],[8-0168],Approved,29,"7,568,000",2026,September,9
IL,"Hamilton, IL",McLeansboro,Landus Cooperative,Landus Cooperative Elevators,Federal,I - Issued,[3-6672],[8-0168],Approved,84,"1,836,000",2026,September,9
IN,"Rush, IN",RUSHVILLE,Landus Cooperative,Landus Cooperative Elevators,Federal,I - Issued,[3-6672],[8-0168],Approved,85,"3,696,000",2026,September,9
MN,"Faribault, MN",Bricelyn,Landus Cooperative,Landus Cooperative Elevators,Federal,I - Issued,[3-6672],[8-0168],Approved,75,"1,374,000",2026,September,9
IL,"Tazewell, IL",Delavan,Tremont Co-operative Grain Company,Tremont Co-operative Grain Co.,State,,[],[8-0170],Approved,3,"4,134,000",2026,September,9
IL,"Tazewell, IL",Pekin (Adwell Spur),Tremont Co-operative Grain Company,Tremont Co-operative Grain Co.,State,,[],[8-0170],Approved,2,"5,655,000",2026,September,9
IL,"Tazewell, IL",Tremont,Tremont Co-operative Grain Company,Tremont Co-operative Grain Co.,State,,[],[8-0170],Approved,1,"329,000",2026,September,9
IL,"Tazewell, IL",Tremont,Tremont Co-operative Grain Company,Tremont Co-operative Grain Co.,State,,[],[8-0170],Approved,4,"6,709,000",2026,September,9
IA,"Mitchell, IA",Osage,Osage Cooperative Elevator,Osage Cooperative Elevator,State,,[],[8-0171],Approved,1,"7,698,000",2026,September,9
IA,"Mitchell, IA",Little Cedar,Little Cedar Cooperative Elevator,Little Cedar Cooperative Elevator,State,,[],[8-0194],Approved,1,"1,557,000",2026,September,9
IA,"Cerro Gordo, IA",CLEAR LAKE,North Iowa Cooperative Elevator,NORTH IOWA COOPERATIVE ELEVATOR,State,,[],[8-0195],Approved,4,"923,000",2026,September,9
IA,"Cerro Gordo, IA",MASON CITY (PORTLAND),North Iowa Cooperative Elevator,NORTH IOWA COOPERATIVE ELEVATOR,State,,[],[8-0195],Approved,1,"1,714,000",2026,September,9
IA,"Cerro Gordo, IA",PLYMOUTH,North Iowa Cooperative Elevator,NORTH IOWA COOPERATIVE ELEVATOR,State,,[],[8-0195],Approved,3,"1,411,000",2026,September,9
IA,"Cerro Gordo, IA",THORNTON,North Iowa Cooperative Elevator,NORTH IOWA COOPERATIVE ELEVATOR,State,,[],[8-0195],Approved,2,"3,204,000",2026,September,9
IA,"Dickinson, IA",SUPERIOR,"Green Plains Grain Company, LLC",Green Plains Grain Warehouses,Federal,I - Issued,[3-9843],[8-0205],Approved,1,"2,166,000",2026,September,9
IA,"Fremont, IA",SHENANDOAH,"Green Plains Grain Company, LLC",Green Plains Grain Warehouses,Federal,I - Issued,[3-9843],[8-0205],Approved,2,"886,000",2026,September,9
IL,"Madison, IL",MADISON,"Green Plains Grain Company, LLC",Green Plains Grain Warehouses,Federal,I - Issued,[3-9843],[8-0205],Approved,19,"1,015,000",2026,September,9
IN,"Posey, IN",MT VERNON,"Green Plains Grain Company, LLC",Green Plains Grain Warehouses,Federal,I - Issued,[3-9843],[8-0205],Approved,20,"1,034,000",2026,September,9
MN,"Martin, MN",FAIRMONT,"Green Plains Grain Company, LLC",Green Plains Grain Warehouses,Federal,I - Issued,[3-9843],[8-0205],Approved,10,"1,611,000",2026,September,9
MN,"Otter Tail, MN",FERGUS FALLS,"Green Plains Grain Company, LLC",Green Plains Grain Warehouses,Federal,I - Issued,[3-9843],[8-0205],Approved,9,"628,000",2026,September,9
NE,"Hall, NE",WOOD RIVER,"Green Plains Grain Company, LLC",Green Plains Grain Warehouses,Federal,I - Issued,[3-9843],[8-0205],Approved,6,"3,293,000",2026,September,9
NE,"Merrick, NE",CENTRAL CITY,"Green Plains Grain Company, LLC",Green Plains Grain Warehouses,Federal,I - Issued,[3-9843],[8-0205],Approved,7,"1,400,000",2026,September,9
NE,"York, NE",YORK,"Green Plains Grain Company, LLC",Green Plains Grain Warehouses,Federal,I - Issued,[3-9843],[8-0205],Approved,21,"363,000",2026,September,9
IL,"Will, IL",MANHATTEN,"Crawford Grain International, Inc.","CRAWFORD GRAIN INTERNATIONAL, INC.",State,,[],[8-0213],Approved,1,"2,148,000",2026,September,9
IL,"Vermilion, IL",SIDELL,"Sidell Agri-Services, Inc.","SIDELL AGRI-SERVICES, INC.",State,,[],[8-0236],Approved,1,"2,095,000",2026,September,9
IA,"Wapello, IA",OTTUMWA,"Wapello County Grain, Inc.","WAPELLO COUNTY GRAIN, INC.",State,,[],[8-0237],Approved,1,"567,000",2026,September,9
IA,"Sioux, IA",HULL,Hull Cooperative Association,FARMERS ELEVATOR,Federal,I - Issued,[3-6554],[8-0239],Approved,1,"4,776,000",2026,September,9
IA,"Jackson, IA",MAQUOKETA,"Bullocks, Inc.","BULLOCKS, INC.",State,,[],[8-0288],Approved,1,"899,000",2026,September,9
IA,"Jackson, IA",PRESTON,"Bullock Ag Service, Inc. - Preston","Bullock Ag Service, Inc. - Preston",State,,[],[8-0291],Approved,1,"795,000",2026,September,9
AR,"Chicot, AR",Lake Village,"Cain Agra Operations, LLC",Cain Agra Elevator,Federal,I - Issued,[3-10164],[8-0300],Approved,1,"1,930,000",2026,September,9
IA,"Black Hawk, IA",DEWAR,Nexus Cooperative,Nexus Cooperative Elevator,Federal,I - Issued,[3-5883],[8-0303],Approved,34,"1,350,000",2026,September,9
IA,"Crawford, IA",Denison,Nexus Cooperative,Nexus Cooperative Elevator,Federal,I - Issued,[3-5883],[8-0303],Approved,31,"673,000",2026,September,9
IA,"Fayette, IA",ELGIN,Nexus Cooperative,Nexus Cooperative Elevator,Federal,I - Issued,[3-5883],[8-0303],Approved,17,"2,390,000",2026,September,9
IA,"Fayette, IA",OELWEIN,Nexus Cooperative,Nexus Cooperative Elevator,Federal,I - Issued,[3-5883],[8-0303],Approved,18,"4,014,000",2026,September,9
IA,"Fayette, IA",SUMNER,Nexus Cooperative,Nexus Cooperative Elevator,Federal,I - Issued,[3-5883],[8-0303],Approved,11,"1,077,000",2026,September,9
IA,"Floyd, IA",MARBLE ROCK,Nexus Cooperative,Nexus Cooperative Elevator,Federal,I - Issued,[3-5883],[8-0303],Approved,8,"1,799,000",2026,September,9
IA,"Floyd, IA",ROCKFORD,Nexus Cooperative,Nexus Cooperative Elevator,Federal,I - Issued,[3-5883],[8-0303],Approved,7,"1,583,000",2026,September,9
IA,"Floyd, IA",RUDD,Nexus Cooperative,Nexus Cooperative Elevator,Federal,I - Issued,[3-5883],[8-0303],Approved,9,"2,461,000",2026,September,9
IA,"Franklin, IA",Chapin,Nexus Cooperative,Nexus Cooperative Elevator,Federal,I - Issued,[3-5883],[8-0303],Approved,33,"5,316,000",2026,September,9
IA,"Mitchell, IA",CARPENTER,Nexus Cooperative,Nexus Cooperative Elevator,Federal,I - Issued,[3-5883],[8-0303],Approved,2,"652,000",2026,September,9
IA,"Mitchell, IA",Stacyville,Nexus Cooperative,Nexus Cooperative Elevator,Federal,I - Issued,[3-5883],[8-0303],Approved,19,"2,236,000",2026,September,9
IA,"Mitchell, IA",Toeterville,Nexus Cooperative,Nexus Cooperative Elevator,Federal,I - Issued,[3-5883],[8-0303],Approved,23,"1,996,000",2026,September,9
IA,"Shelby, IA",Harlan,Nexus Cooperative,Nexus Cooperative Elevator,Federal,I - Issued,[3-5883],[8-0303],Approved,32,"188,000",2026,September,9
IA,"Worth, IA",MANLY,Nexus Cooperative,Nexus Cooperative Elevator,Federal,I - Issued,[3-5883],[8-0303],Approved,6,"5,653,000",2026,September,9
IA,"Worth, IA",NORTHWOOD,Nexus Cooperative,Nexus Cooperative Elevator,Federal,I - Issued,[3-5883],[8-0303],Approved,1,"1,682,000",2026,September,9
MN,"Dodge, MN",Blooming Prairie,Nexus Cooperative,Nexus Cooperative Elevator,Federal,I - Issued,[3-5883],[8-0303],Approved,30,"1,445,000",2026,September,9
MN,"Faribault, MN",MINNESOTA LAKE,Nexus Cooperative,Nexus Cooperative Elevator,Federal,I - Issued,[3-5883],[8-0303],Approved,36,"857,000",2026,September,9
MN,"Faribault, MN",WELLS,Nexus Cooperative,Nexus Cooperative Elevator,Federal,I - Issued,[3-5883],[8-0303],Approved,35,"2,154,000",2026,September,9
MN,"Freeborn, MN",Alden,Nexus Cooperative,Nexus Cooperative Elevator,Federal,I - Issued,[3-5883],[8-0303],Approved,26,"1,116,000",2026,September,9
MN,"Freeborn, MN",Conger,Nexus Cooperative,Nexus Cooperative Elevator,Federal,I - Issued,[3-5883],[8-0303],Approved,27,"928,000",2026,September,9
MN,"Freeborn, MN",Emmons,Nexus Cooperative,Nexus Cooperative Elevator,Federal,I - Issued,[3-5883],[8-0303],Approved,28,"1,077,000",2026,September,9
MN,"Freeborn, MN",LONDON,Nexus Cooperative,Nexus Cooperative Elevator,Federal,I - Issued,[3-5883],[8-0303],Approved,4,"1,279,000",2026,September,9
MN,"Freeborn, MN",Oakland,Nexus Cooperative,Nexus Cooperative Elevator,Federal,I - Issued,[3-5883],[8-0303],Approved,21,"640,000",2026,September,9
MN,"Mower, MN",Adams,Nexus Cooperative,Nexus Cooperative Elevator,Federal,I - Issued,[3-5883],[8-0303],Approved,20,"2,266,000",2026,September,9
MN,"Mower, MN",Brownsdale,Nexus Cooperative,Nexus Cooperative Elevator,Federal,I - Issued,[3-5883],[8-0303],Approved,22,"486,000",2026,September,9
MN,"Mower, MN",Lansing,Nexus Cooperative,Nexus Cooperative Elevator,Federal,I - Issued,[3-5883],[8-0303],Approved,25,"3,411,000",2026,September,9
MN,"Mower, MN",Leroy,Nexus Cooperative,Nexus Cooperative Elevator,Federal,I - Issued,[3-5883],[8-0303],Approved,29,"1,709,000",2026,September,9
MN,"Mower, MN",Rose Creek,Nexus Cooperative,Nexus Cooperative Elevator,Federal,I - Issued,[3-5883],[8-0303],Approved,24,"577,000",2026,September,9
IL,"Macoupin, IL",BUNKER HILL,M & M Service Company,M & M Service Company,State,,[],[8-0328],Approved,2,"740,000",2026,September,9
IL,"Macoupin, IL",Carlinville,M & M Service Company,M & M Service Company,State,,[],[8-0328],Approved,1,"538,000",2026,September,9
IL,"Macoupin, IL",Carlinville,M & M Service Company,M & M Service Company,State,,[],[8-0328],Approved,12,"3,728,000",2026,September,9
IL,"Macoupin, IL",CHESTERFIELD,M & M Service Company,M & M Service Company,State,,[],[8-0328],Approved,3,"1,142,000",2026,September,9
IL,"Macoupin, IL",GIRARD,M & M Service Company,M & M Service Company,State,,[],[8-0328],Approved,6,"2,011,000",2026,September,9
IL,"Macoupin, IL",PALMYRA,M & M Service Company,M & M Service Company,State,,[],[8-0328],Approved,4,"536,000",2026,September,9
IL,"Macoupin, IL",VIRDEN,M & M Service Company,M & M Service Company,State,,[],[8-0328],Approved,5,"744,000",2026,September,9
IL,"Madison, IL",ALHAMBRA,M & M Service Company,M & M Service Company,State,,[],[8-0328],Approved,11,"303,000",2026,September,9
IL,"Montgomery, IL",FARMERSVILLE,M & M Service Company,M & M Service Company,State,,[],[8-0328],Approved,7,0,2026,September,9
IL,"Montgomery, IL",IRVING,M & M Service Company,M & M Service Company,State,,[],[8-0328],Approved,8,"1,278,000",2026,September,9
IL,"Montgomery, IL",Litchfield,M & M Service Company,M & M Service Company,State,,[],[8-0328],Approved,9,"2,408,000",2026,September,9
IL,"Montgomery, IL",Litchfield,M & M Service Company,M & M Service Company,State,,[],[8-0328],Approved,10,"1,953,000",2026,September,9
IL,"Montgomery, IL",NAKOMIS,M & M Service Company,M & M Service Company,State,,[],[8-0328],Approved,13,"668,000",2026,September,9
IL,"Montgomery, IL",WITT,M & M Service Company,M & M Service Company,State,,[],[8-0328],Approved,14,"1,028,000",2026,September,9
IA,"Delaware, IA",EDGEWOOD,"Lloyd Kelchen Grain, LTD.",LLOYD KELCHEN GRAIN LTD,State,,[],[8-0372],Approved,1,"2,325,000",2026,September,9
IL,"La Salle, IL",OTTAWA,Archer-Daniels-Midland Company,ADM DBA ADM/GROWMARK,State,,[],[8-0384],Approved,1,"1,704,000",2026,September,9
IL,"Shelby, IL",MODE,W. R. Yakey Grain Co.,W. R. YAKEY GRAIN CO.,State,,[],[8-0392],Approved,1,"1,401,000",2026,September,9
IL,"Adams, IL",CAMP POINT,URSA Farmers Co-operative Company,URSA FARMERS CO-OPERATIVE COMPANY,State,,[],[8-0421],Approved,5,"279,000",2026,September,9
IL,"Adams, IL",Camp Point,URSA Farmers Co-operative Company,URSA FARMERS CO-OPERATIVE COMPANY,State,,[],[8-0421],Approved,7,"2,832,000",2026,September,9
IL,"Adams, IL",LORAINE,URSA Farmers Co-operative Company,URSA FARMERS CO-OPERATIVE COMPANY,State,,[],[8-0421],Approved,6,"325,000",2026,September,9
IL,"Adams, IL",MEYER,URSA Farmers Co-operative Company,URSA FARMERS CO-OPERATIVE COMPANY,State,,[],[8-0421],Approved,1,"279,000",2026,September,9
IL,"Adams, IL",Ursa,URSA Farmers Co-operative Company,URSA FARMERS CO-OPERATIVE COMPANY,State,,[],[8-0421],Approved,2,"128,000",2026,September,9
IL,"Hancock, IL",BOWEN,URSA Farmers Co-operative Company,URSA FARMERS CO-OPERATIVE COMPANY,State,,[],[8-0421],Approved,3,"770,000",2026,September,9
IL,"Hancock, IL",WARSAW,URSA Farmers Co-operative Company,URSA FARMERS CO-OPERATIVE COMPANY,State,,[],[8-0421],Approved,4,"2,615,000",2026,September,9
IL,"Macoupin, IL",Hettick,"WM P Sonneborn, Inc.","WM P Sonneborn, Inc.",State,,[],[8-0433],Approved,1,"260,000",2026,September,9
IA,"Delaware, IA",DYERSVILLE (PETERSBURG),"Petersburg Feed Mill, Inc.","PETERSBURG FEED MILL, INC.",State,,[],[8-0479],Approved,1,"577,000",2026,September,9
AR,"Jackson, AR",GRUBBS,"Riceland Foods, Inc.",TUCKERMAN RICE WAREHOUSE,Federal,I - Issued,[3-4567],[8-0532],Approved,2,"2,803,000",2026,September,9
AR,"Poinsett, AR",WALDENBURG,"Riceland Foods, Inc.",Waldenburg Grain Warehouse,Federal,I - Issued,[3-9735],[8-0535],Approved,1,"3,212,000",2026,September,9
IA,"Clayton, IA",EDGEWOOD,Silveredge Cooperative,SILVEREDGE COOPERATIVE,State,,[],[8-0538],Approved,1,"794,000",2026,September,9
IN,"Starke, IN",HAMLET,Starke County Farm Bureau Co-operative Assn Inc,STARKE COUNTY FARM BUREAU CO-OPERATIVE ASSN INC,State,,[],[8-0553],Approved,1,,2026,September,9
IN,"Starke, IN",KNOX (BREMS),Starke County Farm Bureau Co-operative Assn Inc,STARKE COUNTY FARM BUREAU CO-OPERATIVE ASSN INC,State,,[],[8-0553],Approved,2,,2026,September,9
IA,"Crawford, IA",ASPINWALL,Aspinwall Cooperative Co.,ASPINWALL COOPERATIVE CO.,State,,[],[8-0560],Approved,1,"4,371,000",2026,September,9
IA,"Crawford, IA",VAIL,Aspinwall Cooperative Co.,ASPINWALL COOPERATIVE CO.,State,,[],[8-0560],Approved,2,"399,000",2026,September,9
MI,"Ingham, MI",WEBBERVILLE,Archer-Daniels-Midland Company,ARCHER-DANIELS-MIDLAND COMPANY,State,,[],[8-0586],Approved,1,,2026,September,9
IL,"Carroll, IL",CHADWICK,"Eastland Feed and Grain, Inc.","EASTLAND FEED AND GRAIN, INC.",State,,[],[8-0591],Approved,2,"24,000",2026,September,9
IL,"Carroll, IL",Savanna,"Eastland Feed and Grain, Inc.","EASTLAND FEED AND GRAIN, INC.",State,,[],[8-0591],Approved,3,"872,000",2026,September,9
IL,"Carroll, IL",Shannon,"Eastland Feed and Grain, Inc.","EASTLAND FEED AND GRAIN, INC.",State,,[],[8-0591],Approved,1,"1,749,000",2026,September,9
IL,"Clinton, IL",Carlyle,Pitchford Elevator Co.,PITCHFORD ELEVATOR CO.,State,,[],[8-0596],Approved,4,"426,000",2026,September,9
IL,"Washington, IL",NASHVILLE,Pitchford Elevator Co.,PITCHFORD ELEVATOR CO.,State,,[],[8-0596],Approved,3,"1,009,000",2026,September,9
IL,"Washington, IL",RADOM,Pitchford Elevator Co.,PITCHFORD ELEVATOR CO.,State,,[],[8-0596],Approved,2,"794,000",2026,September,9
IL,"Washington, IL",RICHVIEW,Pitchford Elevator Co.,PITCHFORD ELEVATOR CO.,State,,[],[8-0596],Approved,1,"2,192,000",2026,September,9
NE,"Thayer, NE",CARLETON,"Cargill, Incorporated",Cargill West Elevators,Federal,I - Issued,[3-10091],[8-0605],Approved,18,"8,230,000",2026,September,9
IL,"Cass, IL",ARENZVILLE,"GROWMARK, Inc.","Growmark, Inc.",State,,[],[8-0610],Approved,2,"537,000",2026,September,9
IL,"Cass, IL",BLUFF SPRINGS,"GROWMARK, Inc.","Growmark, Inc.",State,,[],[8-0610],Approved,4,"792,000",2026,September,9
IL,"Cass, IL",CHANDLERVILLE,"GROWMARK, Inc.","Growmark, Inc.",State,,[],[8-0610],Approved,3,"1,337,000",2026,September,9
IL,"Cass, IL",VIRGINIA,"GROWMARK, Inc.","Growmark, Inc.",State,,[],[8-0610],Approved,1,"2,037,000",2026,September,9
IA,"Appanoose, IA",CENTERVILLE,Smith Fertilizer and Grain Company,SMITH FERTILZER AND GRAIN COMPANY,State,,[],[8-0647],Approved,4,"1,204,000",2026,September,9
IA,"Marion, IA",KNOXVILLE,Smith Fertilizer and Grain Company,SMITH FERTILZER AND GRAIN COMPANY,State,,[],[8-0647],Approved,1,"853,000",2026,September,9
IA,"Marion, IA",MELCHER,Smith Fertilizer and Grain Company,SMITH FERTILZER AND GRAIN COMPANY,State,,[],[8-0647],Approved,6,"446,000",2026,September,9
IA,"Marion, IA",PLEASANTVILLE,Smith Fertilizer and Grain Company,SMITH FERTILZER AND GRAIN COMPANY,State,,[],[8-0647],Approved,2,"556,000",2026,September,9
IA,"Monroe, IA",ALBIA,Smith Fertilizer and Grain Company,SMITH FERTILZER AND GRAIN COMPANY,State,,[],[8-0647],Approved,3,"1,505,000",2026,September,9
IA,"Warren, IA",MILO,Smith Fertilizer and Grain Company,SMITH FERTILZER AND GRAIN COMPANY,State,,[],[8-0647],Approved,7,"382,000",2026,September,9
IA,"Buchanan, IA",Aurora,"Aurora Elevator, Inc.","AURORA ELEVATOR, INC.",State,,[],[8-0655],Approved,1,"1,121,000",2026,September,9
ID,"Cassia, ID",BURLEY,"Bunge USA Grain, LLC",Bunge West-Texas Elevators,Federal,I - Issued,[3-10014],[8-0666],Approved,6,"2,166,000",2026,September,9
TX,"Dallam, TX",Dalhart,"Bunge USA Grain, LLC",Bunge West-Texas Elevators,Federal,I - Issued,[3-10014],[8-0666],Approved,7,"1,698,000",2026,September,9
IN,"Shelby, IN",MORRISTOWN,"Bunge North America, Inc.",Bunge North America Soy Plant,Federal,I - Issued,[3-9744],[8-0676],Approved,1,"5,002,000",2026,September,9
IN,"Shelby, IN",MORRISTOWN,"Bunge North America, Inc.",Bunge North America Soy Plant,Federal,I - Issued,[3-9744],[8-0676],Approved,2,"3,323,000",2026,September,9
IA,"Sioux, IA",SIOUX CENTER,"Visser Elevator, Inc.",VISSER ELEVATOR,Federal,I - Issued,[3-7797],[8-0677],Approved,1,"1,579,000",2026,September,9
IA,"Black Hawk, IA",GILBERTVILLE,Heartland Co-op,HEARTLAND COOP,State,,[],[8-0687],Approved,21,"202,000",2026,September,9
IA,"Black Hawk, IA",VOOHRIES,Heartland Co-op,HEARTLAND COOP,State,,[],[8-0687],Approved,55,"1,570,000",2026,September,9
IA,"Black Hawk, IA",WASHBURN,Heartland Co-op,HEARTLAND COOP,State,,[],[8-0687],Approved,20,"1,444,000",2026,September,9
IA,"Boone, IA",LUTHER,Heartland Co-op,HEARTLAND COOP,State,,[],[8-0687],Approved,32,"2,594,000",2026,September,9
IA,"Boone, IA",MADRID,Heartland Co-op,HEARTLAND COOP,State,,[],[8-0687],Approved,33,"670,000",2026,September,9
IA,"Dallas, IA",DALLAS CENTER,Heartland Co-op,HEARTLAND COOP,State,,[],[8-0687],Approved,41,"3,981,000",2026,September,9
IA,"Dallas, IA",MINBURN,Heartland Co-op,HEARTLAND COOP,State,,[],[8-0687],Approved,43,"4,579,000",2026,September,9
IA,"Dallas, IA",REDFIELD,Heartland Co-op,HEARTLAND COOP,State,,[],[8-0687],Approved,45,"2,701,000",2026,September,9
IA,"Dallas, IA",WAUKEE,Heartland Co-op,HEARTLAND COOP,State,,[],[8-0687],Approved,44,"793,000",2026,September,9
IA,"Dallas, IA",WOODWARD,Heartland Co-op,HEARTLAND COOP,State,,[],[8-0687],Approved,59,"3,338,000",2026,September,9
IA,"Fremont, IA",Randolph,Heartland Co-op,HEARTLAND COOP,State,,[],[8-0687],Approved,39,"3,968,000",2026,September,9
IA,"Grundy, IA",GRUNDY CENTER,Heartland Co-op,HEARTLAND COOP,State,,[],[8-0687],Approved,16,"2,509,000",2026,September,9
IA,"Grundy, IA",REINBECK,Heartland Co-op,HEARTLAND COOP,State,,[],[8-0687],Approved,18,"2,262,000",2026,September,9
IA,"Hamilton, IA",JEWELL,Heartland Co-op,HEARTLAND COOP,State,,[],[8-0687],Approved,31,"1,857,000",2026,September,9
IA,"Hamilton, IA",STANHOPE,Heartland Co-op,HEARTLAND COOP,State,,[],[8-0687],Approved,29,"1,154,000",2026,September,9
IA,"Harrison, IA",California Junction,Heartland Co-op,HEARTLAND COOP,State,,[],[8-0687],Approved,60,"228,000",2026,September,9
IA,"Harrison, IA",MISSOURI VALLEY,Heartland Co-op,HEARTLAND COOP,State,,[],[8-0687],Approved,53,"2,091,000",2026,September,9
IA,"Harrison, IA",MODALE,Heartland Co-op,HEARTLAND COOP,State,,[],[8-0687],Approved,49,"1,383,000",2026,September,9
IA,"Harrison, IA",MONDAMIN,Heartland Co-op,HEARTLAND COOP,State,,[],[8-0687],Approved,52,"2,521,000",2026,September,9
IA,"Harrison, IA",RIVER SIOUX,Heartland Co-op,HEARTLAND COOP,State,,[],[8-0687],Approved,51,"879,000",2026,September,9
IA,"Harrison, IA",WOODBINE,Heartland Co-op,HEARTLAND COOP,State,,[],[8-0687],Approved,50,"2,821,000",2026,September,9
IA,"Iowa, IA",CONROY,Heartland Co-op,HEARTLAND COOP,State,,[],[8-0687],Approved,5,"2,523,000",2026,September,9
IA,"Iowa, IA",MARENGO,Heartland Co-op,HEARTLAND COOP,State,,[],[8-0687],Approved,28,"3,316,000",2026,September,9
IA,"Iowa, IA",VICTOR,Heartland Co-op,HEARTLAND COOP,State,,[],[8-0687],Approved,57,"3,063,000",2026,September,9
IA,"Jasper, IA",MINGO,Heartland Co-op,HEARTLAND COOP,State,,[],[8-0687],Approved,6,"601,000",2026,September,9
IA,"Jasper, IA",MONROE,Heartland Co-op,HEARTLAND COOP,State,,[],[8-0687],Approved,35,"2,204,000",2026,September,9
IA,"Jasper, IA",NEWTON,Heartland Co-op,HEARTLAND COOP,State,,[],[8-0687],Approved,37,"2,205,000",2026,September,9
IA,"Jasper, IA",PRAIRIE CITY,Heartland Co-op,HEARTLAND COOP,State,,[],[8-0687],Approved,7,"3,908,000",2026,September,9
IA,"Madison, IA",WINTERSET,Heartland Co-op,HEARTLAND COOP,State,,[],[8-0687],Approved,47,"5,185,000",2026,September,9
IA,"Marshall, IA",GILMAN,Heartland Co-op,HEARTLAND COOP,State,,[],[8-0687],Approved,13,"390,000",2026,September,9
IA,"Marshall, IA",MELBOURNE,Heartland Co-op,HEARTLAND COOP,State,,[],[8-0687],Approved,10,"2,148,000",2026,September,9
IA,"Mills, IA",Henderson,Heartland Co-op,HEARTLAND COOP,State,,[],[8-0687],Approved,38,"669,000",2026,September,9
IA,"Polk, IA",ALLEMAN,Heartland Co-op,HEARTLAND COOP,State,,[],[8-0687],Approved,36,"574,000",2026,September,9
IA,"Polk, IA",ELKHART,Heartland Co-op,HEARTLAND COOP,State,,[],[8-0687],Approved,2,"1,749,000",2026,September,9
IA,"Poweshiek, IA",BROOKLYN,Heartland Co-op,HEARTLAND COOP,State,,[],[8-0687],Approved,56,"2,718,000",2026,September,9
IA,"Poweshiek, IA",GUERNSEY,Heartland Co-op,HEARTLAND COOP,State,,[],[8-0687],Approved,58,"1,604,000",2026,September,9
IA,"Poweshiek, IA",HARTWICK,Heartland Co-op,HEARTLAND COOP,State,,[],[8-0687],Approved,27,"403,000",2026,September,9
IA,"Poweshiek, IA",MONTEZUMA,Heartland Co-op,HEARTLAND COOP,State,,[],[8-0687],Approved,4,"1,728,000",2026,September,9
IA,"Story, IA",CAMBRIDGE,Heartland Co-op,HEARTLAND COOP,State,,[],[8-0687],Approved,34,"2,146,000",2026,September,9
IA,"Story, IA",COLO,Heartland Co-op,HEARTLAND COOP,State,,[],[8-0687],Approved,9,"2,679,000",2026,September,9
IA,"Story, IA",SLATER,Heartland Co-op,HEARTLAND COOP,State,,[],[8-0687],Approved,48,"2,971,000",2026,September,9
IA,"Tama, IA",ELBERON,Heartland Co-op,HEARTLAND COOP,State,,[],[8-0687],Approved,26,"4,212,000",2026,September,9
IA,"Tama, IA",LINCOLN,Heartland Co-op,HEARTLAND COOP,State,,[],[8-0687],Approved,19,"4,028,000",2026,September,9
IA,"Tama, IA",TRAER,Heartland Co-op,HEARTLAND COOP,State,,[],[8-0687],Approved,17,"5,121,000",2026,September,9
IA,"Warren, IA",INDIANOLA,Heartland Co-op,HEARTLAND COOP,State,,[],[8-0687],Approved,40,"2,114,000",2026,September,9
CA,"Colusa, CA",WILLIAMS,"FOOTHILL WAREHOUSE CO., LLC",Foothill Warehouse,Unlicensed,,[],[8-0696],Approved,1,"2,208,000",2026,September,9
IA,,DUNKERTON,Dunkerton Cooperative Elevator,DUNKERTON COOPERATIVE ELEVATOR,State,,[],[8-0703],Approved,1,"7,483,000",2026,September,9
MI,"Lenawee, MI",BRITTON,"John Marion, Inc.","JOHN MARION, INC.",State,,[],[8-0708],Approved,2,"1,786,000",2026,September,9
MI,"Monroe, MI",DUNDEE,"John Marion, Inc.","JOHN MARION, INC.",State,,[],[8-0708],Approved,3,"967,000",2026,September,9
MI,"Washtenaw, MI",SALINE,"John Marion, Inc.","JOHN MARION, INC.",State,,[],[8-0708],Approved,1,"679,000",2026,September,9
OH,"Darke, OH",NEW WESTON,"Mercer Landmark, Inc.","Mercer Landmark, Inc.",State,,[],[8-0717],Approved,6,,2026,September,9
OH,"Defiance, OH",SHERWOOD,"Mercer Landmark, Inc.","Mercer Landmark, Inc.",State,,[],[8-0717],Approved,13,,2026,September,9
OH,"Mercer, OH",ROCKFORD,"Mercer Landmark, Inc.","Mercer Landmark, Inc.",State,,[],[8-0717],Approved,3,,2026,September,9
OH,"Mercer, OH",ROCKFORD (COLDWATER NORTH),"Mercer Landmark, Inc.","Mercer Landmark, Inc.",State,,[],[8-0717],Approved,16,,2026,September,9
OH,"Paulding, OH",Antwerp,"Mercer Landmark, Inc.","Mercer Landmark, Inc.",State,,[],[8-0717],Approved,11,,2026,September,9
OH,"Paulding, OH",GROVER HILL,"Mercer Landmark, Inc.","Mercer Landmark, Inc.",State,,[],[8-0717],Approved,15,,2026,September,9
OH,"Paulding, OH",PAULDING,"Mercer Landmark, Inc.","Mercer Landmark, Inc.",State,,[],[8-0717],Approved,12,,2026,September,9
OH,"Paulding, OH",Payne,"Mercer Landmark, Inc.","Mercer Landmark, Inc.",State,,[],[8-0717],Approved,10,,2026,September,9
OH,"Van Wert, OH",CONVOY,"Mercer Landmark, Inc.","Mercer Landmark, Inc.",State,,[],[8-0717],Approved,8,,2026,September,9
OH,"Van Wert, OH",ELGIN,"Mercer Landmark, Inc.","Mercer Landmark, Inc.",State,,[],[8-0717],Approved,7,,2026,September,9
OH,"Auglaize, OH",Uniopolis,"Sunrise Cooperative, Inc.",SUNRISE COOPERATIVE INC.,State,,[],[8-0741],Approved,7,"5,420,000",2026,September,9
OH,"Clark, OH",South Charleston,"Sunrise Cooperative, Inc.",SUNRISE COOPERATIVE INC.,State,,[],[8-0741],Approved,14,"9,907,000",2026,September,9
OH,"Crawford, OH",Galion (Crestline),"Sunrise Cooperative, Inc.",SUNRISE COOPERATIVE INC.,State,,[],[8-0741],Approved,3,"8,988,000",2026,September,9
OH,"Crawford, OH",New Washington,"Sunrise Cooperative, Inc.",SUNRISE COOPERATIVE INC.,State,,[],[8-0741],Approved,2,"2,129,000",2026,September,9
OH,"Darke, OH",Osgood,"Sunrise Cooperative, Inc.",SUNRISE COOPERATIVE INC.,State,,[],[8-0741],Approved,12,"567,000",2026,September,9
OH,"Huron, OH",Monroeville,"Sunrise Cooperative, Inc.",SUNRISE COOPERATIVE INC.,State,,[],[8-0741],Approved,4,"1,026,000",2026,September,9
OH,"Huron, OH",Wakeman (Clarksfield),"Sunrise Cooperative, Inc.",SUNRISE COOPERATIVE INC.,State,,[],[8-0741],Approved,5,"8,781,000",2026,September,9
OH,"Sandusky, OH",Clyde,"Sunrise Cooperative, Inc.",SUNRISE COOPERATIVE INC.,State,,[],[8-0741],Approved,1,"8,278,000",2026,September,9
OH,"Shelby, OH",Botkins,"Sunrise Cooperative, Inc.",SUNRISE COOPERATIVE INC.,State,,[],[8-0741],Approved,6,"4,098,000",2026,September,9
IA,"Cerro Gordo, IA",BURCHINAL,Five Star Cooperative,Five Star Cooperative Elevators,Federal,I - Issued,[3-8704],[8-0745],Approved,6,"2,296,000",2026,September,9
IA,"Cerro Gordo, IA",DOUGHERTY,Five Star Cooperative,Five Star Cooperative Elevators,Federal,I - Issued,[3-8704],[8-0745],Approved,7,"1,137,000",2026,September,9
IA,"Cerro Gordo, IA",ROCKWELL,Five Star Cooperative,Five Star Cooperative Elevators,Federal,I - Issued,[3-8704],[8-0745],Approved,8,"4,303,000",2026,September,9
IA,"Cerro Gordo, IA",SWALEDALE,Five Star Cooperative,Five Star Cooperative Elevators,Federal,I - Issued,[3-8704],[8-0745],Approved,9,"482,000",2026,September,9
IA,"Cerro Gordo, IA",VENTURA,Five Star Cooperative,Five Star Cooperative Elevators,Federal,I - Issued,[3-8704],[8-0745],Approved,15,"4,595,000",2026,September,9
IA,"Chickasaw, IA",IONIA,Five Star Cooperative,Five Star Cooperative Elevators,Federal,I - Issued,[3-8704],[8-0745],Approved,4,"558,000",2026,September,9
IA,"Chickasaw, IA",LAWLER,Five Star Cooperative,Five Star Cooperative Elevators,Federal,I - Issued,[3-8704],[8-0745],Approved,3,"739,000",2026,September,9
IA,"Chickasaw, IA",NASHUA,Five Star Cooperative,Five Star Cooperative Elevators,Federal,I - Issued,[3-8704],[8-0745],Approved,5,"1,225,000",2026,September,9
IA,"Chickasaw, IA",NEW HAMPTON,Five Star Cooperative,Five Star Cooperative Elevators,Federal,I - Issued,[3-8704],[8-0745],Approved,1,"3,636,000",2026,September,9
IA,"Chickasaw, IA",NORTH WASHINGTON,Five Star Cooperative,Five Star Cooperative Elevators,Federal,I - Issued,[3-8704],[8-0745],Approved,2,"645,000",2026,September,9
IA,"Franklin, IA",SHEFFIELD,Five Star Cooperative,Five Star Cooperative Elevators,Federal,I - Issued,[3-8704],[8-0745],Approved,10,"634,000",2026,September,9
IA,"Hancock, IA",KLEMME,Five Star Cooperative,Five Star Cooperative Elevators,Federal,I - Issued,[3-8704],[8-0745],Approved,11,"341,000",2026,September,9
IA,"Howard, IA",Lime Springs,Five Star Cooperative,Five Star Cooperative Elevators,Federal,I - Issued,[3-8704],[8-0745],Approved,17,"3,712,000",2026,September,9
IA,"Winnebago, IA",SCARVILLE,Five Star Cooperative,Five Star Cooperative Elevators,Federal,I - Issued,[3-8704],[8-0745],Approved,14,"2,506,000",2026,September,9
IA,"Worth, IA",HANLONTOWN,Five Star Cooperative,Five Star Cooperative Elevators,Federal,I - Issued,[3-8704],[8-0745],Approved,13,"3,468,000",2026,September,9
IA,"Dubuque, IA",EPWORTH (BANKSTON),"Dave's Feed Store, Inc.","Dave's Feed Store, Inc.",State,,[],[8-0748],Approved,2,"45,000",2026,September,9
IA,"Dubuque, IA",Luxemburg,"Dave's Feed Store, Inc.","Dave's Feed Store, Inc.",State,,[],[8-0748],Approved,1,"1,246,000",2026,September,9
IN,"Benton, IN",FOWLER,Archer-Daniels-Midland Company,ARCHER-DANIELS-MIDLAND COMPANY,State,,[],[8-0760],Approved,2,"825,000",2026,September,9
IN,"Benton, IN",SWANINGTON,Archer-Daniels-Midland Company,ARCHER-DANIELS-MIDLAND COMPANY,State,,[],[8-0760],Approved,1,"5,112,000",2026,September,9
IA,"Palo Alto, IA",EMMETSBURG,Ag Processing Inc a Cooperative,AGP Elevator,Federal,I - Issued,[3-9343],[8-0787],Approved,1,"3,553,000",2026,September,9
IA,"Wayne, IA",CORYDON,MFA Incorporated,MFA Agri Services Elevator,Federal,I - Issued,[3-6637],[8-0798],Approved,4,"1,144,000",2026,September,9
IA,"Wayne, IA",LINEVILLE,MFA Incorporated,MFA Agri Services Elevator,Federal,I - Issued,[3-6637],[8-0798],Approved,2,"874,000",2026,September,9
IA,"Keokuk, IA",KEOTA,Fagen Elevator Inc.,Fagen Elevator,Federal,I - Issued,[3-7753],[8-0799],Approved,1,"1,221,000",2026,September,9
AR,"Desha, AR",DUMAS,"Crop Marketing Services, LLC",Dunklin Elevator,Federal,I - Issued,[3-10038],[8-0823],Approved,1,"895,000",2026,September,9
AR,"Desha, AR",MCGEHEE,"Crop Marketing Services, LLC",Dunklin Elevator,Federal,I - Issued,[3-10038],[8-0823],Approved,2,"3,614,000",2026,September,9
KS,"Sedgwick, KS",WICHITA,"Beachner Grain, Inc.","Beachner Grain, Inc.",State,,[],[8-0829],Approved,1,"2,242,000",2026,September,9
TX,"Lipscomb, TX",FOLLETT,"FOLLETT GRAIN, L.L.C.","FOLLETT GRAIN, L.L.C.",State,,[],[8-0847],Authorized,1,"1,234,000",2026,September,9
IL,"Marion, IL",CENTRALIA,Irvington Elevator Company,IRVINGTON ELEVATOR COMPANY,State,,[],[8-0855],Approved,3,"1,967,000",2026,September,9
IL,"Marion, IL",KELL,Irvington Elevator Company,IRVINGTON ELEVATOR COMPANY,State,,[],[8-0855],Approved,2,"425,000",2026,September,9
IL,"Washington, IL",IRVINGTON,Irvington Elevator Company,IRVINGTON ELEVATOR COMPANY,State,,[],[8-0855],Approved,1,"1,967,000",2026,September,9
OH,"Pickaway, OH",CIRCLEVILLE,"Cargill, Incorporated",Cargill ER Elevators,Federal,I - Issued,[3-10088],[8-0857],Approved,20,"2,197,000",2026,September,9
IN,"Benton, IN",FOWLER,Primary Products Grain LLC,Primary Products Grain LLC,State,,[],[8-0859],Approved,14,"4,362,000",2026,September,9
IN,"Pulaski, IN",FRANCESVILLE,Primary Products Grain LLC,Primary Products Grain LLC,State,,[],[8-0859],Approved,15,"1,928,157",2026,September,9
IN,"Pulaski, IN",Francesville (North),Primary Products Grain LLC,Primary Products Grain LLC,State,,[],[8-0859],Approved,16,"2,416,394",2026,September,9
IN,"Tippecanoe, IN",Lafayette,Primary Products Grain LLC,Primary Products Grain LLC,State,,[],[8-0859],Approved,17,"541,644",2026,September,9
IN,"Tippecanoe, IN",Lafayette,Primary Products Grain LLC,Primary Products Grain LLC,State,,[],[8-0859],Approved,18,"390,562",2026,September,9
IL,"Jefferson, IL",Mt. Vernon,Mt. Vernon Elevator Co.,Mt. Vernon Elevator Co.,State,,[],[8-0863],Approved,1,"1,162,000",2026,September,9
CA,"Colusa, CA",PRINCETON,"Sacramento Valley Seed Company, LLC",SACRAMENTO VALLEY SEED COMPANY,Unlicensed,,[],[8-0877],Approved,3,"306,000",2026,September,9
CA,"Colusa, CA",WILLIAMS,"Sacramento Valley Seed Company, LLC",SACRAMENTO VALLEY SEED COMPANY,Unlicensed,,[],[8-0877],Approved,1,"565,000",2026,September,9
WI,"Burnett, WI",GRANTSBURG,Burnett Dairy Cooperative,BURNETT DAIRY COOPERATIVE,State,,[],[8-0883],Approved,1,,2026,September,9
MI,"Barry, MI",Lake Odessa,Caledonia Farmers Elevator Company,CALDONIA FARMERS ELEVATOR COMPANY,State,,[],[8-0893],Approved,4,"111,700",2026,September,9
MI,"Eaton, MI",CHARLOTTE,Caledonia Farmers Elevator Company,CALDONIA FARMERS ELEVATOR COMPANY,State,,[],[8-0893],Approved,3,"1,900,000",2026,September,9
MI,"Ionia, MI",Lake Odessa,Caledonia Farmers Elevator Company,CALDONIA FARMERS ELEVATOR COMPANY,State,,[],[8-0893],Approved,1,"380,000",2026,September,9
MI,"Kent, MI",CALEDONIA,Caledonia Farmers Elevator Company,CALDONIA FARMERS ELEVATOR COMPANY,State,,[],[8-0893],Approved,2,"185,000",2026,September,9
CO,,WILEY,"TEMPEL GRAIN ELEVATORS, L. L. P.","TEMPEL GRAIN ELEVATORS, L. L. P.",State,,[],[8-0898],Authorized,5,"712,000",2026,September,9
CO,"Baca, CO",CAMPO,"TEMPEL GRAIN ELEVATORS, L. L. P.","TEMPEL GRAIN ELEVATORS, L. L. P.",State,,[],[8-0898],Authorized,7,,2026,September,9
CO,"Baca, CO",PRITCHETT,"TEMPEL GRAIN ELEVATORS, L. L. P.","TEMPEL GRAIN ELEVATORS, L. L. P.",State,,[],[8-0898],Authorized,2,,2026,September,9
CO,"Baca, CO",SPRINGFIELD,"TEMPEL GRAIN ELEVATORS, L. L. P.","TEMPEL GRAIN ELEVATORS, L. L. P.",State,,[],[8-0898],Authorized,6,,2026,September,9
CO,"Baca, CO",TWO BUTTES,"TEMPEL GRAIN ELEVATORS, L. L. P.","TEMPEL GRAIN ELEVATORS, L. L. P.",State,,[],[8-0898],Authorized,4,,2026,September,9
CO,"Baca, CO",VILAS,"TEMPEL GRAIN ELEVATORS, L. L. P.","TEMPEL GRAIN ELEVATORS, L. L. P.",State,,[],[8-0898],Authorized,1,,2026,September,9
CO,"Baca, CO",WALSH,"TEMPEL GRAIN ELEVATORS, L. L. P.","TEMPEL GRAIN ELEVATORS, L. L. P.",State,,[],[8-0898],Authorized,13,,2026,September,9
CO,"Kiowa, CO",SHERIDAN LAKE,"TEMPEL GRAIN ELEVATORS, L. L. P.","TEMPEL GRAIN ELEVATORS, L. L. P.",State,,[],[8-0898],Authorized,9,"392,000",2026,September,9
CO,"Kiowa, CO",TOWNER,"TEMPEL GRAIN ELEVATORS, L. L. P.","TEMPEL GRAIN ELEVATORS, L. L. P.",State,,[],[8-0898],Authorized,8,"417,000",2026,September,9
CO,"Kit Carson, CO",BETHUNE,"TEMPEL GRAIN ELEVATORS, L. L. P.","TEMPEL GRAIN ELEVATORS, L. L. P.",State,,[],[8-0898],Authorized,11,"1,342,000",2026,September,9
CO,"Kit Carson, CO",VONA,"TEMPEL GRAIN ELEVATORS, L. L. P.","TEMPEL GRAIN ELEVATORS, L. L. P.",State,,[],[8-0898],Authorized,12,"622,000",2026,September,9
CO,"Prowers, CO",CARLTON,"TEMPEL GRAIN ELEVATORS, L. L. P.","TEMPEL GRAIN ELEVATORS, L. L. P.",State,,[],[8-0898],Authorized,3,"82,000",2026,September,9
CO,"Prowers, CO",LAMAR,"TEMPEL GRAIN ELEVATORS, L. L. P.","TEMPEL GRAIN ELEVATORS, L. L. P.",State,,[],[8-0898],Authorized,10,"394,000",2026,September,9
LA,"Tensas, LA",WATERPROOF,"Farmers Grain Terminal, Inc.",Farmers Grain Warehouse,Federal,I - Issued,[3-5711],[8-0901],Approved,5,"2,584,000",2026,September,9
MO,"Moniteau, MO",JAMESTOWN,"Jamestown Agri Service, Inc.","Jamestown Agri Service, Inc.",State,,[],[8-0945],Approved,1,"134,000",2026,September,9
OH,"Lucas, OH",GRAND RAPIDS,"Northern Ohio Grain Cooperative, Inc.",NORTHERN OHIO GRAIN CO-OP,State,,[],[8-0960],Approved,2,"1,591,000",2026,September,9
OH,"Wood, OH",WESTON,"Northern Ohio Grain Cooperative, Inc.",NORTHERN OHIO GRAIN CO-OP,State,,[],[8-0960],Approved,1,"3,152,000",2026,September,9
OH,"Wood, OH",WESTON (RR-Bordner Farm),"Northern Ohio Grain Cooperative, Inc.",NORTHERN OHIO GRAIN CO-OP,State,,[],[8-0960],Approved,3,"620,000",2026,September,9
IA,"Sioux, IA",SIOUX CENTER,"Sioux Feed, LLC",Sioux Feed Elevator,Federal,I - Issued,[3-10217],[8-0979],Approved,1,"144,000",2026,September,9
NE,"Rock, NE",LONG PINE,"Pride Enterprises, Inc.","PRIDE ENTERPRISES, INC.",State,,[],[8-1002],Approved,1,"2,643,921",2026,September,9
SD,"Brown, SD",FREDERICK,Frederick Farmers Elevator Cooperative,Frederick Farmers Elevator,Federal,I - Issued,[3-9468],[8-1011],Approved,1,"2,574,000",2026,September,9
CO,"Adams, CO",BENNETT,Roggen Farmers Elevator Association,ROGGEN FARMERS ELEVATOR ASSOCIATION,State,,[],[8-1023],Approved,5,"486,000",2026,September,9
CO,"Morgan, CO",BRUSH,Roggen Farmers Elevator Association,ROGGEN FARMERS ELEVATOR ASSOCIATION,State,,[],[8-1023],Approved,4,"143,000",2026,September,9
CO,"Weld, CO",BRIGGSDALE,Roggen Farmers Elevator Association,ROGGEN FARMERS ELEVATOR ASSOCIATION,State,,[],[8-1023],Approved,2,"153,000",2026,September,9
CO,"Weld, CO",NUNN,Roggen Farmers Elevator Association,ROGGEN FARMERS ELEVATOR ASSOCIATION,State,,[],[8-1023],Approved,3,"156,000",2026,September,9
CO,"Weld, CO",ROGGEN,Roggen Farmers Elevator Association,ROGGEN FARMERS ELEVATOR ASSOCIATION,State,,[],[8-1023],Approved,1,"1,830,000",2026,September,9
CO,"Washington, CO",ANTON,Anton Cooperative Association,"ANTON COOP ELEVATOR, LTD",State,,[],[8-1024],Approved,1,"812,000",2026,September,9
TX,"Jackson, TX",GANADO,"Rice Belt Warehouse, Inc.",RICE BELT WAREHOUSE,Federal,I - Issued,[3-6344],[8-1058],Approved,1,"1,816,000",2026,September,9
IA,"O'Brien, IA",SHELDON,Ag Processing Inc a Cooperative,AGP Elevator,Federal,I - Issued,[3-7893],[8-1065],Approved,1,"2,156,000",2026,September,9
IL,"La Salle, IL",MIDWAY SIDING,"Leone Grain & Supply, Inc.",LEONE GRAIN AND SUPPLY INC.,State,,[],[8-1076],Approved,1,"441,000",2026,September,9
VA,"King William, VA",WEST POINT,The Mennel Milling Company,THE MENNEL MILLING COMPANY,Unlicensed,,[],[8-1092],Approved,1,"2,156,000",2026,September,9
IA,"Pottawattamie, IA",COUNCIL BLUFFS,"BUNGE NORTH AMERICA (OPD WEST), INC.",BUNGE NORTH AMERICA SOY PLANT,Federal,I - Issued,[3-9458],[8-1099],Approved,1,"4,757,000",2026,September,9
IA,"Clayton, IA",STRAWBERRY POIN,"STRAWBERRY POINT FEED & GRAIN, INC.","STRAWBERRY POINT FEED & GRAIN, INC.",State,,[],[8-1123],Approved,1,,2026,September,9
IN,"Fountain, IN",ATTICA,Archer-Daniels-Midland Company,ARCHER-DANIELS-MIDLAND COMPANY,State,,[],[8-1127],Approved,1,,2026,September,9
TN,"Chester, TN",HENDERSON,"Chester County Grain, Inc.",Chester County Grain Elevator,Federal,S - Suspended,[3-9155],[8-1132],Removed,1,"1,249,000",2026,September,9
TN,"Hardin, TN",SAVANNAH,"Chester County Grain, Inc.",Chester County Grain Elevator,Federal,S - Suspended,[3-9155],[8-1132],Removed,2,"82,000",2026,September,9
NE,"Merrick, NE",CLARKS(THUMEL SIDING),"Bunge USA Grain, LLC",Bunge Nebraska Elevators,Federal,I - Issued,[3-9860],[8-1147],Approved,1,"5,906,000",2026,September,9
IL,"Adams, IL",Clayton,"Dearwester Grain Services, Inc.","Dearwester Grain Services, Inc.",State,,[],[8-1163],Approved,5,"630,000",2026,September,9
IL,"Adams, IL",Golden,"Dearwester Grain Services, Inc.","Dearwester Grain Services, Inc.",State,,[],[8-1163],Approved,1,"740,000",2026,September,9
IL,"Adams, IL",LaPrairie,"Dearwester Grain Services, Inc.","Dearwester Grain Services, Inc.",State,,[],[8-1163],Approved,4,"434,000",2026,September,9
IL,"Adams, IL",Liberty,"Dearwester Grain Services, Inc.","Dearwester Grain Services, Inc.",State,,[],[8-1163],Approved,6,"250,000",2026,September,9
IL,"Adams, IL",PALOMA,"Dearwester Grain Services, Inc.","Dearwester Grain Services, Inc.",State,,[],[8-1163],Approved,2,"168,000",2026,September,9
IL,"Brown, IL",MT. STERLING,"Dearwester Grain Services, Inc.","Dearwester Grain Services, Inc.",State,,[],[8-1163],Approved,3,"152,000",2026,September,9
IL,"Hancock, IL",Carthage,"Dearwester Grain Services, Inc.","Dearwester Grain Services, Inc.",State,,[],[8-1163],Approved,7,"2,585,000",2026,September,9
IL,"Hancock, IL",Carthage,"Dearwester Grain Services, Inc.","Dearwester Grain Services, Inc.",State,,[],[8-1163],Approved,8,"28,000",2026,September,9
IL,"Hancock, IL",Carthage,"Dearwester Grain Services, Inc.","Dearwester Grain Services, Inc.",State,,[],[8-1163],Approved,9,"965,000",2026,September,9
IL,"Pike, IL",Hull,"Dearwester Grain Services, Inc.","Dearwester Grain Services, Inc.",State,,[],[8-1163],Approved,10,"1,023,000",2026,September,9
IL,"Crawford, IL",Annapolis,Annapolis Grain Co.,ANNAPOLIS GRAIN CO.,State,,[],[8-1172],Approved,1,"2,027,000",2026,September,9
IL,"Crawford, IL",HUTSONVILLE,Annapolis Grain Co.,ANNAPOLIS GRAIN CO.,State,,[],[8-1172],Approved,2,"755,000",2026,September,9
IL,"Vermilion, IL",ALVIN,"Stewart Grain Co., Inc.","STEWART GRAIN CO., INC.",State,,[],[8-1186],Approved,2,0,2026,September,9
IL,"Vermilion, IL",Bismarck,"Stewart Grain Co., Inc.","STEWART GRAIN CO., INC.",State,,[],[8-1186],Approved,1,"2,566,000",2026,September,9
IL,"Vermilion, IL",ROSSVILLE,"Stewart Grain Co., Inc.","STEWART GRAIN CO., INC.",State,,[],[8-1186],Approved,3,0,2026,September,9
PA,"Lancaster, PA",Marietta,Perdue AgriBusiness LLC,Perdue Elevators,Federal,I - Issued,[3-10228],[8-1189],Approved,1,"1,310,000",2026,September,9
PA,"Lancaster, PA",Marietta (Bainbridge),Perdue AgriBusiness LLC,Perdue Elevators,Federal,I - Issued,[3-10228],[8-1189],Approved,4,"2,410,000",2026,September,9
LA,"Calcasieu, LA",LAKE CHARLES,"Hardy Rice Dryer, LLC",HARDY RICE DRYER LLC,State,,[],[8-1196],Approved,1,,2026,September,9
LA,"Acadia, LA",CROWLEY,"Hardy Rice Dryer, LLC",HARDY RICE DRYER LLC,State,,[],[8-1198],Approved,2,"1,114,000",2026,September,9
LA,"Jefferson Davis, LA",LACASSINE,"Hardy Rice Dryer, LLC",HARDY RICE DRYER LLC,State,,[],[8-1198],Approved,1,"2,084,000",2026,September,9
NE,"Adams, NE",HASTINGS,Ag Processing Inc a Cooperative,AGP Elevator,Federal,I - Issued,[3-9487],[8-1200],Approved,1,"5,327,000",2026,September,9
IA,"Monona, IA",SOLDIER,MAPLETON GRAIN COMPANY,MAPLETON GRAIN COMPANY,State,,[],[8-1204],Authorized,1,"1,780,000",2026,September,9
IA,"Monona, IA",SOLDIER,MAPLETON GRAIN COMPANY,MAPLETON GRAIN COMPANY,State,,[],[8-1204],Authorized,2,"1,317,000",2026,September,9
WA,"Whitman, WA",MOCKONEMA (Colfax),Almota Elevator Company,ALMOTA ELEVATOR COMPANY,State,,[],[8-1207],Approved,3,"457,000",2026,September,9
WA,"Whitman, WA",PORT ALMOTA (Colfax),Almota Elevator Company,ALMOTA ELEVATOR COMPANY,State,,[],[8-1207],Approved,1,"2,703,000",2026,September,9
WA,"Whitman, WA",UNION CENTER (Colfax),Almota Elevator Company,ALMOTA ELEVATOR COMPANY,State,,[],[8-1207],Approved,2,"426,000",2026,September,9
IA,"Dubuque, IA",Dyersville,Farmers Shipping Association,Farmers Shipping Association,State,,[],[8-1218],Approved,1,"1,515,000",2026,September,9
OH,"Ashland, OH",Loudonville,Loudonville Farmers Equity Company,Loudonville Farmers Equity Company,State,,[],[8-1225],Approved,1,"532,000",2026,September,9
TX,"Harris, TX",Houston,Hansen Metro Elevation LLC,Hansen Metro Elevation LLC - Houston Port,Federal,Q - Pending Cancellation,[3-10215],[8-1232],Removed,1,"6,784,000",2026,September,9
IN,"Newton, IN",KENTLAND,"Kentland Elevator & Supply, Inc.",Kentland Elevators,Federal,I - Issued,[3-8675],[8-1239],Approved,1,"5,510,000",2026,September,9
IA,"Lee, IA",Donnellson,"Mt. Hamill Elevator and Lumber, Inc.",MT Hamill Elev & Lumber Inc,State,,[],[8-1253],Approved,1,"551,000",2026,September,9
IA,"Lee, IA",Donnellson,"Mt. Hamill Elevator and Lumber, Inc.",MT Hamill Elev & Lumber Inc,State,,[],[8-1253],Approved,2,"271,000",2026,September,9
IA,"Howard, IA",CRESCO,"Sovereign Grain, Inc.","SOVEREIGN GRAIN, INC.",State,,[],[8-1265],Approved,1,"1,352,000",2026,September,9
MI,"Clinton, MI",GRAND LEDGE,Archer-Daniels-Midland Company,ARCHER-DANIELS-MIDLAND COMPANY,State,,[],[8-1277],Approved,1,,2026,September,9
WA,"Adams, WA",OTHELLO,"EPPICH GRAIN, INC.","EPPICH GRAIN, INC",State,,[],[8-1289],Authorized,1,"152,000",2026,September,9
WA,"Franklin, WA",BASIN CITY,"EPPICH GRAIN, INC.","EPPICH GRAIN, INC",State,,[],[8-1289],Authorized,3,"996,000",2026,September,9
WA,"Grant, WA",ROYAL SLOPE,"EPPICH GRAIN, INC.","EPPICH GRAIN, INC",State,,[],[8-1289],Authorized,2,"333,000",2026,September,9
WA,"Adams, WA",Odessa,"Highline Grain Growers, Inc.","HIGHLINE GRAIN GROWERS, INC.",State,,[],[8-1299],Approved,34,"221,000",2026,September,9
WA,"Adams, WA",Odessa,"Highline Grain Growers, Inc.","HIGHLINE GRAIN GROWERS, INC.",State,,[],[8-1299],Approved,36,"494,000",2026,September,9
WA,"Adams, WA",Odessa,"Highline Grain Growers, Inc.","HIGHLINE GRAIN GROWERS, INC.",State,,[],[8-1299],Approved,44,"386,000",2026,September,9
WA,"Adams, WA",Odessa,"Highline Grain Growers, Inc.","HIGHLINE GRAIN GROWERS, INC.",State,,[],[8-1299],Approved,46,"520,000",2026,September,9
WA,"Adams, WA",Ritzville,"Highline Grain Growers, Inc.","HIGHLINE GRAIN GROWERS, INC.",State,,[],[8-1299],Approved,42,"460,000",2026,September,9
WA,"Chelan, WA",Wenatchee,"Highline Grain Growers, Inc.","HIGHLINE GRAIN GROWERS, INC.",State,,[],[8-1299],Approved,19,,2026,September,9
WA,"Douglas, WA",Alstown,"Highline Grain Growers, Inc.","HIGHLINE GRAIN GROWERS, INC.",State,,[],[8-1299],Approved,5,,2026,September,9
WA,"Douglas, WA",Douglas,"Highline Grain Growers, Inc.","HIGHLINE GRAIN GROWERS, INC.",State,,[],[8-1299],Approved,11,,2026,September,9
WA,"Douglas, WA",Farmer,"Highline Grain Growers, Inc.","HIGHLINE GRAIN GROWERS, INC.",State,,[],[8-1299],Approved,13,,2026,September,9
WA,"Douglas, WA",Mansfield,"Highline Grain Growers, Inc.","HIGHLINE GRAIN GROWERS, INC.",State,,[],[8-1299],Approved,6,,2026,September,9
WA,"Douglas, WA",Supplee,"Highline Grain Growers, Inc.","HIGHLINE GRAIN GROWERS, INC.",State,,[],[8-1299],Approved,3,,2026,September,9
WA,"Douglas, WA",Waterville,"Highline Grain Growers, Inc.","HIGHLINE GRAIN GROWERS, INC.",State,,[],[8-1299],Approved,4,,2026,September,9
WA,"Douglas, WA",Withrow,"Highline Grain Growers, Inc.","HIGHLINE GRAIN GROWERS, INC.",State,,[],[8-1299],Approved,2,,2026,September,9
WA,"Grant, WA",Coulee City,"Highline Grain Growers, Inc.","HIGHLINE GRAIN GROWERS, INC.",State,,[],[8-1299],Approved,1,,2026,September,9
WA,"Grant, WA",Ephrata,"Highline Grain Growers, Inc.","HIGHLINE GRAIN GROWERS, INC.",State,,[],[8-1299],Approved,26,"1,460,000",2026,September,9
WA,"Grant, WA",GRAND COULEE,"Highline Grain Growers, Inc.","HIGHLINE GRAIN GROWERS, INC.",State,,[],[8-1299],Approved,12,,2026,September,9
WA,"Grant, WA",Hartline,"Highline Grain Growers, Inc.","HIGHLINE GRAIN GROWERS, INC.",State,,[],[8-1299],Approved,9,,2026,September,9
WA,"Grant, WA",Hartline,"Highline Grain Growers, Inc.","HIGHLINE GRAIN GROWERS, INC.",State,,[],[8-1299],Approved,10,,2026,September,9
WA,"Grant, WA",Krupp,"Highline Grain Growers, Inc.","HIGHLINE GRAIN GROWERS, INC.",State,,[],[8-1299],Approved,20,,2026,September,9
WA,"Lincoln, WA",Almira,"Highline Grain Growers, Inc.","HIGHLINE GRAIN GROWERS, INC.",State,,[],[8-1299],Approved,8,,2026,September,9
WA,"Lincoln, WA",Creston,"Highline Grain Growers, Inc.","HIGHLINE GRAIN GROWERS, INC.",State,,[],[8-1299],Approved,18,,2026,September,9
WA,"Lincoln, WA",Davenport,"Highline Grain Growers, Inc.","HIGHLINE GRAIN GROWERS, INC.",State,,[],[8-1299],Approved,21,"600,000",2026,September,9
WA,"Lincoln, WA",Davenport,"Highline Grain Growers, Inc.","HIGHLINE GRAIN GROWERS, INC.",State,,[],[8-1299],Approved,22,"3,800,000",2026,September,9
WA,"Lincoln, WA",Davenport,"Highline Grain Growers, Inc.","HIGHLINE GRAIN GROWERS, INC.",State,,[],[8-1299],Approved,23,"255,000",2026,September,9
WA,"Lincoln, WA",Davenport,"Highline Grain Growers, Inc.","HIGHLINE GRAIN GROWERS, INC.",State,,[],[8-1299],Approved,28,"367,000",2026,September,9
WA,"Lincoln, WA",Davenport,"Highline Grain Growers, Inc.","HIGHLINE GRAIN GROWERS, INC.",State,,[],[8-1299],Approved,39,"1,073,000",2026,September,9
WA,"Lincoln, WA",Davenport,"Highline Grain Growers, Inc.","HIGHLINE GRAIN GROWERS, INC.",State,,[],[8-1299],Approved,41,"153,000",2026,September,9
WA,"Lincoln, WA",Davenport,"Highline Grain Growers, Inc.","HIGHLINE GRAIN GROWERS, INC.",State,,[],[8-1299],Approved,45,"325,000",2026,September,9
WA,"Lincoln, WA",Edwall,"Highline Grain Growers, Inc.","HIGHLINE GRAIN GROWERS, INC.",State,,[],[8-1299],Approved,25,"351,000",2026,September,9
WA,"Lincoln, WA",Edwall,"Highline Grain Growers, Inc.","HIGHLINE GRAIN GROWERS, INC.",State,,[],[8-1299],Approved,48,"753,000",2026,September,9
WA,"Lincoln, WA",Govan,"Highline Grain Growers, Inc.","HIGHLINE GRAIN GROWERS, INC.",State,,[],[8-1299],Approved,17,,2026,September,9
WA,"Lincoln, WA",Harrington,"Highline Grain Growers, Inc.","HIGHLINE GRAIN GROWERS, INC.",State,,[],[8-1299],Approved,24,"831,000",2026,September,9
WA,"Lincoln, WA",Harrington,"Highline Grain Growers, Inc.","HIGHLINE GRAIN GROWERS, INC.",State,,[],[8-1299],Approved,29,"2,481,000",2026,September,9
WA,"Lincoln, WA",Harrington,"Highline Grain Growers, Inc.","HIGHLINE GRAIN GROWERS, INC.",State,,[],[8-1299],Approved,38,"1,032,000",2026,September,9
WA,"Lincoln, WA",HOMESTEAD,"Highline Grain Growers, Inc.","HIGHLINE GRAIN GROWERS, INC.",State,,[],[8-1299],Approved,49,"30,000",2026,September,9
WA,"Lincoln, WA",Lamona,"Highline Grain Growers, Inc.","HIGHLINE GRAIN GROWERS, INC.",State,,[],[8-1299],Approved,35,"638,000",2026,September,9
WA,"Lincoln, WA",Odessa,"Highline Grain Growers, Inc.","HIGHLINE GRAIN GROWERS, INC.",State,,[],[8-1299],Approved,33,"235,000",2026,September,9
WA,"Lincoln, WA",Odessa,"Highline Grain Growers, Inc.","HIGHLINE GRAIN GROWERS, INC.",State,,[],[8-1299],Approved,40,"831,000",2026,September,9
WA,"Lincoln, WA",Reardan,"Highline Grain Growers, Inc.","HIGHLINE GRAIN GROWERS, INC.",State,,[],[8-1299],Approved,43,"2,026,000",2026,September,9
WA,"Lincoln, WA",Sherman,"Highline Grain Growers, Inc.","HIGHLINE GRAIN GROWERS, INC.",State,,[],[8-1299],Approved,15,"159,000",2026,September,9
WA,"Lincoln, WA",Sprague,"Highline Grain Growers, Inc.","HIGHLINE GRAIN GROWERS, INC.",State,,[],[8-1299],Approved,47,"698,000",2026,September,9
WA,"Lincoln, WA",TALKINGTON,"Highline Grain Growers, Inc.","HIGHLINE GRAIN GROWERS, INC.",State,,[],[8-1299],Approved,37,"41,000",2026,September,9
WA,"Lincoln, WA",Wilbur,"Highline Grain Growers, Inc.","HIGHLINE GRAIN GROWERS, INC.",State,,[],[8-1299],Approved,14,,2026,September,9
WA,"Lincoln, WA",Wilbur,"Highline Grain Growers, Inc.","HIGHLINE GRAIN GROWERS, INC.",State,,[],[8-1299],Approved,16,,2026,September,9
WA,"Okanogan, WA",Brewster,"Highline Grain Growers, Inc.","HIGHLINE GRAIN GROWERS, INC.",State,,[],[8-1299],Approved,7,,2026,September,9
WA,"Spokane, WA",FOUR LAKES,"Highline Grain Growers, Inc.","HIGHLINE GRAIN GROWERS, INC.",State,,[],[8-1299],Approved,50,"4,767,000",2026,September,9
WA,"Spokane, WA",Medical Lake,"Highline Grain Growers, Inc.","HIGHLINE GRAIN GROWERS, INC.",State,,[],[8-1299],Approved,27,"400,000",2026,September,9
WA,"Spokane, WA",Reardan,"Highline Grain Growers, Inc.","HIGHLINE GRAIN GROWERS, INC.",State,,[],[8-1299],Approved,31,"671,000",2026,September,9
WA,"Stevens, WA",Hunters,"Highline Grain Growers, Inc.","HIGHLINE GRAIN GROWERS, INC.",State,,[],[8-1299],Approved,32,"56,000",2026,September,9
IL,"Warren, IL",Cameron,Cameron Grain Corp.,CAMERON GRAIN CORP.,State,,[],[8-1315],Approved,1,"3,858,000",2026,September,9
IL,"Warren, IL",GALESBURG,Cameron Grain Corp.,CAMERON GRAIN CORP.,State,,[],[8-1315],Approved,2,"1,382,000",2026,September,9
WA,"Whitman, WA",ROSALIA (PINE CITY),Inland Empire Milling Company,Inland Empire Milling Company,State,,[],[8-1321],Approved,3,"1,225,000",2026,September,9
WA,"Whitman, WA",ST. JOHN,Inland Empire Milling Company,Inland Empire Milling Company,State,,[],[8-1321],Approved,1,"199,000",2026,September,9
WA,"Whitman, WA",ST. JOHN (PLEASANT VALLEY),Inland Empire Milling Company,Inland Empire Milling Company,State,,[],[8-1321],Approved,2,"438,000",2026,September,9
MO,"Saline, MO",SLATER,"Ray-Carroll County Grain Growers, Inc.",Ray-Carroll Elevator,Federal,I - Issued,[3-5010],[8-1334],Approved,10,"6,866,000",2026,September,9
IL,"Cass, IL",BEARDSTOWN,"Cargill, Incorporated",CARGILL SRR ELEVATORS,Federal,I - Issued,[3-10089],[8-1352],Approved,2,"3,507,000",2026,September,9
IL,"Schuyler, IL",Frederick,"Cargill, Incorporated",CARGILL SRR ELEVATORS,Federal,I - Issued,[3-10089],[8-1352],Approved,22,"7,307,000",2026,September,9
IL,"Marshall, IL",LACON,"Cargill, Incorporated",Cargill NRR Elevators,Federal,I - Issued,[3-10090],[8-1354],Approved,12,"487,000",2026,September,9
IL,"Iroquois, IL",GILMAN,"Cargill, Incorporated",Cargill ER Elevators,Federal,I - Issued,[3-10088],[8-1360],Approved,7,"10,489,000",2026,September,9
KY,"Fulton, KY",HICKMAN,"Cargill, Incorporated",CARGILL SRR ELEVATORS,Federal,I - Issued,[3-10089],[8-1369],Approved,11,"2,969,000",2026,September,9
OH,"Van Wert, OH",DELPHOS,"Bunge North America, Inc.",BUNGE NORTH AMERICA SOY PLANT,Federal,I - Issued,[3-9746],[8-1375],Approved,1,"1,707,000",2026,September,9
NE,"Hall, NE",Shelton,"Cargill, Incorporated",Cargill West Elevators,Federal,I - Issued,[3-10091],[8-1380],Approved,13,"4,076,000",2026,September,9
SD,"Hanson, SD",EMERY,"Cargill, Incorporated",Cargill West Elevators,Federal,I - Issued,[3-10091],[8-1382],Approved,23,"10,002,000",2026,September,9
SD,"Hutchinson, SD",Parkston,"Cargill, Incorporated",Cargill West Elevators,Federal,I - Issued,[3-10091],[8-1382],Approved,27,"6,592,000",2026,September,9
SD,"Yankton, SD",Yankton,"Cargill, Incorporated",Cargill West Elevators,Federal,I - Issued,[3-10091],[8-1382],Approved,28,"5,666,000",2026,September,9
IA,"Muscatine, IA",MUSCATINE,"Cargill, Incorporated",Cargill NRR Elevators,Federal,I - Issued,[3-10090],[8-1385],Approved,5,"1,256,000",2026,September,9
IA,"Scott, IA",Bettendorf,"Cargill, Incorporated",Cargill NRR Elevators,Federal,I - Issued,[3-10090],[8-1385],Approved,17,"474,000",2026,September,9
IL,"Mercer, IL",KEITHSBURG,"Cargill, Incorporated",Cargill NRR Elevators,Federal,I - Issued,[3-10090],[8-1385],Approved,18,"382,000",2026,September,9
IL,"Mercer, IL",NEW BOSTON,"Cargill, Incorporated",Cargill NRR Elevators,Federal,I - Issued,[3-10090],[8-1385],Approved,6,"314,000",2026,September,9
ID,"Benewah, ID",TENSED,"Pacific Northwest Farmers Cooperative, Inc.",PNWFC ELEVATOR,Federal,I - Issued,[3-9845],[8-1387],Approved,28,"406,000",2026,September,9
ID,"Latah, ID",GENESEE,"Pacific Northwest Farmers Cooperative, Inc.",PNWFC ELEVATOR,Federal,I - Issued,[3-9845],[8-1387],Approved,1,"7,072,000",2026,September,9
ID,"Nez Perce, ID",LEWISTON,"Pacific Northwest Farmers Cooperative, Inc.",PNWFC ELEVATOR,Federal,I - Issued,[3-9845],[8-1387],Approved,17,"368,000",2026,September,9
WA,"Spokane, WA",CHENEY,"Pacific Northwest Farmers Cooperative, Inc.",PNWFC ELEVATOR,Federal,I - Issued,[3-9845],[8-1387],Approved,27,"703,000",2026,September,9
WA,"Spokane, WA",FAIRFIELD,"Pacific Northwest Farmers Cooperative, Inc.",PNWFC ELEVATOR,Federal,I - Issued,[3-9845],[8-1387],Approved,29,"2,097,000",2026,September,9
WA,"Spokane, WA",LATAH,"Pacific Northwest Farmers Cooperative, Inc.",PNWFC ELEVATOR,Federal,I - Issued,[3-9845],[8-1387],Approved,33,"467,000",2026,September,9
WA,"Spokane, WA",PLAZA,"Pacific Northwest Farmers Cooperative, Inc.",PNWFC ELEVATOR,Federal,I - Issued,[3-9845],[8-1387],Approved,22,"743,000",2026,September,9
WA,"Spokane, WA",SPANGLE,"Pacific Northwest Farmers Cooperative, Inc.",PNWFC ELEVATOR,Federal,I - Issued,[3-9845],[8-1387],Approved,23,"899,000",2026,September,9
WA,"Spokane, WA",SPOKANE,"Pacific Northwest Farmers Cooperative, Inc.",PNWFC ELEVATOR,Federal,I - Issued,[3-9845],[8-1387],Approved,26,"775,000",2026,September,9
WA,"Spokane, WA",SPRING VALLEY,"Pacific Northwest Farmers Cooperative, Inc.",PNWFC ELEVATOR,Federal,I - Issued,[3-9845],[8-1387],Approved,24,"515,000",2026,September,9
WA,"Spokane, WA",WAVERLY,"Pacific Northwest Farmers Cooperative, Inc.",PNWFC ELEVATOR,Federal,I - Issued,[3-9845],[8-1387],Approved,30,"521,000",2026,September,9
WA,"Whitman, WA",ALBION,"Pacific Northwest Farmers Cooperative, Inc.",PNWFC ELEVATOR,Federal,I - Issued,[3-9845],[8-1387],Approved,9,"420,000",2026,September,9
WA,"Whitman, WA",ALMOTA,"Pacific Northwest Farmers Cooperative, Inc.",PNWFC ELEVATOR,Federal,I - Issued,[3-9845],[8-1387],Approved,7,"696,000",2026,September,9
WA,"Whitman, WA",CASHUP,"Pacific Northwest Farmers Cooperative, Inc.",PNWFC ELEVATOR,Federal,I - Issued,[3-9845],[8-1387],Approved,16,"225,000",2026,September,9
WA,"Whitman, WA",CHAMBERS,"Pacific Northwest Farmers Cooperative, Inc.",PNWFC ELEVATOR,Federal,I - Issued,[3-9845],[8-1387],Approved,4,"690,000",2026,September,9
WA,"Whitman, WA",COLFAX,"Pacific Northwest Farmers Cooperative, Inc.",PNWFC ELEVATOR,Federal,I - Issued,[3-9845],[8-1387],Approved,10,"222,000",2026,September,9
WA,"Whitman, WA",COLTON,"Pacific Northwest Farmers Cooperative, Inc.",PNWFC ELEVATOR,Federal,I - Issued,[3-9845],[8-1387],Approved,2,"404,000",2026,September,9
WA,"Whitman, WA",EWARTSVILLE,"Pacific Northwest Farmers Cooperative, Inc.",PNWFC ELEVATOR,Federal,I - Issued,[3-9845],[8-1387],Approved,6,"492,000",2026,September,9
WA,"Whitman, WA",FAIRBANKS,"Pacific Northwest Farmers Cooperative, Inc.",PNWFC ELEVATOR,Federal,I - Issued,[3-9845],[8-1387],Approved,35,"260,000",2026,September,9
WA,"Whitman, WA",FALLON,"Pacific Northwest Farmers Cooperative, Inc.",PNWFC ELEVATOR,Federal,I - Issued,[3-9845],[8-1387],Approved,8,"1,418,000",2026,September,9
WA,"Whitman, WA",FARMINGTON,"Pacific Northwest Farmers Cooperative, Inc.",PNWFC ELEVATOR,Federal,I - Issued,[3-9845],[8-1387],Approved,34,"146,000",2026,September,9
WA,"Whitman, WA",GARFIELD,"Pacific Northwest Farmers Cooperative, Inc.",PNWFC ELEVATOR,Federal,I - Issued,[3-9845],[8-1387],Approved,31,"423,000",2026,September,9
WA,"Whitman, WA",GLENWOOD,"Pacific Northwest Farmers Cooperative, Inc.",PNWFC ELEVATOR,Federal,I - Issued,[3-9845],[8-1387],Approved,11,"468,000",2026,September,9
WA,"Whitman, WA",JOHNSON,"Pacific Northwest Farmers Cooperative, Inc.",PNWFC ELEVATOR,Federal,I - Issued,[3-9845],[8-1387],Approved,3,"227,000",2026,September,9
WA,"Whitman, WA",LACROSSE (DUSTY),"Pacific Northwest Farmers Cooperative, Inc.",PNWFC ELEVATOR,Federal,I - Issued,[3-9845],[8-1387],Approved,37,"3,252,000",2026,September,9
WA,"Whitman, WA",MANNING,"Pacific Northwest Farmers Cooperative, Inc.",PNWFC ELEVATOR,Federal,I - Issued,[3-9845],[8-1387],Approved,13,"143,000",2026,September,9
WA,"Whitman, WA",MCCOY,"Pacific Northwest Farmers Cooperative, Inc.",PNWFC ELEVATOR,Federal,I - Issued,[3-9845],[8-1387],Approved,36,"271,000",2026,September,9
WA,"Whitman, WA",MCCOY TERMINAL,"Pacific Northwest Farmers Cooperative, Inc.",PNWFC ELEVATOR,Federal,I - Issued,[3-9845],[8-1387],Approved,20,"6,588,000",2026,September,9
WA,"Whitman, WA",MOCKONEMA,"Pacific Northwest Farmers Cooperative, Inc.",PNWFC ELEVATOR,Federal,I - Issued,[3-9845],[8-1387],Approved,12,"227,000",2026,September,9
WA,"Whitman, WA",OAKESDALE,"Pacific Northwest Farmers Cooperative, Inc.",PNWFC ELEVATOR,Federal,I - Issued,[3-9845],[8-1387],Approved,32,"1,440,000",2026,September,9
WA,"Whitman, WA",PINE CITY,"Pacific Northwest Farmers Cooperative, Inc.",PNWFC ELEVATOR,Federal,I - Issued,[3-9845],[8-1387],Approved,21,"196,000",2026,September,9
WA,"Whitman, WA",POMEROY,"Pacific Northwest Farmers Cooperative, Inc.",PNWFC ELEVATOR,Federal,I - Issued,[3-9845],[8-1387],Approved,38,"1,061,000",2026,September,9
WA,"Whitman, WA",PULLMAN,"Pacific Northwest Farmers Cooperative, Inc.",PNWFC ELEVATOR,Federal,I - Issued,[3-9845],[8-1387],Approved,5,"388,000",2026,September,9
WA,"Whitman, WA",ROSALIA,"Pacific Northwest Farmers Cooperative, Inc.",PNWFC ELEVATOR,Federal,I - Issued,[3-9845],[8-1387],Approved,18,"954,000",2026,September,9
WA,"Whitman, WA",SELTICE,"Pacific Northwest Farmers Cooperative, Inc.",PNWFC ELEVATOR,Federal,I - Issued,[3-9845],[8-1387],Approved,19,"120,000",2026,September,9
WA,"Whitman, WA",STEPTOE,"Pacific Northwest Farmers Cooperative, Inc.",PNWFC ELEVATOR,Federal,I - Issued,[3-9845],[8-1387],Approved,14,"878,000",2026,September,9
WA,"Whitman, WA",THORNTON,"Pacific Northwest Farmers Cooperative, Inc.",PNWFC ELEVATOR,Federal,I - Issued,[3-9845],[8-1387],Approved,15,"561,000",2026,September,9
TN,"Lauderdale, TN",HALES POINT,"Cargill, Incorporated",CARGILL SRR ELEVATORS,Federal,I - Issued,[3-10089],[8-1388],Approved,13,"943,000",2026,September,9
IL,"Coles, IL",OAKLAND,Archer-Daniels-Midland Company,ARCHER DANIEL MIDLAND COMPANY,State,,[],[8-1401],Approved,1,"2,872,000",2026,September,9
IL,"Hancock, IL",BURNSIDE,Consolidated Grain and Barge Co.,CGB Elevators,Federal,I - Issued,[3-10006],[8-1424],Approved,15,"429,000",2026,September,9
IL,"Hancock, IL",Colusa,Consolidated Grain and Barge Co.,CGB Elevators,Federal,I - Issued,[3-10006],[8-1424],Approved,14,"1,931,000",2026,September,9
IL,"Hancock, IL",Dallas City,Consolidated Grain and Barge Co.,CGB Elevators,Federal,I - Issued,[3-10006],[8-1424],Approved,13,"256,000",2026,September,9
IL,"Hancock, IL",FERRIS,Consolidated Grain and Barge Co.,CGB Elevators,Federal,I - Issued,[3-10006],[8-1424],Approved,16,"387,000",2026,September,9
IL,"Hancock, IL",NAUVOO,Consolidated Grain and Barge Co.,CGB Elevators,Federal,I - Issued,[3-10006],[8-1424],Approved,12,"4,210,000",2026,September,9
OH,"Shelby, OH",SIDNEY,"Cargill, Incorporated",CARGILL SIDNEY ELEVATOR,Federal,I - Issued,[3-6961],[8-1425],Approved,1,"4,742,000",2026,September,9
OH,"Montgomery, OH",DAYTON,"Cargill, Incorporated",CARGILL DAYTON ELEVATOR,Federal,I - Issued,[3-6083],[8-1427],Approved,1,"2,488,000",2026,September,9
WI,"Chippewa, WI",CADOTT,"Cadott Grain Service, LLC","CADOTT GRAIN SERVICE, LLC",State,,[],[8-1428],Approved,1,,2026,September,9
OH,"Seneca, OH",TIFFIN,"Tiffin Farmers Cooperative, Inc.",TIFFIN FARMERS ELEVATOR,State,,[],[8-1429],Approved,1,"875,000",2026,September,9
IL,"Lee, IL",West Brooklyn,West Brooklyn Farmers Cooperative Company,WEST BROOKLYN FARMERS COOPERATIVE COMPANY,State,,[],[8-1434],Approved,1,"1,217,000",2026,September,9
IL,"Pike, IL",FLORENCE,"Cargill, Incorporated",CARGILL SRR ELEVATORS,Federal,I - Issued,[3-10089],[8-1448],Approved,5,"1,773,000",2026,September,9
IN,"Dubois, IN",Huntingburg,"Superior Ag Resources Cooperative, Inc.","Superior Ag Resources Cooperative, Inc.",State,,[],[8-1455],Approved,1,"722,000",2026,September,9
IN,"Dubois, IN",IRELAND,"Superior Ag Resources Cooperative, Inc.","Superior Ag Resources Cooperative, Inc.",State,,[],[8-1455],Approved,2,"389,000",2026,September,9
IN,"Fayette, IN",FALMOUTH,"Falmouth Farm Supply, Inc.","FALMOUTH FARM SUPPLY, INC.",State,,[],[8-1461],Approved,2,,2026,September,9
IN,"Rush, IN",GLENWOOD,"Falmouth Farm Supply, Inc.","FALMOUTH FARM SUPPLY, INC.",State,,[],[8-1461],Approved,1,,2026,September,9
IN,"Gibson, IN",PRINCETON (LYLES STATION),Consolidated Grain and Barge Co.,CGB Elevators,Federal,I - Issued,[3-10191],[8-1463],Approved,13,"1,531,000",2026,September,9
IN,"Posey, IN",CYNTHIANA,Consolidated Grain and Barge Co.,CGB Elevators,Federal,I - Issued,[3-10191],[8-1463],Approved,12,"957,000",2026,September,9
WA,"Whitman, WA",PALOUSE,"Palouse Grain Growers, Inc.","Palouse Grain Growers, Inc.",State,,[],[8-1481],Approved,1,"960,000",2026,September,9
WI,"Monroe, WI",SPARTA,Sparta Cooperative Services,SPARTA COOPERATIVE SERVICES,State,,[],[8-1496],Approved,1,,2026,September,9
WA,"Garfield, WA",POMEROY,"Pomeroy Grain Growers, Inc.","POMEROY GRAIN GROWERS, INC.",State,,[],[8-1505],Approved,3,"1,281,000",2026,September,9
WA,"Garfield, WA",ZUMWALT,"Pomeroy Grain Growers, Inc.","POMEROY GRAIN GROWERS, INC.",State,,[],[8-1505],Approved,2,"180,000",2026,September,9
WA,"Whitman, WA",CENTRAL FERRY,"Pomeroy Grain Growers, Inc.","POMEROY GRAIN GROWERS, INC.",State,,[],[8-1505],Approved,1,"4,597,000",2026,September,9
WA,"Whitman, WA",CENTRAL FERRY,"Pomeroy Grain Growers, Inc.","POMEROY GRAIN GROWERS, INC.",State,,[],[8-1505],Approved,4,"4,919,000",2026,September,9
IL,"Effingham, IL",MONTROSE,Siemer Milling Company,Siemer Milling Company,State,,[],[8-1519],Approved,2,"738,000",2026,September,9
IL,"Effingham, IL",TEUTOPOLIS,Siemer Milling Company,Siemer Milling Company,State,,[],[8-1519],Approved,1,"2,720,000",2026,September,9
IL,"Christian, IL",ASSUMPTION,Assumption Cooperative Grain Company,ASSUMPTION COOPERATIVE GRAIN COMPANY,State,,[],[8-1530],Approved,1,"3,173,000",2026,September,9
IL,"Christian, IL",DUNKEL,Assumption Cooperative Grain Company,ASSUMPTION COOPERATIVE GRAIN COMPANY,State,,[],[8-1530],Approved,2,0,2026,September,9
IL,"Christian, IL",OWANECO,Assumption Cooperative Grain Company,ASSUMPTION COOPERATIVE GRAIN COMPANY,State,,[],[8-1530],Approved,4,"401,000",2026,September,9
IL,"Christian, IL",PALMER,Assumption Cooperative Grain Company,ASSUMPTION COOPERATIVE GRAIN COMPANY,State,,[],[8-1530],Approved,5,"1,622,000",2026,September,9
IL,"Christian, IL",PANA,Assumption Cooperative Grain Company,ASSUMPTION COOPERATIVE GRAIN COMPANY,State,,[],[8-1530],Approved,6,"4,973,000",2026,September,9
IL,"Christian, IL",Pana,Assumption Cooperative Grain Company,ASSUMPTION COOPERATIVE GRAIN COMPANY,State,,[],[8-1530],Approved,7,"462,000",2026,September,9
IL,"Shelby, IL",WESTERVELT,Assumption Cooperative Grain Company,ASSUMPTION COOPERATIVE GRAIN COMPANY,State,,[],[8-1530],Approved,3,"1,786,000",2026,September,9
IL,"Henry, IL",Atkinson,"Atkinson Grain & Fertilizer, Inc.","Atkinson Grain & Fertilizer, Inc.",State,,[],[8-1531],Approved,1,"2,773,000",2026,September,9
IL,"Henry, IL",Atkinson,"Atkinson Grain & Fertilizer, Inc.","Atkinson Grain & Fertilizer, Inc.",State,,[],[8-1531],Approved,2,"756,000",2026,September,9
IL,"Hancock, IL",Augusta,Augusta Farmer's Co-operative Company,Augusta Farmer's Co-operative Company,State,,[],[8-1533],Approved,1,"916,000",2026,September,9
OH,"Miami, OH",COVINGTON,"Rudy, Inc.","RUDY, INC.",State,,[],[8-1534],Approved,1,,2026,September,9
OH,"Miami, OH",WEST MILTON,"Rudy, Inc.","RUDY, INC.",State,,[],[8-1534],Approved,2,,2026,September,9
IL,"Iroquois, IL",Ashkum,Tri Central Coop,TRI CENTRAL COOP,State,,[],[8-1537],Approved,1,"4,933,000",2026,September,9
IL,"Pike, IL",Hull,Consolidated Grain and Barge Co.,CGB Elevators,Federal,I - Issued,[3-10193],[8-1538],Approved,5,"2,935,000",2026,September,9
MO,"Lewis, MO",La Grange,Consolidated Grain and Barge Co.,CGB Elevators,Federal,I - Issued,[3-10193],[8-1538],Approved,6,"960,000",2026,September,9
MO,"Pike, MO",Louisiana,Consolidated Grain and Barge Co.,CGB Elevators,Federal,I - Issued,[3-10193],[8-1538],Approved,7,"2,059,000",2026,September,9
WA,"Adams, WA",BAUER  (RITZVILLE),Ritzville Warehouse Co.,"RITZVILLE WAREHOUSE CO., INC.",State,,[],[8-1539],Approved,38,"269,000",2026,September,9
WA,"Adams, WA",Benge,Ritzville Warehouse Co.,"RITZVILLE WAREHOUSE CO., INC.",State,,[],[8-1539],Approved,2,"421,000",2026,September,9
WA,"Adams, WA",GERING  (LIND),Ritzville Warehouse Co.,"RITZVILLE WAREHOUSE CO., INC.",State,,[],[8-1539],Approved,40,"111,000",2026,September,9
WA,"Adams, WA",LIND,Ritzville Warehouse Co.,"RITZVILLE WAREHOUSE CO., INC.",State,,[],[8-1539],Approved,35,"909,000",2026,September,9
WA,"Adams, WA",LIND,Ritzville Warehouse Co.,"RITZVILLE WAREHOUSE CO., INC.",State,,[],[8-1539],Approved,36,"1,669,000",2026,September,9
WA,"Adams, WA",LIND,Ritzville Warehouse Co.,"RITZVILLE WAREHOUSE CO., INC.",State,,[],[8-1539],Approved,37,"1,692,000",2026,September,9
WA,"Adams, WA",Odessa (Moody),Ritzville Warehouse Co.,"RITZVILLE WAREHOUSE CO., INC.",State,,[],[8-1539],Approved,19,"664,000",2026,September,9
WA,"Adams, WA",PAHA  (RITZVILLE),Ritzville Warehouse Co.,"RITZVILLE WAREHOUSE CO., INC.",State,,[],[8-1539],Approved,41,"137,000",2026,September,9
WA,"Adams, WA",PENCE  (LIND),Ritzville Warehouse Co.,"RITZVILLE WAREHOUSE CO., INC.",State,,[],[8-1539],Approved,42,"419,000",2026,September,9
WA,"Adams, WA",PHILLIPS  (LIND),Ritzville Warehouse Co.,"RITZVILLE WAREHOUSE CO., INC.",State,,[],[8-1539],Approved,39,"1,245,000",2026,September,9
WA,"Adams, WA",PIZARRO  (LIND),Ritzville Warehouse Co.,"RITZVILLE WAREHOUSE CO., INC.",State,,[],[8-1539],Approved,43,"391,000",2026,September,9
WA,"Adams, WA",Ritzville,Ritzville Warehouse Co.,"RITZVILLE WAREHOUSE CO., INC.",State,,[],[8-1539],Approved,1,"3,075,000",2026,September,9
WA,"Adams, WA",Ritzville (Batum),Ritzville Warehouse Co.,"RITZVILLE WAREHOUSE CO., INC.",State,,[],[8-1539],Approved,20,"584,000",2026,September,9
WA,"Adams, WA",Ritzville (Keystone),Ritzville Warehouse Co.,"RITZVILLE WAREHOUSE CO., INC.",State,,[],[8-1539],Approved,7,"147,000",2026,September,9
WA,"Adams, WA",Ritzville (Maier),Ritzville Warehouse Co.,"RITZVILLE WAREHOUSE CO., INC.",State,,[],[8-1539],Approved,6,"258,000",2026,September,9
WA,"Adams, WA",Ritzville (Marcellus),Ritzville Warehouse Co.,"RITZVILLE WAREHOUSE CO., INC.",State,,[],[8-1539],Approved,3,"688,000",2026,September,9
WA,"Adams, WA",Ritzville (Ralston),Ritzville Warehouse Co.,"RITZVILLE WAREHOUSE CO., INC.",State,,[],[8-1539],Approved,4,"521,000",2026,September,9
WA,"Adams, WA",Ritzville (Templin),Ritzville Warehouse Co.,"RITZVILLE WAREHOUSE CO., INC.",State,,[],[8-1539],Approved,21,"11,400,000",2026,September,9
WA,"Adams, WA",Ritzville (Tokio),Ritzville Warehouse Co.,"RITZVILLE WAREHOUSE CO., INC.",State,,[],[8-1539],Approved,5,"411,000",2026,September,9
WA,"Adams, WA",SCHRAG  (RITZVILLE),Ritzville Warehouse Co.,"RITZVILLE WAREHOUSE CO., INC.",State,,[],[8-1539],Approved,44,"1,693,000",2026,September,9
WA,"Adams, WA",Washtucna,Ritzville Warehouse Co.,"RITZVILLE WAREHOUSE CO., INC.",State,,[],[8-1539],Approved,14,"819,000",2026,September,9
WA,"Adams, WA",Washtucna (Fletcher),Ritzville Warehouse Co.,"RITZVILLE WAREHOUSE CO., INC.",State,,[],[8-1539],Approved,16,"444,000",2026,September,9
WA,"Adams, WA",Washtucna (Sand Hills),Ritzville Warehouse Co.,"RITZVILLE WAREHOUSE CO., INC.",State,,[],[8-1539],Approved,17,"268,000",2026,September,9
WA,"Franklin, WA",Kahlotus,Ritzville Warehouse Co.,"RITZVILLE WAREHOUSE CO., INC.",State,,[],[8-1539],Approved,24,"401,000",2026,September,9
WA,"Franklin, WA",Pasco (Windust),Ritzville Warehouse Co.,"RITZVILLE WAREHOUSE CO., INC.",State,,[],[8-1539],Approved,33,"855,000",2026,September,9
WA,"Grant, WA",Maizena (Moses Lake),Ritzville Warehouse Co.,"RITZVILLE WAREHOUSE CO., INC.",State,,[],[8-1539],Approved,45,"436,000",2026,September,9
WA,"Grant, WA",Marlin (Ruff),Ritzville Warehouse Co.,"RITZVILLE WAREHOUSE CO., INC.",State,,[],[8-1539],Approved,9,"1,472,000",2026,September,9
WA,"Grant, WA",Moses Lake (Stratford),Ritzville Warehouse Co.,"RITZVILLE WAREHOUSE CO., INC.",State,,[],[8-1539],Approved,28,"954,000",2026,September,9
WA,"Grant, WA",Warden,Ritzville Warehouse Co.,"RITZVILLE WAREHOUSE CO., INC.",State,,[],[8-1539],Approved,23,"248,000",2026,September,9
WA,"Grant, WA",Wilson Creek,Ritzville Warehouse Co.,"RITZVILLE WAREHOUSE CO., INC.",State,,[],[8-1539],Approved,27,"931,000",2026,September,9
WA,"Grant, WA",Wilson Creek (Wye),Ritzville Warehouse Co.,"RITZVILLE WAREHOUSE CO., INC.",State,,[],[8-1539],Approved,29,"567,000",2026,September,9
WA,"Lincoln, WA",Edwall,Ritzville Warehouse Co.,"RITZVILLE WAREHOUSE CO., INC.",State,,[],[8-1539],Approved,13,"922,000",2026,September,9
WA,"Lincoln, WA",Harrington (Tower),Ritzville Warehouse Co.,"RITZVILLE WAREHOUSE CO., INC.",State,,[],[8-1539],Approved,22,"397,000",2026,September,9
WA,"Lincoln, WA",Odessa (Schmierer),Ritzville Warehouse Co.,"RITZVILLE WAREHOUSE CO., INC.",State,,[],[8-1539],Approved,12,"395,000",2026,September,9
WA,"Lincoln, WA",Ritzville (Odessa),Ritzville Warehouse Co.,"RITZVILLE WAREHOUSE CO., INC.",State,,[],[8-1539],Approved,15,"241,000",2026,September,9
WA,"Lincoln, WA",Sprague,Ritzville Warehouse Co.,"RITZVILLE WAREHOUSE CO., INC.",State,,[],[8-1539],Approved,10,"220,000",2026,September,9
WA,"Lincoln, WA",Sprague (Crab Creek),Ritzville Warehouse Co.,"RITZVILLE WAREHOUSE CO., INC.",State,,[],[8-1539],Approved,8,"102,000",2026,September,9
WA,"Lincoln, WA",Sprague (Eden),Ritzville Warehouse Co.,"RITZVILLE WAREHOUSE CO., INC.",State,,[],[8-1539],Approved,11,"606,000",2026,September,9
WA,"Whitman, WA",Hay,Ritzville Warehouse Co.,"RITZVILLE WAREHOUSE CO., INC.",State,,[],[8-1539],Approved,25,"384,000",2026,September,9
WA,"Whitman, WA",Lacrosse,Ritzville Warehouse Co.,"RITZVILLE WAREHOUSE CO., INC.",State,,[],[8-1539],Approved,18,"971,000",2026,September,9
WA,"Whitman, WA",LaCrosse (Dusty),Ritzville Warehouse Co.,"RITZVILLE WAREHOUSE CO., INC.",State,,[],[8-1539],Approved,32,"703,000",2026,September,9
WA,"Whitman, WA",LaCrosse (Gordon),Ritzville Warehouse Co.,"RITZVILLE WAREHOUSE CO., INC.",State,,[],[8-1539],Approved,26,"299,000",2026,September,9
WA,"Whitman, WA",LaCrosse (Pampa),Ritzville Warehouse Co.,"RITZVILLE WAREHOUSE CO., INC.",State,,[],[8-1539],Approved,34,"168,000",2026,September,9
WA,"Whitman, WA",Lamont,Ritzville Warehouse Co.,"RITZVILLE WAREHOUSE CO., INC.",State,,[],[8-1539],Approved,30,"1,269,000",2026,September,9
WA,"Whitman, WA",Lamont (Revere),Ritzville Warehouse Co.,"RITZVILLE WAREHOUSE CO., INC.",State,,[],[8-1539],Approved,31,"401,000",2026,September,9
WA,"Klickitat, WA",Roosevelt,"Horse Heaven Grain, LLC","Horse Heaven Grain, LLC",State,,[],[8-1545],Approved,1,"1,382,000",2026,September,9
IA,"Scott, IA",DAVENPORT,CHS Inc.,CHS Elevators,Federal,I - Issued,[3-10120],[8-1550],Approved,9,"3,711,000",2026,September,9
IL,"Greene, IL",CARROLLTON,CHS Inc.,CHS Elevators,Federal,I - Issued,[3-10120],[8-1550],Approved,12,"3,352,000",2026,September,9
IL,"Greene, IL",WHITE HALL,CHS Inc.,CHS Elevators,Federal,I - Issued,[3-10120],[8-1550],Approved,13,"986,000",2026,September,9
IL,"Grundy, IL",MORRIS,CHS Inc.,CHS Elevators,Federal,I - Issued,[3-10120],[8-1550],Approved,4,"683,000",2026,September,9
IL,"Grundy, IL",MORRIS,CHS Inc.,CHS Elevators,Federal,I - Issued,[3-10120],[8-1550],Approved,15,"125,000",2026,September,9
IL,"Kane, IL",MAPLE PARK,CHS Inc.,CHS Elevators,Federal,I - Issued,[3-10120],[8-1550],Approved,5,"7,562,000",2026,September,9
IL,"Kendall, IL",NEWARK,CHS Inc.,CHS Elevators,Federal,I - Issued,[3-10120],[8-1550],Approved,2,"3,039,000",2026,September,9
IL,"Kendall, IL",NEWARK,CHS Inc.,CHS Elevators,Federal,I - Issued,[3-10120],[8-1550],Approved,10,"998,000",2026,September,9
IL,"La Salle, IL",PERU,CHS Inc.,CHS Elevators,Federal,I - Issued,[3-10120],[8-1550],Approved,21,"258,000",2026,September,9
IL,"La Salle, IL",SENECA,CHS Inc.,CHS Elevators,Federal,I - Issued,[3-10120],[8-1550],Approved,16,"1,381,000",2026,September,9
IL,"Lee, IL",STEWARD,CHS Inc.,CHS Elevators,Federal,I - Issued,[3-10120],[8-1550],Approved,3,"4,787,000",2026,September,9
IL,"Macoupin, IL",SHIPMAN,CHS Inc.,CHS Elevators,Federal,I - Issued,[3-10120],[8-1550],Approved,14,"1,548,000",2026,September,9
IL,"Sangamon, IL",LOWDER,CHS Inc.,CHS Elevators,Federal,I - Issued,[3-10120],[8-1550],Approved,11,"5,556,000",2026,September,9
IL,"St. Clair, IL",East St. Louis,CHS Inc.,CHS Elevators,Federal,I - Issued,[3-10120],[8-1550],Approved,17,"174,000",2026,September,9
IA,"Lee, IA",ST PAUL,"Quality Plus Feeds, Inc.","QUALITY PLUS FEEDS, INC.",State,,[],[8-1552],Approved,1,"758,000",2026,September,9
IL,"Champaign, IL",Seymour,"Topflight Grain Cooperative, Inc.","Topflight Grain Coop, Inc.",State,,[],[8-1553],Approved,10,"1,727,000",2026,September,9
IL,"Douglas, IL",ATWOOD,"Topflight Grain Cooperative, Inc.","Topflight Grain Coop, Inc.",State,,[],[8-1553],Approved,12,"1,184,000",2026,September,9
IL,"Logan, IL",Atlanta,"Topflight Grain Cooperative, Inc.","Topflight Grain Coop, Inc.",State,,[],[8-1553],Approved,15,"1,835,000",2026,September,9
IL,"Logan, IL",BEASON,"Topflight Grain Cooperative, Inc.","Topflight Grain Coop, Inc.",State,,[],[8-1553],Approved,16,"1,489,000",2026,September,9
IL,"Logan, IL",Kruger Station,"Topflight Grain Cooperative, Inc.","Topflight Grain Coop, Inc.",State,,[],[8-1553],Approved,18,"658,000",2026,September,9
IL,"Logan, IL",LAWNDALE,"Topflight Grain Cooperative, Inc.","Topflight Grain Coop, Inc.",State,,[],[8-1553],Approved,19,"1,071,000",2026,September,9
IL,"Logan, IL",Lincoln,"Topflight Grain Cooperative, Inc.","Topflight Grain Coop, Inc.",State,,[],[8-1553],Approved,17,"2,550,000",2026,September,9
IL,"Macon, IL",DECATUR,"Topflight Grain Cooperative, Inc.","Topflight Grain Coop, Inc.",State,,[],[8-1553],Approved,2,"343,000",2026,September,9
IL,"Macon, IL",EMERY,"Topflight Grain Cooperative, Inc.","Topflight Grain Coop, Inc.",State,,[],[8-1553],Approved,8,"6,968,000",2026,September,9
IL,"Macon, IL",MAROA,"Topflight Grain Cooperative, Inc.","Topflight Grain Coop, Inc.",State,,[],[8-1553],Approved,7,"2,107,000",2026,September,9
IL,"Piatt, IL",BEMENT,"Topflight Grain Cooperative, Inc.","Topflight Grain Coop, Inc.",State,,[],[8-1553],Approved,1,"3,198,000",2026,September,9
IL,"Piatt, IL",BURROWSVILLE,"Topflight Grain Cooperative, Inc.","Topflight Grain Coop, Inc.",State,,[],[8-1553],Approved,11,"191,000",2026,September,9
IL,"Piatt, IL",CISCO,"Topflight Grain Cooperative, Inc.","Topflight Grain Coop, Inc.",State,,[],[8-1553],Approved,6,"3,583,000",2026,September,9
IL,"Piatt, IL",LAPLACE,"Topflight Grain Cooperative, Inc.","Topflight Grain Coop, Inc.",State,,[],[8-1553],Approved,5,"2,426,000",2026,September,9
IL,"Piatt, IL",LODGE,"Topflight Grain Cooperative, Inc.","Topflight Grain Coop, Inc.",State,,[],[8-1553],Approved,13,"662,000",2026,September,9
IL,"Piatt, IL",MILMINE,"Topflight Grain Cooperative, Inc.","Topflight Grain Coop, Inc.",State,,[],[8-1553],Approved,4,"10,279,000",2026,September,9
IL,"Piatt, IL",MONTICELLO,"Topflight Grain Cooperative, Inc.","Topflight Grain Coop, Inc.",State,,[],[8-1553],Approved,14,"3,160,000",2026,September,9
IL,"Piatt, IL",PIERSON STATION,"Topflight Grain Cooperative, Inc.","Topflight Grain Coop, Inc.",State,,[],[8-1553],Approved,9,"3,815,000",2026,September,9
IL,"Piatt, IL",VOORHEES,"Topflight Grain Cooperative, Inc.","Topflight Grain Coop, Inc.",State,,[],[8-1553],Approved,3,"326,000",2026,September,9
IA,"Woodbury, IA",SIOUX CITY,Hansen-Mueller Co.,HANSEN-MUELLER CO. ELEVATOR,Federal,S - Suspended,[3-9528],[8-1554],Removed,10,"4,632,000",2026,September,9
IL,"Morgan, IL",Murrayville,"PRAIRIELAND FS, INC.","PRAIRIELAND FS, INC.",State,,[],[8-1558],Approved,2,"500,000",2026,September,9
IL,"Morgan, IL",Woodson,"PRAIRIELAND FS, INC.","PRAIRIELAND FS, INC.",State,,[],[8-1558],Approved,3,"313,000",2026,September,9
IL,"Schuyler, IL",Franklin,"PRAIRIELAND FS, INC.","PRAIRIELAND FS, INC.",State,,[],[8-1558],Approved,1,"734,000",2026,September,9
TX,"Hill, TX",ITASCA,Itasca Co-operative Grain Company,ITASCA CO-OPERATIVE GRAIN COMPANY,State,,[],[8-1569],Approved,1,,2026,September,9
TX,"Deaf Smith, TX",SUMMERFIELD,Archer-Daniels-Midland Company,ADM Grain Co.-Hereford Elevators,Federal,I - Issued,[3-9677],[8-1579],Approved,2,"1,093,000",2026,September,9
IL,"Champaign, IL",Foosland,"Galesville Elevator, Co.","GALESVILLE ELEVATOR, CO.",State,,[],[8-1598],Approved,2,"1,160,000",2026,September,9
IL,"Piatt, IL",Mansfield,"Galesville Elevator, Co.","GALESVILLE ELEVATOR, CO.",State,,[],[8-1598],Approved,3,"700,000",2026,September,9
IL,"Piatt, IL",Mansfield,"Galesville Elevator, Co.","GALESVILLE ELEVATOR, CO.",State,,[],[8-1598],Approved,1,"669,000",2026,September,9
KS,"Thomas, KS",Colby,"Cornerstone Ag, LLC","CORNERSTONE AG, LLC",State,,[],[8-1615],Approved,1,"9,961,000",2026,September,9
WA,"Whitman, WA",Leon,Uniontown Co-Operative Association,UNIONTOWN CO-OPERATIVE ASSOCIATION,State,,[],[8-1617],Approved,2,"250,000",2026,September,9
WA,"Whitman, WA",Uniontown,Uniontown Co-Operative Association,UNIONTOWN CO-OPERATIVE ASSOCIATION,State,,[],[8-1617],Approved,1,"2,417,000",2026,September,9
OK,"Texas, OK",PANHANDLE,Archer-Daniels-Midland Company,ADM Grain Western Region Elevators,Federal,I - Issued,[3-9670],[8-1618],Approved,24,"2,255,000",2026,September,9
OK,"Texas, OK",STATE LINE,Archer-Daniels-Midland Company,ADM Grain Western Region Elevators,Federal,I - Issued,[3-9670],[8-1618],Approved,26,"2,486,000",2026,September,9
OK,"Texas, OK",TYRONE,Archer-Daniels-Midland Company,ADM Grain Western Region Elevators,Federal,I - Issued,[3-9670],[8-1618],Approved,27,"1,222,000",2026,September,9
IA,"Linn, IA",CEDAR RAPIDS,"Cargill, Incorporated",Cargill-Cedar Starch Elevator,Federal,I - Issued,[3-9554],[8-1623],Approved,1,"516,000",2026,September,9
OR,"Gilliam, OR",Arlington,"Northwest Grain Growers, Inc.",Northwest Grain Growers Elevator,Federal,I - Issued,[3-9603],[8-1625],Approved,57,"2,145,000",2026,September,9
OR,"Gilliam, OR",CONDON,"Northwest Grain Growers, Inc.",Northwest Grain Growers Elevator,Federal,I - Issued,[3-9603],[8-1625],Approved,44,"2,231,000",2026,September,9
OR,"Gilliam, OR",MIKKALO,"Northwest Grain Growers, Inc.",Northwest Grain Growers Elevator,Federal,I - Issued,[3-9603],[8-1625],Approved,50,"711,000",2026,September,9
OR,"Jefferson, OR",MADRAS,"Northwest Grain Growers, Inc.",Northwest Grain Growers Elevator,Federal,I - Issued,[3-9603],[8-1625],Approved,49,"376,000",2026,September,9
OR,"Morrow, OR",IONE,"Northwest Grain Growers, Inc.",Northwest Grain Growers Elevator,Federal,I - Issued,[3-9603],[8-1625],Approved,47,"579,000",2026,September,9
OR,"Sherman, OR",GRASS VALLEY,"Northwest Grain Growers, Inc.",Northwest Grain Growers Elevator,Federal,I - Issued,[3-9603],[8-1625],Approved,46,"1,076,000",2026,September,9
OR,"Sherman, OR",KENT,"Northwest Grain Growers, Inc.",Northwest Grain Growers Elevator,Federal,I - Issued,[3-9603],[8-1625],Approved,48,"610,000",2026,September,9
OR,"Sherman, OR",Moro,"Northwest Grain Growers, Inc.",Northwest Grain Growers Elevator,Federal,I - Issued,[3-9603],[8-1625],Approved,51,"529,000",2026,September,9
OR,"Sherman, OR",WASCO,"Northwest Grain Growers, Inc.",Northwest Grain Growers Elevator,Federal,I - Issued,[3-9603],[8-1625],Approved,54,"4,781,000",2026,September,9
OR,"Umatilla, OR",Athena,"Northwest Grain Growers, Inc.",Northwest Grain Growers Elevator,Federal,I - Issued,[3-9603],[8-1625],Approved,1,"2,760,000",2026,September,9
OR,"Umatilla, OR",MISSION,"Northwest Grain Growers, Inc.",Northwest Grain Growers Elevator,Federal,I - Issued,[3-9603],[8-1625],Approved,14,"1,552,000",2026,September,9
OR,"Umatilla, OR",SPOFFORD,"Northwest Grain Growers, Inc.",Northwest Grain Growers Elevator,Federal,I - Issued,[3-9603],[8-1625],Approved,2,"2,220,000",2026,September,9
OR,"Wasco, OR",DUFUR,"Northwest Grain Growers, Inc.",Northwest Grain Growers Elevator,Federal,I - Issued,[3-9603],[8-1625],Approved,56,"750,000",2026,September,9
WA,"Columbia, WA",ALTO,"Northwest Grain Growers, Inc.",Northwest Grain Growers Elevator,Federal,I - Issued,[3-9603],[8-1625],Approved,28,"194,000",2026,September,9
WA,"Columbia, WA",DAYTON,"Northwest Grain Growers, Inc.",Northwest Grain Growers Elevator,Federal,I - Issued,[3-9603],[8-1625],Approved,24,"1,156,000",2026,September,9
WA,"Columbia, WA",DELANEY,"Northwest Grain Growers, Inc.",Northwest Grain Growers Elevator,Federal,I - Issued,[3-9603],[8-1625],Approved,30,"245,000",2026,September,9
WA,"Columbia, WA",HUNTSVILLE,"Northwest Grain Growers, Inc.",Northwest Grain Growers Elevator,Federal,I - Issued,[3-9603],[8-1625],Approved,26,"377,000",2026,September,9
WA,"Columbia, WA",LONGS,"Northwest Grain Growers, Inc.",Northwest Grain Growers Elevator,Federal,I - Issued,[3-9603],[8-1625],Approved,27,"381,000",2026,September,9
WA,"Columbia, WA",LOWER WHETSTONE,"Northwest Grain Growers, Inc.",Northwest Grain Growers Elevator,Federal,I - Issued,[3-9603],[8-1625],Approved,32,"359,000",2026,September,9
WA,"Columbia, WA",RELIEF,"Northwest Grain Growers, Inc.",Northwest Grain Growers Elevator,Federal,I - Issued,[3-9603],[8-1625],Approved,29,"253,000",2026,September,9
WA,"Columbia, WA",TURNER,"Northwest Grain Growers, Inc.",Northwest Grain Growers Elevator,Federal,I - Issued,[3-9603],[8-1625],Approved,25,"760,000",2026,September,9
WA,"Klickitat, WA",CENTERVILLE,"Northwest Grain Growers, Inc.",Northwest Grain Growers Elevator,Federal,I - Issued,[3-9603],[8-1625],Approved,43,"340,000",2026,September,9
WA,"Klickitat, WA",GOLDENDALE,"Northwest Grain Growers, Inc.",Northwest Grain Growers Elevator,Federal,I - Issued,[3-9603],[8-1625],Approved,45,"782,000",2026,September,9
WA,"Walla Walla, WA",Dixie,"Northwest Grain Growers, Inc.",Northwest Grain Growers Elevator,Federal,I - Issued,[3-9603],[8-1625],Approved,11,"543,000",2026,September,9
WA,"Walla Walla, WA",Prescott,"Northwest Grain Growers, Inc.",Northwest Grain Growers Elevator,Federal,I - Issued,[3-9603],[8-1625],Approved,17,"6,149,000",2026,September,9
WA,"Walla Walla, WA",Waitsburg,"Northwest Grain Growers, Inc.",Northwest Grain Growers Elevator,Federal,I - Issued,[3-9603],[8-1625],Approved,3,"561,000",2026,September,9
WA,"Walla Walla, WA",Waitsburg,"Northwest Grain Growers, Inc.",Northwest Grain Growers Elevator,Federal,I - Issued,[3-9603],[8-1625],Approved,10,"406,000",2026,September,9
WA,"Walla Walla, WA",Walla Walla,"Northwest Grain Growers, Inc.",Northwest Grain Growers Elevator,Federal,I - Issued,[3-9603],[8-1625],Approved,12,"282,000",2026,September,9
WA,"Walla Walla, WA",Walla Walla,"Northwest Grain Growers, Inc.",Northwest Grain Growers Elevator,Federal,I - Issued,[3-9603],[8-1625],Approved,13,"416,000",2026,September,9
WA,"Walla Walla, WA",Walla Walla,"Northwest Grain Growers, Inc.",Northwest Grain Growers Elevator,Federal,I - Issued,[3-9603],[8-1625],Approved,15,"70,000",2026,September,9
WA,"Walla Walla, WA",Walla Walla,"Northwest Grain Growers, Inc.",Northwest Grain Growers Elevator,Federal,I - Issued,[3-9603],[8-1625],Approved,18,"274,000",2026,September,9
WA,"Walla Walla, WA",Walla Walla,"Northwest Grain Growers, Inc.",Northwest Grain Growers Elevator,Federal,I - Issued,[3-9603],[8-1625],Approved,19,"145,000",2026,September,9
WA,"Walla Walla, WA",Walla Walla,"Northwest Grain Growers, Inc.",Northwest Grain Growers Elevator,Federal,I - Issued,[3-9603],[8-1625],Approved,20,"452,000",2026,September,9
WA,"Walla Walla, WA",Walla Walla,"Northwest Grain Growers, Inc.",Northwest Grain Growers Elevator,Federal,I - Issued,[3-9603],[8-1625],Approved,21,"250,000",2026,September,9
WA,"Walla Walla, WA",Walla Walla,"Northwest Grain Growers, Inc.",Northwest Grain Growers Elevator,Federal,I - Issued,[3-9603],[8-1625],Approved,22,"284,000",2026,September,9
WA,"Walla Walla, WA",Walla Walla,"Northwest Grain Growers, Inc.",Northwest Grain Growers Elevator,Federal,I - Issued,[3-9603],[8-1625],Approved,23,"608,000",2026,September,9
WA,"Whitman, WA",EWAN,"Northwest Grain Growers, Inc.",Northwest Grain Growers Elevator,Federal,I - Issued,[3-9603],[8-1625],Approved,34,"975,000",2026,September,9
WA,"Whitman, WA",PLEASANT VALLEY,"Northwest Grain Growers, Inc.",Northwest Grain Growers Elevator,Federal,I - Issued,[3-9603],[8-1625],Approved,35,"1,087,000",2026,September,9
WA,"Whitman, WA",ST JOHN,"Northwest Grain Growers, Inc.",Northwest Grain Growers Elevator,Federal,I - Issued,[3-9603],[8-1625],Approved,36,"1,182,000",2026,September,9
WA,"Whitman, WA",SUNSET,"Northwest Grain Growers, Inc.",Northwest Grain Growers Elevator,Federal,I - Issued,[3-9603],[8-1625],Approved,37,"377,000",2026,September,9
WA,"Whitman, WA",THERA,"Northwest Grain Growers, Inc.",Northwest Grain Growers Elevator,Federal,I - Issued,[3-9603],[8-1625],Approved,38,"766,000",2026,September,9
WA,"Whitman, WA",WILLADA,"Northwest Grain Growers, Inc.",Northwest Grain Growers Elevator,Federal,I - Issued,[3-9603],[8-1625],Approved,39,"3,165,000",2026,September,9
OR,"Gilliam, OR",ARLINGTON,"Northwest Grain Growers, Inc.",Northwest Grain Growers Elevator,Federal,I - Issued,[3-9603],[8-1628],Approved,41,"769,000",2026,September,9
OR,"Sherman, OR",BIGGS,"Northwest Grain Growers, Inc.",Northwest Grain Growers Elevator,Federal,I - Issued,[3-9603],[8-1628],Approved,42,"2,403,000",2026,September,9
OR,"Wasco, OR",THE DALLES,"Northwest Grain Growers, Inc.",Northwest Grain Growers Elevator,Federal,I - Issued,[3-9603],[8-1628],Approved,52,"1,757,000",2026,September,9
WA,"Columbia, WA",LYONS FERRY,"Northwest Grain Growers, Inc.",Northwest Grain Growers Elevator,Federal,I - Issued,[3-9603],[8-1628],Approved,31,"4,124,000",2026,September,9
WA,"Franklin, WA",PASCO,"Northwest Grain Growers, Inc.",Northwest Grain Growers Elevator,Federal,I - Issued,[3-9603],[8-1628],Approved,4,"8,831,000",2026,September,9
WA,"Walla Walla, WA",Burbank,"Northwest Grain Growers, Inc.",Northwest Grain Growers Elevator,Federal,I - Issued,[3-9603],[8-1628],Approved,8,"2,983,000",2026,September,9
WA,"Walla Walla, WA",Prescott,"Northwest Grain Growers, Inc.",Northwest Grain Growers Elevator,Federal,I - Issued,[3-9603],[8-1628],Approved,6,"5,717,000",2026,September,9
WA,"Walla Walla, WA",Wallula,"Northwest Grain Growers, Inc.",Northwest Grain Growers Elevator,Federal,I - Issued,[3-9603],[8-1628],Approved,5,"3,448,000",2026,September,9
WA,"Walla Walla, WA",Wallula,"Northwest Grain Growers, Inc.",Northwest Grain Growers Elevator,Federal,I - Issued,[3-9603],[8-1628],Approved,7,"5,951,000",2026,September,9
WA,"Whitman, WA",ENDICOTT,"Northwest Grain Growers, Inc.",Northwest Grain Growers Elevator,Federal,I - Issued,[3-9603],[8-1628],Approved,33,"5,942,000",2026,September,9
MN,"Stevens, MN",HANCOCK,"Independent Farmers Ag Services, LLC",INDEPENDENT FARMERS AG SERVICES LLC,State,,[],[8-1643],Approved,1,,2026,September,9
MN,"Stevens, MN",Morris,"Independent Farmers Ag Services, LLC",INDEPENDENT FARMERS AG SERVICES LLC,State,,[],[8-1643],Approved,2,"346,000",2026,September,9
IL,"De Kalb, IL",De Kalb,"J.P. Faivre, Inc.","J.P. Faivre, Inc.",State,,[],[8-1650],Approved,1,"1,198,000",2026,September,9
WA,"Adams, WA",BRUCE,CHS Inc.,CHS Elevators,Federal,I - Issued,[1-0299],[8-1655],Approved,4,"2,830,000",2026,September,9
WA,"Adams, WA",HATTON,CHS Inc.,CHS Elevators,Federal,I - Issued,[1-0299],[8-1655],Approved,5,"726,000",2026,September,9
WA,"Benton, WA",KENNEWICK,CHS Inc.,CHS Elevators,Federal,I - Issued,[1-0299],[8-1655],Approved,8,"5,659,000",2026,September,9
WA,"Franklin, WA",CONNELL,CHS Inc.,CHS Elevators,Federal,I - Issued,[1-0299],[8-1655],Approved,6,"706,000",2026,September,9
WA,"Franklin, WA",KAHLOTUS,CHS Inc.,CHS Elevators,Federal,I - Issued,[1-0299],[8-1655],Approved,9,"1,273,000",2026,September,9
WA,"Franklin, WA",PASCO (Glade),CHS Inc.,CHS Elevators,Federal,I - Issued,[1-0299],[8-1655],Approved,7,"467,000",2026,September,9
WA,"Grant, WA",MOSES LAKE (Wheeler),CHS Inc.,CHS Elevators,Federal,I - Issued,[1-0299],[8-1655],Approved,2,"714,000",2026,September,9
WA,"Grant, WA",QUINCY,CHS Inc.,CHS Elevators,Federal,I - Issued,[1-0299],[8-1655],Approved,1,"891,000",2026,September,9
IL,"McLean, IL",COOKSVILLE,Cooksville Grain Co.,COOKSVILLE GRAIN CO.,State,,[],[8-1672],Approved,1,"3,552,000",2026,September,9
AR,"Arkansas, AR",Stuttgart,"Rice Capital, Inc.","RICE CAPITAL, INC.",State,,[],[8-1679],Authorized,1,,2026,September,9
IL,"Stephenson, IL",GERMAN VALLEY,Archer-Daniels-Midland Company,ARCHER-DANIELS-MIDLAND COMPANY,State,,[],[8-1689],Approved,1,"846,000",2026,September,9
IL,"Coles, IL",Coles (Mattoon),Primary Products Grain LLC,Primary Products Grain LLC,State,,[],[8-1691],Approved,2,"4,434,000",2026,September,9
IL,"Coles, IL",Mattoon,Primary Products Grain LLC,Primary Products Grain LLC,State,,[],[8-1691],Approved,8,"3,099,000",2026,September,9
IL,"De Witt, IL",Parnell (Farmer City),Primary Products Grain LLC,Primary Products Grain LLC,State,,[],[8-1691],Approved,7,"1,462,000",2026,September,9
IL,"De Witt, IL",Wapella,Primary Products Grain LLC,Primary Products Grain LLC,State,,[],[8-1691],Approved,9,"1,402,000",2026,September,9
IL,"De Witt, IL",Wapella East,Primary Products Grain LLC,Primary Products Grain LLC,State,,[],[8-1691],Approved,10,"493,000",2026,September,9
IL,"McLean, IL",Heyworth,Primary Products Grain LLC,Primary Products Grain LLC,State,,[],[8-1691],Approved,5,"4,913,000",2026,September,9
IL,"McLean, IL",LeRoy,Primary Products Grain LLC,Primary Products Grain LLC,State,,[],[8-1691],Approved,6,"4,277,000",2026,September,9
IL,"Shelby, IL",COWDEN,Primary Products Grain LLC,Primary Products Grain LLC,State,,[],[8-1691],Approved,3,"3,622,000",2026,September,9
IL,"Shelby, IL",FINDLAY,Primary Products Grain LLC,Primary Products Grain LLC,State,,[],[8-1691],Approved,4,"1,813,000",2026,September,9
IL,"Iroquois, IL",CISSNA PARK,"Cissna Park Co-op, Inc.","CISSNA PARK CO-OP, INC.",State,,[],[8-1695],Approved,1,"1,864,000",2026,September,9
IL,"Iroquois, IL",Onarga,"Cissna Park Co-op, Inc.","CISSNA PARK CO-OP, INC.",State,,[],[8-1695],Approved,3,"1,751,000",2026,September,9
IL,"Vermilion, IL",RANKIN,"Cissna Park Co-op, Inc.","CISSNA PARK CO-OP, INC.",State,,[],[8-1695],Approved,2,"886,000",2026,September,9
IN,"Carroll, IN",CAMDEN,"Hog Slat, Incorporated",HOG SLAT INCORPORATED,State,,[],[8-1696],Approved,1,,2026,September,9
ID,"Franklin, ID",TENSED (CRAIGMONT),"McKay Seed Co., Inc.","MCKAY SEED CO., INC.",State,,[],[8-1699],Approved,3,"96,000",2026,September,9
WA,"Adams, WA",Stahl,"McKay Seed Co., Inc.","MCKAY SEED CO., INC.",State,,[],[8-1699],Approved,5,"150,000",2026,September,9
WA,"Grant, WA",MOSES LAKE,"McKay Seed Co., Inc.","MCKAY SEED CO., INC.",State,,[],[8-1699],Approved,1,"374,000",2026,September,9
WA,"Grant, WA",WHEELER,"McKay Seed Co., Inc.","MCKAY SEED CO., INC.",State,,[],[8-1699],Approved,4,"135,000",2026,September,9
WA,"Whitman, WA",ROSALIA (BALDER),"McKay Seed Co., Inc.","MCKAY SEED CO., INC.",State,,[],[8-1699],Approved,2,"448,000",2026,September,9
IL,"McLean, IL",Danvers,Danvers Farmers' Elevator Company,DANVERS FARMERS' ELEVATOR COMPANY,State,,[],[8-1704],Approved,1,"4,179,000",2026,September,9
IL,"Tazewell, IL",DEER CREEK,Danvers Farmers' Elevator Company,DANVERS FARMERS' ELEVATOR COMPANY,State,,[],[8-1704],Approved,3,"3,220,000",2026,September,9
IL,"Tazewell, IL",MACKINAW,Danvers Farmers' Elevator Company,DANVERS FARMERS' ELEVATOR COMPANY,State,,[],[8-1704],Approved,5,"1,290,000",2026,September,9
IL,"Tazewell, IL",WASHINGTON,Danvers Farmers' Elevator Company,DANVERS FARMERS' ELEVATOR COMPANY,State,,[],[8-1704],Approved,6,"164,000",2026,September,9
IL,"Woodford, IL",CONGERVILLE,Danvers Farmers' Elevator Company,DANVERS FARMERS' ELEVATOR COMPANY,State,,[],[8-1704],Approved,2,"2,147,000",2026,September,9
IL,"Woodford, IL",GOODFIELD,Danvers Farmers' Elevator Company,DANVERS FARMERS' ELEVATOR COMPANY,State,,[],[8-1704],Approved,4,"437,000",2026,September,9
SD,"Charles Mix, SD",Wagner,"Fousek Grains, L.L.C.","Fousek Grains, L.L.C. Elevator",Federal,I - Issued,[3-9804],[8-1711],Approved,1,"997,000",2026,September,9
IL,"De Witt, IL",LANE,Deland Farmer's Cooperative Grain Company,DELAND FARMER'S COOPERATIVE GRAIN COMPANY,State,,[],[8-1712],Approved,2,"955,000",2026,September,9
IL,"Piatt, IL",DELAND,Deland Farmer's Cooperative Grain Company,DELAND FARMER'S COOPERATIVE GRAIN COMPANY,State,,[],[8-1712],Approved,1,"5,028,000",2026,September,9
IL,"Logan, IL",New Holland,Encompass Grain & Rail COOP,Encompass Grain & Rail COOP,State,,[],[8-1714],Approved,5,"2,866,000",2026,September,9
IL,"Mason, IL",Mason City,Encompass Grain & Rail COOP,Encompass Grain & Rail COOP,State,,[],[8-1714],Approved,6,"3,033,000",2026,September,9
IL,"Mason, IL",Mason City,Encompass Grain & Rail COOP,Encompass Grain & Rail COOP,State,,[],[8-1714],Approved,7,"2,212,000",2026,September,9
IL,"Mason, IL",San Jose,Encompass Grain & Rail COOP,Encompass Grain & Rail COOP,State,,[],[8-1714],Approved,3,"4,634,000",2026,September,9
IL,"Menard, IL",Greenview,Encompass Grain & Rail COOP,Encompass Grain & Rail COOP,State,,[],[8-1714],Approved,4,"2,552,000",2026,September,9
IL,"Tazewell, IL",Delavan,Encompass Grain & Rail COOP,Encompass Grain & Rail COOP,State,,[],[8-1714],Approved,1,"1,045,000",2026,September,9
IL,"Tazewell, IL",Delavan,Encompass Grain & Rail COOP,Encompass Grain & Rail COOP,State,,[],[8-1714],Approved,2,"2,835,000",2026,September,9
IL,"Iroquois, IL",Beaverville,"Donovan Farmers Cooperative Elevator, Inc.","DONOVAN FARMERS COOPERATIVE ELEVATOR, INC.",State,,[],[8-1724],Approved,3,"1,763,000",2026,September,9
IL,"Iroquois, IL",DONOVAN,"Donovan Farmers Cooperative Elevator, Inc.","DONOVAN FARMERS COOPERATIVE ELEVATOR, INC.",State,,[],[8-1724],Approved,1,"2,297,000",2026,September,9
IL,"Iroquois, IL",IROQUOIS,"Donovan Farmers Cooperative Elevator, Inc.","DONOVAN FARMERS COOPERATIVE ELEVATOR, INC.",State,,[],[8-1724],Approved,2,"659,000",2026,September,9
IL,"Iroquois, IL",MARTINTON,"Donovan Farmers Cooperative Elevator, Inc.","DONOVAN FARMERS COOPERATIVE ELEVATOR, INC.",State,,[],[8-1724],Approved,4,"1,727,000",2026,September,9
MT,"Judith Basin, MT",MOCCASIN,United Grain Corporation of Oregon,United Grain Corporation Elevators,Federal,I - Issued,[3-9979],[8-1738],Approved,2,"1,561,000",2026,September,9
MT,"Pondera, MT",CONRAD,United Grain Corporation of Oregon,United Grain Corporation Elevators,Federal,I - Issued,[3-9979],[8-1738],Approved,3,"3,035,000",2026,September,9
MT,"Roosevelt, MT",CULBERTSON,United Grain Corporation of Oregon,United Grain Corporation Elevators,Federal,I - Issued,[3-9979],[8-1738],Approved,4,"1,972,000",2026,September,9
MT,"Yellowstone, MT",POMPEYS PILLAR,United Grain Corporation of Oregon,United Grain Corporation Elevators,Federal,I - Issued,[3-9979],[8-1738],Approved,1,"1,762,000",2026,September,9
IL,"La Salle, IL",EARLVILLE,Earlville Farmer's Co-Operative Elevator,EARLVILLE FARMERS CO-OPERATIVE ELEVATOR,State,,[],[8-1740],Approved,1,"3,048,000",2026,September,9
IA,"Clayton, IA",ST OLAF,"St. Olaf Ag Sales & Service, Inc.","ST. OLAF AG SALES & SERVICE, INC.",State,,[],[8-1748],Approved,1,"282,000",2026,September,9
IL,"Logan, IL",BROADWELL,Elkhart Grain Company,Elkhart Grain Company,State,,[],[8-1770],Approved,2,"520,000",2026,September,9
IL,"Logan, IL",ELKHART,Elkhart Grain Company,Elkhart Grain Company,State,,[],[8-1770],Approved,1,"4,610,000",2026,September,9
IL,"Logan, IL",LAKE FORK,Elkhart Grain Company,Elkhart Grain Company,State,,[],[8-1770],Approved,5,"2,787,000",2026,September,9
IL,"Logan, IL",MT PULASKI,Elkhart Grain Company,Elkhart Grain Company,State,,[],[8-1770],Approved,4,"1,294,000",2026,September,9
IL,"Logan, IL",Mt. Pulaski,Elkhart Grain Company,Elkhart Grain Company,State,,[],[8-1770],Approved,3,"742,000",2026,September,9
IL,"Bureau, IL",SPRING VALLEY,Archer-Daniels-Midland Company,ARCHER-DANIELS-MIDLAND CO.,State,,[],[8-1776],Approved,2,"109,000",2026,September,9
IL,"La Salle, IL",LA SALLE,Archer-Daniels-Midland Company,ARCHER-DANIELS-MIDLAND CO.,State,,[],[8-1776],Approved,1,"80,000",2026,September,9
IL,"Ogle, IL",LEAF RIVER,"Glendenning Grain, Inc.","GLENDENNING GRAIN, INC.",State,,[],[8-1783],Authorized,2,"177,000",2026,September,9
IL,"Ogle, IL",STILLMAN VALLEY,"Glendenning Grain, Inc.","GLENDENNING GRAIN, INC.",State,,[],[8-1783],Authorized,1,"1,518,000",2026,September,9
IL,"Vermilion, IL",FITHIAN,Consolidated Grain and Barge Co.,Consolidated Grain and Barge Company Terminal,Federal,I - Issued,[3-8045],[8-1790],Approved,15,"863,000",2026,September,9
IL,"Greene, IL",GREENFIELD,"Hog, Inc.","HOG, INC",State,,[],[8-1792],Approved,1,"2,366,920",2026,September,9
IL,"Macoupin, IL",SCOTTVILLE,"Hog, Inc.","HOG, INC",State,,[],[8-1792],Approved,2,0,2026,September,9
IA,"Benton, IA",Keystone,"Benton Grain Company, L.L.C.","BENTON GRAIN COMPANY,  L.L.C.",State,,[],[8-1795],Approved,1,"994,000",2026,September,9
IA,"Benton, IA",NEWHALL,"Benton Grain Company, L.L.C.","BENTON GRAIN COMPANY,  L.L.C.",State,,[],[8-1795],Approved,3,"229,000",2026,September,9
IA,"Benton, IA",Van Horne,"Benton Grain Company, L.L.C.","BENTON GRAIN COMPANY,  L.L.C.",State,,[],[8-1795],Approved,2,"2,017,000",2026,September,9
IA,"Jackson, IA",Preston,"Farrell's Trucking II, Inc.","Farrell's Trucking II, Inc.",State,,[],[8-1796],Approved,1,"916,000",2026,September,9
NE,"Valley, NE",ORD,"Cargill, Incorporated",Cargill West Elevators,Federal,I - Issued,[3-10091],[8-1801],Approved,15,"5,038,000",2026,September,9
IL,"Macoupin, IL",Atwater,"Sorrells Farm Supply, Inc.","Sorrells Farm Supply, Inc.",State,,[],[8-1807],Approved,2,"1,990,000",2026,September,9
IL,"Montgomery, IL",Raymond,"Sorrells Farm Supply, Inc.","Sorrells Farm Supply, Inc.",State,,[],[8-1807],Approved,1,"1,350,000",2026,September,9
IA,"Mahaska, IA",Oskaloosa,"DFS Oskaloosa, LLC","DFS OSKALOOSA, LLC ELEVATOR",Federal,I - Issued,[3-10028],[8-1821],Approved,1,"6,038,000",2026,September,9
SD,"Butte, SD",BELLE FOURCHE,"Dakota Mill & Grain, Inc.",Dakota Mill & Grain Elevator,Federal,I - Issued,[3-9580],[8-1824],Approved,2,"189,000",2026,September,9
SD,"Haakon, SD",MIDLAND,"Dakota Mill & Grain, Inc.",Dakota Mill & Grain Elevator,Federal,I - Issued,[3-9580],[8-1824],Approved,4,"478,000",2026,September,9
SD,"Haakon, SD",PHILIP,"Dakota Mill & Grain, Inc.",Dakota Mill & Grain Elevator,Federal,I - Issued,[3-9580],[8-1824],Approved,6,"834,000",2026,September,9
SD,"Hyde, SD",HIGHMORE,"Dakota Mill & Grain, Inc.",Dakota Mill & Grain Elevator,Federal,I - Issued,[3-9580],[8-1824],Approved,10,"814,000",2026,September,9
SD,"Lyman, SD",PRESHO,"Dakota Mill & Grain, Inc.",Dakota Mill & Grain Elevator,Federal,I - Issued,[3-9580],[8-1824],Approved,9,"719,000",2026,September,9
SD,"Lyman, SD",PRESHO,"Dakota Mill & Grain, Inc.",Dakota Mill & Grain Elevator,Federal,I - Issued,[3-9580],[8-1824],Approved,11,"3,169,000",2026,September,9
SD,"Pennington, SD",RAPID CITY,"Dakota Mill & Grain, Inc.",Dakota Mill & Grain Elevator,Federal,I - Issued,[3-9580],[8-1824],Approved,1,"434,000",2026,September,9
SD,"Pennington, SD",WALL,"Dakota Mill & Grain, Inc.",Dakota Mill & Grain Elevator,Federal,I - Issued,[3-9580],[8-1824],Approved,8,"1,109,000",2026,September,9
SD,"Stanley, SD",FT. PIERRE,"Dakota Mill & Grain, Inc.",Dakota Mill & Grain Elevator,Federal,I - Issued,[3-9580],[8-1824],Approved,3,"1,362,000",2026,September,9
IL,"Ford, IL",Gibson City - Middle,Alliance Grain Co.,ALLIANCE GRAIN CO.,State,,[],[8-1831],Approved,1,"443,000",2026,September,9
IL,"Ford, IL",Gibson City - West,Alliance Grain Co.,ALLIANCE GRAIN CO.,State,,[],[8-1831],Approved,2,"7,070,000",2026,September,9
IL,"Ford, IL",Melvin,Alliance Grain Co.,ALLIANCE GRAIN CO.,State,,[],[8-1831],Approved,13,"775,000",2026,September,9
IL,"Ford, IL",Roberts,Alliance Grain Co.,ALLIANCE GRAIN CO.,State,,[],[8-1831],Approved,14,"1,516,000",2026,September,9
IL,"Ford, IL",Sibley,Alliance Grain Co.,ALLIANCE GRAIN CO.,State,,[],[8-1831],Approved,8,"1,609,000",2026,September,9
IL,"Kankakee, IL",Cabery,Alliance Grain Co.,ALLIANCE GRAIN CO.,State,,[],[8-1831],Approved,12,"1,288,000",2026,September,9
IL,"Kankakee, IL",Herscher,Alliance Grain Co.,ALLIANCE GRAIN CO.,State,,[],[8-1831],Approved,15,"1,746,000",2026,September,9
IL,"Livingston, IL",Campus,Alliance Grain Co.,ALLIANCE GRAIN CO.,State,,[],[8-1831],Approved,11,"1,886,000",2026,September,9
IL,"Livingston, IL",Chatsworth,Alliance Grain Co.,ALLIANCE GRAIN CO.,State,,[],[8-1831],Approved,9,"2,911,000",2026,September,9
IL,"Livingston, IL",Cullom,Alliance Grain Co.,ALLIANCE GRAIN CO.,State,,[],[8-1831],Approved,10,"2,497,000",2026,September,9
IL,"McLean, IL",Anchor,Alliance Grain Co.,ALLIANCE GRAIN CO.,State,,[],[8-1831],Approved,4,"2,290,000",2026,September,9
IL,"McLean, IL",Bellflower,Alliance Grain Co.,ALLIANCE GRAIN CO.,State,,[],[8-1831],Approved,7,"2,035,000",2026,September,9
IL,"McLean, IL",Colfax,Alliance Grain Co.,ALLIANCE GRAIN CO.,State,,[],[8-1831],Approved,5,"2,424,000",2026,September,9
IL,"McLean, IL",Cropsey,Alliance Grain Co.,ALLIANCE GRAIN CO.,State,,[],[8-1831],Approved,6,"2,190,000",2026,September,9
IL,"McLean, IL",Saybrook,Alliance Grain Co.,ALLIANCE GRAIN CO.,State,,[],[8-1831],Approved,3,"279,000",2026,September,9
CA,"Colusa, CA",DELEVAN,"Eight Star Associates, LLC",Ridgetop Warehouse Company,Unlicensed,,[],[8-1843],Approved,1,"2,827,000",2026,September,9
IL,"La Salle, IL",Dana,Graymont Co-operative Association,GRAYMONT COOP ASSN.,State,,[],[8-1845],Approved,5,"2,878,000",2026,September,9
IL,"Livingston, IL",CORNELL,Graymont Co-operative Association,GRAYMONT COOP ASSN.,State,,[],[8-1845],Approved,3,"2,296,000",2026,September,9
IL,"Livingston, IL",Graymont,Graymont Co-operative Association,GRAYMONT COOP ASSN.,State,,[],[8-1845],Approved,1,"3,903,000",2026,September,9
IL,"Livingston, IL",LONG POINT,Graymont Co-operative Association,GRAYMONT COOP ASSN.,State,,[],[8-1845],Approved,4,"1,666,000",2026,September,9
IL,"Livingston, IL",Pontiac,Graymont Co-operative Association,GRAYMONT COOP ASSN.,State,,[],[8-1845],Approved,2,"1,227,000",2026,September,9
SD,"Brookings, SD",BRUCE,"Volga Ag Center, Inc.","VOLGA AG CENTER, INC.",State,,[],[8-1852],Approved,2,,2026,September,9
SD,"Brookings, SD",VOLGA,"Volga Ag Center, Inc.","VOLGA AG CENTER, INC.",State,,[],[8-1852],Approved,1,,2026,September,9
IL,"Kankakee, IL",Grant Park,Grant Park Co-operative Grain Company,Grant Park Elevator,Federal,I - Issued,[3-5449],[8-1853],Approved,1,"4,399,000",2026,September,9
IL,"La Salle, IL",GRAND RIDGE,"Farmers Grain Service, Inc.","FARMERS GRAIN SERVICE, INC.",State,,[],[8-1854],Approved,1,"2,253,000",2026,September,9
LA,"Jefferson Davis, LA",ELTON,ELTON DRIER INC.,ELTON DRIER INC.,State,,[],[8-1855],Authorized,1,"450,000",2026,September,9
IL,"Logan, IL",HARTSBURG,Hartsburg Grain Company,HARTSBURG GRAIN COMPANY,State,,[],[8-1857],Approved,1,"3,233,000",2026,September,9
WA,"Adams, WA",Bruce,CHS Inc.,CHS Elevator,Federal,I - Issued,[1-0283],[8-1858],Approved,2,"72,000",2026,September,9
WA,"Adams, WA",Othello,CHS Inc.,CHS Elevator,Federal,I - Issued,[1-0283],[8-1858],Approved,1,"2,037,000",2026,September,9
IA,"Iowa, IA",MARENGO,"Circle J Grain, Inc.",CIRCLE J GRAIN ELEVATOR,Federal,I - Issued,[3-9615],[8-1859],Approved,2,"1,370,000",2026,September,9
IA,"Iowa, IA",WILLIAMSBURG,"Circle J Grain, Inc.",CIRCLE J GRAIN ELEVATOR,Federal,I - Issued,[3-9615],[8-1859],Approved,1,"1,190,000",2026,September,9
IL,,QUINCY,Archer-Daniels-Midland Company,ARCHER-DANIELS-MIDLAND CO.,State,,[],[8-1860],Approved,2,"10,463,000",2026,September,9
IL,"Pike, IL",Hull,Archer-Daniels-Midland Company,ARCHER-DANIELS-MIDLAND CO.,State,,[],[8-1860],Approved,1,"1,019,000",2026,September,9
UT,"Weber, UT",OGDEN,The Scoular Company,THE SCOULAR COMPANY,State,,[],[8-1869],Approved,1,"370,000",2026,September,9
MN,"Goodhue, MN",ZUMBROTA,Gerken Inc.,Gerken's Grain Elevator,Federal,I - Issued,[3-9899],[8-1870],Approved,2,"299,000",2026,September,9
MN,"Wabasha, MN",LAKE CITY,Gerken Inc.,Gerken's Grain Elevator,Federal,I - Issued,[3-9899],[8-1870],Approved,3,"238,000",2026,September,9
MN,"Wabasha, MN",WABASHA,Gerken Inc.,Gerken's Grain Elevator,Federal,I - Issued,[3-9899],[8-1870],Approved,1,"1,013,000",2026,September,9
IL,"De Witt, IL",FARMER CITY,Archer-Daniels-Midland Company,"ARCHER DANIELS MIDLAND COMPANY, DBA TABO",State,,[],[8-1880],Approved,1,,2026,September,9
IL,"Piatt, IL",HARRIS,Archer-Daniels-Midland Company,"ARCHER DANIELS MIDLAND COMPANY, DBA TABO",State,,[],[8-1880],Approved,2,,2026,September,9
IL,"Henry, IL",Alpha,Hillsdale Elevator Company,Hillsdale Elevator Company,State,,[],[8-1883],Approved,13,"639,000",2026,September,9
IL,"Henry, IL",Annawan,Hillsdale Elevator Company,Hillsdale Elevator Company,State,,[],[8-1883],Approved,2,"1,962,000",2026,September,9
IL,"Henry, IL",Geneseo,Hillsdale Elevator Company,Hillsdale Elevator Company,State,,[],[8-1883],Approved,4,"2,528,000",2026,September,9
IL,"Henry, IL",OPHIEM,Hillsdale Elevator Company,Hillsdale Elevator Company,State,,[],[8-1883],Approved,9,"522,000",2026,September,9
IL,"Henry, IL",Orion,Hillsdale Elevator Company,Hillsdale Elevator Company,State,,[],[8-1883],Approved,5,"2,792,000",2026,September,9
IL,"Knox, IL",ABINGDON,Hillsdale Elevator Company,Hillsdale Elevator Company,State,,[],[8-1883],Approved,11,"5,515,000",2026,September,9
IL,"Knox, IL",GALESBURG,Hillsdale Elevator Company,Hillsdale Elevator Company,State,,[],[8-1883],Approved,6,"1,225,000",2026,September,9
IL,"Knox, IL",HENDERSON,Hillsdale Elevator Company,Hillsdale Elevator Company,State,,[],[8-1883],Approved,7,"3,028,000",2026,September,9
IL,"Mercer, IL",NEW WINDSOR,Hillsdale Elevator Company,Hillsdale Elevator Company,State,,[],[8-1883],Approved,8,"532,000",2026,September,9
IL,"Mercer, IL",VIOLA,Hillsdale Elevator Company,Hillsdale Elevator Company,State,,[],[8-1883],Approved,10,"444,000",2026,September,9
IL,"Rock Island, IL",Hillsdale,Hillsdale Elevator Company,Hillsdale Elevator Company,State,,[],[8-1883],Approved,1,"1,470,000",2026,September,9
IL,"Warren, IL",ALEXIS,Hillsdale Elevator Company,Hillsdale Elevator Company,State,,[],[8-1883],Approved,12,"1,672,000",2026,September,9
IL,"Whiteside, IL",Fenton,Hillsdale Elevator Company,Hillsdale Elevator Company,State,,[],[8-1883],Approved,3,"329,000",2026,September,9
IN,"Daviess, IN",WASHINGTON,Perdue AgriBusiness LLC,Perdue Elevators,Federal,I - Issued,[3-10226],[8-1889],Approved,2,"1,615,000",2026,September,9
IN,"Knox, IN",VINCENNES,Perdue AgriBusiness LLC,Perdue Elevators,Federal,I - Issued,[3-10226],[8-1889],Approved,5,"1,841,000",2026,September,9
KY,"Christian, KY",HOPKINSVILLE,Perdue AgriBusiness LLC,Perdue Elevators,Federal,I - Issued,[3-10226],[8-1889],Approved,4,"552,000",2026,September,9
KY,"McLean, KY",LIVERMORE,Perdue AgriBusiness LLC,Perdue Elevators,Federal,I - Issued,[3-10226],[8-1889],Approved,1,"3,680,000",2026,September,9
IL,,HOYLETON,"CLOVER LEAF GRAIN, LLC","CLOVER LEAF GRAIN, LLC",State,,[],[8-1893],Authorized,1,,2026,September,9
IL,"Bond, IL",PIERRON,"Top Ag Cooperative, Inc.","TOP AG COOPERATIVE, INC",State,,[],[8-1895],Approved,4,"845,000",2026,September,9
IL,"Clinton, IL",BREESE,"Top Ag Cooperative, Inc.","TOP AG COOPERATIVE, INC",State,,[],[8-1895],Approved,9,"246,000",2026,September,9
IL,"Clinton, IL",Carlyle,"Top Ag Cooperative, Inc.","TOP AG COOPERATIVE, INC",State,,[],[8-1895],Approved,10,"906,000",2026,September,9
IL,"Clinton, IL",TRENTON,"Top Ag Cooperative, Inc.","TOP AG COOPERATIVE, INC",State,,[],[8-1895],Approved,5,"1,279,000",2026,September,9
IL,"Madison, IL",HIGHLAND,"Top Ag Cooperative, Inc.","TOP AG COOPERATIVE, INC",State,,[],[8-1895],Approved,7,"435,000",2026,September,9
IL,"Madison, IL",NEW DOUGLAS,"Top Ag Cooperative, Inc.","TOP AG COOPERATIVE, INC",State,,[],[8-1895],Approved,8,"3,322,000",2026,September,9
IL,"St. Clair, IL",MASCOULTAH,"Top Ag Cooperative, Inc.","TOP AG COOPERATIVE, INC",State,,[],[8-1895],Approved,6,"859,000",2026,September,9
IL,"St. Clair, IL",ST LIBORY,"Top Ag Cooperative, Inc.","TOP AG COOPERATIVE, INC",State,,[],[8-1895],Approved,3,"977,000",2026,September,9
IL,"Washington, IL",ADDIEVILLE,"Top Ag Cooperative, Inc.","TOP AG COOPERATIVE, INC",State,,[],[8-1895],Approved,2,"769,000",2026,September,9
IL,"Washington, IL",OKAWVILLE,"Top Ag Cooperative, Inc.","TOP AG COOPERATIVE, INC",State,,[],[8-1895],Approved,1,"2,426,000",2026,September,9
IL,"McLean, IL",Hudson,Hudson Grain Company,Hudson Grain Company,State,,[],[8-1897],Approved,1,"4,065,000",2026,September,9
AL,"Pickens, AL",Pickensville,Tom Soya Grain Company,TOM SOYA ELEVATOR,Federal,I - Issued,[3-8232],[8-1924],Approved,4,"980,000",2026,September,9
IL,"Calhoun, IL",HARDIN,Jersey County Grain Company,JERSEY COUNTY GRAIN CO.,State,,[],[8-1925],Approved,1,"1,080,000",2026,September,9
IL,"Jersey, IL",JERSEYVILLE,Jersey County Grain Company,JERSEY COUNTY GRAIN CO.,State,,[],[8-1925],Approved,2,"930,000",2026,September,9
IN,"Allen, IN",Monroeville,"Ag Plus, Inc.","Ag Plus, Inc.",State,,[],[8-1927],Approved,3,,2026,September,9
IN,"Allen, IN",Woodburn,"Ag Plus, Inc.","Ag Plus, Inc.",State,,[],[8-1927],Approved,4,,2026,September,9
IN,"Allen, IN",Woodburn (Edgerton),"Ag Plus, Inc.","Ag Plus, Inc.",State,,[],[8-1927],Approved,8,"3,273,219",2026,September,9
IN,"De Kalb, IN",Garrett (Main Facility),"Ag Plus, Inc.","Ag Plus, Inc.",State,,[],[8-1927],Approved,7,"1,748,652",2026,September,9
IN,"De Kalb, IN",Garrett (Rail Facility),"Ag Plus, Inc.","Ag Plus, Inc.",State,,[],[8-1927],Approved,6,"794,230",2026,September,9
IN,"Whitley, IN",Churubusco,"Ag Plus, Inc.","Ag Plus, Inc.",State,,[],[8-1927],Approved,5,,2026,September,9
IN,"Whitley, IN",Columbia City (Peabody),"Ag Plus, Inc.","Ag Plus, Inc.",State,,[],[8-1927],Approved,9,"476,921",2026,September,9
IN,"Whitley, IN",Columbia City (Raber),"Ag Plus, Inc.","Ag Plus, Inc.",State,,[],[8-1927],Approved,2,,2026,September,9
IN,"Whitley, IN",South Whitley,"Ag Plus, Inc.","Ag Plus, Inc.",State,,[],[8-1927],Approved,1,,2026,September,9
IL,"McLean, IL",Heyworth,Randolph Cooperative Grain Company,Randolph Cooperative Grain Company,State,,[],[8-1937],Approved,1,"4,814,000",2026,September,9
WI,"Dunn, WI",Elk Mound,"MEYER BROTHERS GRAIN, INC.","MEYER BROTHERS GRAIN, INC.",State,,[],[8-1938],Authorized,1,"1,349,815",2026,September,9
WI,"Eau Claire, WI",PLEASANT VALLEY,"MEYER BROTHERS GRAIN, INC.","MEYER BROTHERS GRAIN, INC.",State,,[],[8-1938],Authorized,2,"584,000",2026,September,9
AR,"Ashley, AR",Wilmot,"Producers Rice Mill, Inc.",Producers Warehouse,Federal,I - Issued,[3-9644],[8-1939],Approved,5,"1,387,000",2026,September,9
AR,"Chicot, AR",Eudora,"Producers Rice Mill, Inc.",Producers Warehouse,Federal,I - Issued,[3-9644],[8-1939],Approved,4,"961,000",2026,September,9
AR,"Desha, AR",MCGEHEE,"Producers Rice Mill, Inc.",Producers Warehouse,Federal,I - Issued,[3-9644],[8-1939],Approved,6,"2,666,000",2026,September,9
MS,"Bolivar, MS",Boyle,"Producers Rice Mill, Inc.",Producers Warehouse,Federal,I - Issued,[3-9644],[8-1939],Approved,2,"1,967,000",2026,September,9
MS,"Washington, MS",Greenville,"Producers Rice Mill, Inc.",Producers Warehouse,Federal,I - Issued,[3-9644],[8-1939],Approved,1,"1,783,000",2026,September,9
IL,"Bureau, IL",Kasbeer,Kasbeer Farmers' Elevator Co. Co-operative,KASBEER FARMERS ELEVATOR CO. CO-OPERATIVE,State,,[],[8-1943],Approved,1,"3,688,000",2026,September,9
AL,"Morgan, AL",DECATUR,"Bunge North America, Inc.",BUNGE NORTH AMERICA SOY PLANT,Federal,I - Issued,[3-7644],[8-1948],Approved,1,"8,321,000",2026,September,9
IL,"Christian, IL",SHARPSBURG,Legacy Grain Cooperative,LEGACY GRAIN COOPERATIVE,State,,[],[8-1958],Approved,3,"2,688,004",2026,September,9
IL,"Christian, IL",STONINGTON,Legacy Grain Cooperative,LEGACY GRAIN COOPERATIVE,State,,[],[8-1958],Approved,1,"6,404,686",2026,September,9
IL,"Macon, IL",BLUE MOUND,Legacy Grain Cooperative,LEGACY GRAIN COOPERATIVE,State,,[],[8-1958],Approved,2,"2,568,046",2026,September,9
IL,"Moultrie, IL",BETHANY,Legacy Grain Cooperative,LEGACY GRAIN COOPERATIVE,State,,[],[8-1958],Approved,6,"2,900,000",2026,September,9
IL,"Moultrie, IL",Dalton City,Legacy Grain Cooperative,LEGACY GRAIN COOPERATIVE,State,,[],[8-1958],Approved,5,"8,500,000",2026,September,9
IL,"Shelby, IL",MOWEAQUA,Legacy Grain Cooperative,LEGACY GRAIN COOPERATIVE,State,,[],[8-1958],Approved,4,"7,443,000",2026,September,9
IL,"Lee, IL",Sublette,Sublette Farmers Elevator Company,SUBLETTE FARMERS ELEVATOR COMPANY,State,,[],[8-1962],Approved,1,"5,041,000",2026,September,9
IL,"Grundy, IL",MORRIS,Archer-Daniels-Midland Company,ADM/GROWMARK RIVER SYSTEM,State,,[],[8-1966],Approved,1,"992,000",2026,September,9
IL,"Marshall, IL",HENRY,Archer-Daniels-Midland Company,ADM/GROWMARK R S,State,,[],[8-1967],Approved,3,"552,000",2026,September,9
IL,"Marshall, IL",LACON,Archer-Daniels-Midland Company,ADM/GROWMARK R S,State,,[],[8-1967],Approved,2,"199,000",2026,September,9
IL,"Peoria, IL",CHILLICOTHE,Archer-Daniels-Midland Company,ADM/GROWMARK R S,State,,[],[8-1967],Approved,4,0,2026,September,9
IL,"Putnam, IL",HENNEPIN,Archer-Daniels-Midland Company,ADM/GROWMARK R S,State,,[],[8-1967],Approved,5,"500,000",2026,September,9
IL,"Tazewell, IL",CREVE COEUR,Archer-Daniels-Midland Company,ADM/GROWMARK R S,State,,[],[8-1967],Approved,1,"1,401,000",2026,September,9
IL,"De Witt, IL",Clinton,Farmers Grain Company of Central Illinois,Farmers Grain Company of Central Illinois,State,,[],[8-1969],Approved,5,"1,926,000",2026,September,9
IL,"De Witt, IL",Kenney,Farmers Grain Company of Central Illinois,Farmers Grain Company of Central Illinois,State,,[],[8-1969],Approved,4,"2,581,000",2026,September,9
IL,"Logan, IL",Chestnut,Farmers Grain Company of Central Illinois,Farmers Grain Company of Central Illinois,State,,[],[8-1969],Approved,1,"3,323,000",2026,September,9
IL,"Macon, IL",Warrensburg,Farmers Grain Company of Central Illinois,Farmers Grain Company of Central Illinois,State,,[],[8-1969],Approved,2,"987,000",2026,September,9
IL,"Mason, IL",Latham,Farmers Grain Company of Central Illinois,Farmers Grain Company of Central Illinois,State,,[],[8-1969],Approved,3,"6,096,000",2026,September,9
IL,"Mason, IL",HAVANA,Archer-Daniels-Midland Company,ARCHER-DANIELS-MIDLAND COMPANY,State,,[],[8-1986],Approved,1,"3,024,000",2026,September,9
CO,"Adams, CO",COMMERCE CITY,Commerce City Grain LLC,Commerce City Grain Elevator,Federal,I - Issued,[3-9341],[8-1995],Approved,1,"3,225,000",2026,September,9
CO,"Adams, CO",Denver,Commerce City Grain LLC,Commerce City Grain Elevator,Federal,I - Issued,[3-9341],[8-1995],Approved,2,"2,236,000",2026,September,9
IN,"Jasper, IN",Rensselaer,WHEATFIELD HOLDING COMPANY,WHEATFIELD HOLDING COMPANY,State,,[],[8-2004],Authorized,2,"600,000",2026,September,9
IN,"Jasper, IN",Wheatfield,WHEATFIELD HOLDING COMPANY,WHEATFIELD HOLDING COMPANY,State,,[],[8-2004],Authorized,1,"900,000",2026,September,9
IN,"Newton, IN",Morocco,WHEATFIELD HOLDING COMPANY,WHEATFIELD HOLDING COMPANY,State,,[],[8-2004],Authorized,3,"600,000",2026,September,9
MO,"Lafayette, MO",Alma,MFA Incorporated,Mid Missouri Agri Services,State,,[],[8-2008],Approved,1,"513,247",2026,September,9
MO,"Lafayette, MO",EMMA,MFA Incorporated,Mid Missouri Agri Services,State,,[],[8-2008],Approved,2,"695,372",2026,September,9
MO,"Saline, MO",Sweet Springs (Emma),MFA Incorporated,Mid Missouri Agri Services,State,,[],[8-2008],Approved,3,"1,454,381",2026,September,9
IL,"Macon, IL",MACON,Archer-Daniels-Midland Company,ARCHER DANIELS MIDLAND COMPANY,State,,[],[8-2019],Approved,1,"3,364,000",2026,September,9
MN,"Todd, MN",SAUK CENTRE,CENTRAL GRAIN INC,CENTRAL GRAIN INC,State,,[],[8-2021],Authorized,1,"1,500,000",2026,September,9
IA,"Union, IA",Creston,"Bunge USA Grain, LLC",Bunge Iowa Elevators,Federal,I - Issued,[3-10016],[8-2022],Approved,1,"7,616,000",2026,September,9
IA,"Winnebago, IA",Lake Mills,"Bunge USA Grain, LLC",Bunge Iowa Elevators,Federal,I - Issued,[3-10016],[8-2022],Approved,5,"943,000",2026,September,9
IA,"Worth, IA",Joice,"Bunge USA Grain, LLC",Bunge Iowa Elevators,Federal,I - Issued,[3-10016],[8-2022],Approved,4,"5,285,000",2026,September,9
IA,"Taylor, IA",LENOX,"Bunge USA Grain, LLC",Bunge Iowa Elevators,Federal,I - Issued,[3-10016],[8-2024],Approved,3,"532,000",2026,September,9
IA,"Page, IA",Shenandoah,"Bunge USA Grain, LLC",Bunge Iowa Elevators,Federal,I - Issued,[3-10016],[8-2029],Approved,2,"1,480,000",2026,September,9
WI,"Brown, WI",PULASKI,Nutrition Service Company  LLC,Nutrition Service Company LLC,State,,[],[8-2032],Authorized,1,"1,500,000",2026,September,9
WI,"Calumet, WI",Brillion,Nutrition Service Company  LLC,Nutrition Service Company LLC,State,,[],[8-2032],Authorized,2,"220,000",2026,September,9
IL,"Henry, IL",Cambridge,"Gold Star FS, Inc.","Gold Star FS, Inc.",State,,[],[8-2039],Approved,2,"2,158,000",2026,September,9
IL,"Whiteside, IL",Erie,"Gold Star FS, Inc.","Gold Star FS, Inc.",State,,[],[8-2039],Approved,1,"702,000",2026,September,9
AL,"Marshall, AL",GUNTERSVILLE,"Cargill, Incorporated",CARGILL OILSEED PROCESSING PLANT / ELEVATOR,Federal,I - Issued,[3-9169],[8-2060],Approved,1,"3,128,000",2026,September,9
IL,"Livingston, IL",Streator,The Missal Farmers Grain Company,MISSAL FARMERS GRAIN COMPANY,State,,[],[8-2063],Approved,1,"2,198,000",2026,September,9
IL,"Christian, IL",HARVEL,Christian County Farmers' Supply Company,Central Commodity FS,State,,[],[8-2076],Approved,3,"2,152,000",2026,September,9
IL,"Christian, IL",Morrisonville,Christian County Farmers' Supply Company,Central Commodity FS,State,,[],[8-2076],Approved,1,"3,926,000",2026,September,9
IL,"Christian, IL",ROSAMOND,Christian County Farmers' Supply Company,Central Commodity FS,State,,[],[8-2076],Approved,2,"2,755,000",2026,September,9
IL,"Tazewell, IL",MORTON,"ROTH GRAIN CO., INC.","ROTH GRAIN CO., INC.",State,,[],[8-2077],Authorized,2,"27,000",2026,September,9
IL,"Tazewell, IL",YORDY STATION,"ROTH GRAIN CO., INC.","ROTH GRAIN CO., INC.",State,,[],[8-2077],Authorized,1,"378,000",2026,September,9
IA,"Linn, IA",Cedar Rapids,"Cargill, Incorporated",CARGILL CEDAR RAPIDS EAST ELEVATOR,Federal,I - Issued,[3-5416],[8-2081],Approved,1,"1,349,000",2026,September,9
IA,"Linn, IA",Cedar Rapids,"Cargill, Incorporated",CARGILL CEDAR RAPIDS EAST ELEVATOR,Federal,I - Issued,[3-5416],[8-2081],Approved,4,"1,671,000",2026,September,9
IL,"Edwards, IL",Browns,"Bunge USA Grain, LLC",Bunge Midwest River Elevators,Federal,I - Issued,[3-9862],[8-2092],Approved,12,"3,400,000",2026,September,9
IL,"Carroll, IL",MT. CARROLL,Consolidated Grain and Barge Co.,Consolidated Grain and Barge Company Terminal,Federal,I - Issued,[3-8045],[8-2100],Approved,11,"1,945,000",2026,September,9
IL,"Douglas, IL",NEWMAN,Archer-Daniels-Midland Company,ARCHER DANIELS MIDLAND COMPANY DBA TABOR,State,,[],[8-2112],Approved,1,"1,575,000",2026,September,9
IN,"Fayette, IN",CONNERSVILLE,Consolidated Grain and Barge Co.,CGB Elevators,Federal,I - Issued,[3-9257],[8-2113],Approved,6,"1,198,000",2026,September,9
IL,"Macon, IL",Niantic,Archer-Daniels-Midland Company,ARCHER DANIELS MIDLAND COMPANY,State,,[],[8-2114],Approved,1,"5,222,000",2026,September,9
IL,"La Salle, IL",Mendota,Meriden Grain Co.,MERIDEN ELEVATOR,State,,[],[8-2120],Approved,1,"2,046,000",2026,September,9
IL,"La Salle, IL",Mendota,Meriden Grain Co.,MERIDEN ELEVATOR,State,,[],[8-2120],Approved,2,"522,000",2026,September,9
ID,"Benewah, ID",TILMA,Spokane Seed Company,SPOKANE SEED COMPANY,State,,[],[8-2127],Approved,6,"158,000",2026,September,9
ID,"Kootenai, ID",SETTERS,Spokane Seed Company,SPOKANE SEED COMPANY,State,,[],[8-2127],Approved,5,"43,000",2026,September,9
WA,"Spokane, WA",PLAZA,Spokane Seed Company,SPOKANE SEED COMPANY,State,,[],[8-2127],Approved,3,"235,000",2026,September,9
WA,"Spokane, WA",SPANGLE,Spokane Seed Company,SPOKANE SEED COMPANY,State,,[],[8-2127],Approved,7,"1,237,000",2026,September,9
WA,"Spokane, WA",SPOKANE,Spokane Seed Company,SPOKANE SEED COMPANY,State,,[],[8-2127],Approved,1,"670,000",2026,September,9
WA,"Whitman, WA",CASHUP,Spokane Seed Company,SPOKANE SEED COMPANY,State,,[],[8-2127],Approved,4,"177,000",2026,September,9
WA,"Whitman, WA",COLFAX,Spokane Seed Company,SPOKANE SEED COMPANY,State,,[],[8-2127],Approved,2,"628,000",2026,September,9
WA,"Whitman, WA",Mt. Hope,Spokane Seed Company,SPOKANE SEED COMPANY,State,,[],[8-2127],Approved,8,"160,000",2026,September,9
IL,"Macoupin, IL",NILWOOD,"Boesdorfer & Boesdorfer, Inc.","BOESDORFER & BOESDORFER, INC",State,,[],[8-2128],Approved,2,"162,000",2026,September,9
IL,"Sangamon, IL",AUBURN,"Boesdorfer & Boesdorfer, Inc.","BOESDORFER & BOESDORFER, INC",State,,[],[8-2128],Approved,1,"4,040,000",2026,September,9
WA,"Whitman, WA",EDEN SIDING,"Palouse Pulse, LLC","PALOUSE PULSE, LLC",State,,[],[8-2171],Approved,2,,2026,September,9
WA,"Whitman, WA",FARMINGTON,"Palouse Pulse, LLC","PALOUSE PULSE, LLC",State,,[],[8-2171],Approved,1,,2026,September,9
OR,"Morrow, OR",BOARDMAN,"Morrow County Grain Growers, Inc.",Morrow County Grain Growers Warehouse,Federal,I - Issued,[3-2186],[8-2175],Approved,5,"2,292,000",2026,September,9
OR,"Morrow, OR",IRRIGON,"Morrow County Grain Growers, Inc.",Morrow County Grain Growers Warehouse,Federal,I - Issued,[3-2186],[8-2175],Approved,3,"4,375,000",2026,September,9
IL,"Pulaski, IL",Mound City,Archer-Daniels-Midland Company,ADM/DBA/ADM GROWMARK,State,,[],[8-2188],Approved,1,"1,458,000",2026,September,9
IA,"Clinton, IA",WHEATLAND,"Kay Farms Elevator, Inc.","Kay Farms Elevator, Inc.",State,,[],[8-2191],Approved,1,"1,178,000",2026,September,9
IL,"Bureau, IL",Walnut,Rock River Lumber & Grain Co.,ROCK RIVER LUMBER. & GRAIN,State,,[],[8-2193],Approved,8,"4,889,000",2026,September,9
IL,"Henry, IL",HOOPPOLE,Rock River Lumber & Grain Co.,ROCK RIVER LUMBER. & GRAIN,State,,[],[8-2193],Approved,2,"831,000",2026,September,9
IL,"Whiteside, IL",GALT,Rock River Lumber & Grain Co.,ROCK RIVER LUMBER. & GRAIN,State,,[],[8-2193],Approved,4,"854,000",2026,September,9
IL,"Whiteside, IL",Morrison,Rock River Lumber & Grain Co.,ROCK RIVER LUMBER. & GRAIN,State,,[],[8-2193],Approved,7,"3,202,000",2026,September,9
IL,"Whiteside, IL",MORRISON,Rock River Lumber & Grain Co.,ROCK RIVER LUMBER. & GRAIN,State,,[],[8-2193],Approved,6,"405,000",2026,September,9
IL,"Whiteside, IL",Prophetstown,Rock River Lumber & Grain Co.,ROCK RIVER LUMBER. & GRAIN,State,,[],[8-2193],Approved,5,"2,276,000",2026,September,9
IL,"Whiteside, IL",STERLING,Rock River Lumber & Grain Co.,ROCK RIVER LUMBER. & GRAIN,State,,[],[8-2193],Approved,1,"3,818,000",2026,September,9
IL,"Whiteside, IL",TAMPICO,Rock River Lumber & Grain Co.,ROCK RIVER LUMBER. & GRAIN,State,,[],[8-2193],Approved,3,"2,825,000",2026,September,9
WI,"Brown, WI",WRIGHTSTOWN,"Total Grain Services, LLC","Total Grain Services, LLC",State,,[],[8-2194],Approved,1,,2026,September,9
MN,"Lyon, MN",Marshall,Archer-Daniels-Midland Company,ADM Processing Company - Minnesota Warehouses,Federal,I - Issued,[3-9707],[8-2203],Approved,7,"1,159,000",2026,September,9
NE,"Platte, NE",COLUMBUS,Archer-Daniels-Midland Company,ADM CORN PROCESSING-COLUMBUS ELEVATOR,Federal,I - Issued,[3-9709],[8-2208],Approved,1,"3,200,000",2026,September,9
IL,"Logan, IL",EMDEN,Grainland Farmers,Grainland Farmers,State,,[],[8-2225],Approved,9,"5,140,000",2026,September,9
IL,"Marshall, IL",Wenona,Grainland Farmers,Grainland Farmers,State,,[],[8-2225],Approved,4,"2,995,000",2026,September,9
IL,"Tazewell, IL",ARMINGTON,Grainland Farmers,Grainland Farmers,State,,[],[8-2225],Approved,6,"1,339,000",2026,September,9
IL,"Tazewell, IL",MINIER,Grainland Farmers,Grainland Farmers,State,,[],[8-2225],Approved,7,"5,541,000",2026,September,9
IL,"Tazewell, IL",Morton,Grainland Farmers,Grainland Farmers,State,,[],[8-2225],Approved,3,"4,308,000",2026,September,9
IL,"Woodford, IL",BENSON,Grainland Farmers,Grainland Farmers,State,,[],[8-2225],Approved,2,"4,263,000",2026,September,9
IL,"Woodford, IL",EL PASO,Grainland Farmers,Grainland Farmers,State,,[],[8-2225],Approved,8,"4,419,000",2026,September,9
IL,"Woodford, IL",Eureka,Grainland Farmers,Grainland Farmers,State,,[],[8-2225],Approved,1,"6,242,000",2026,September,9
IL,"Woodford, IL",ROANOKE,Grainland Farmers,Grainland Farmers,State,,[],[8-2225],Approved,5,"14,136,000",2026,September,9
IL,"Woodford, IL",SECOR,Grainland Farmers,Grainland Farmers,State,,[],[8-2225],Approved,10,"1,777,000",2026,September,9
IL,"McDonough, IL",Sciota,"Farmers Grain Company of Roseville, Illinois","Farmers Grain Company of Roseville, Illinois",State,,[],[8-2233],Approved,2,"2,572,000",2026,September,9
IL,"Warren, IL",Roseville,"Farmers Grain Company of Roseville, Illinois","Farmers Grain Company of Roseville, Illinois",State,,[],[8-2233],Approved,1,"4,105,000",2026,September,9
IA,"Winnebago, IA",FOREST CITY,Gold-Eagle Cooperative,Gold-Eagle Elevator,Federal,I - Issued,[3-10216],[8-2241],Approved,2,"1,322,000",2026,September,9
IA,"Winnebago, IA",Le Land,Gold-Eagle Cooperative,Gold-Eagle Elevator,Federal,I - Issued,[3-10216],[8-2241],Approved,3,"1,314,000",2026,September,9
MN,"Faribault, MN",KIESTER,Gold-Eagle Cooperative,Gold-Eagle Elevator,Federal,I - Issued,[3-10216],[8-2241],Approved,1,"2,135,000",2026,September,9
IA,"Henry, IA",WAYLAND,"Agri-Way Partners, L.L.C.","Agri-Way Partners, L.L.C.",State,,[],[8-2245],Approved,1,"934,000",2026,September,9
IL,"Champaign, IL",Bondville,"Premier Cooperative, Inc.","Premier Cooperative, Inc.",State,,[],[8-2254],Approved,13,"1,256,000",2026,September,9
IL,"Champaign, IL",Broadlands,"Premier Cooperative, Inc.","Premier Cooperative, Inc.",State,,[],[8-2254],Approved,11,"2,054,000",2026,September,9
IL,"Champaign, IL",Champaign,"Premier Cooperative, Inc.","Premier Cooperative, Inc.",State,,[],[8-2254],Approved,25,"1,047,000",2026,September,9
IL,"Champaign, IL",Champaign,"Premier Cooperative, Inc.","Premier Cooperative, Inc.",State,,[],[8-2254],Approved,26,"1,002,000",2026,September,9
IL,"Champaign, IL",Dewey,"Premier Cooperative, Inc.","Premier Cooperative, Inc.",State,,[],[8-2254],Approved,23,"6,689,000",2026,September,9
IL,"Champaign, IL",Fisher,"Premier Cooperative, Inc.","Premier Cooperative, Inc.",State,,[],[8-2254],Approved,2,"571,000",2026,September,9
IL,"Champaign, IL",Gifford,"Premier Cooperative, Inc.","Premier Cooperative, Inc.",State,,[],[8-2254],Approved,8,"498,000",2026,September,9
IL,"Champaign, IL",Ivesdale,"Premier Cooperative, Inc.","Premier Cooperative, Inc.",State,,[],[8-2254],Approved,15,"3,712,000",2026,September,9
IL,"Champaign, IL",Mahomet,"Premier Cooperative, Inc.","Premier Cooperative, Inc.",State,,[],[8-2254],Approved,16,"174,000",2026,September,9
IL,"Champaign, IL",Philo,"Premier Cooperative, Inc.","Premier Cooperative, Inc.",State,,[],[8-2254],Approved,3,"969,000",2026,September,9
IL,"Champaign, IL",Rankin,"Premier Cooperative, Inc.","Premier Cooperative, Inc.",State,,[],[8-2254],Approved,12,"147,000",2026,September,9
IL,"Champaign, IL",Rantoul,"Premier Cooperative, Inc.","Premier Cooperative, Inc.",State,,[],[8-2254],Approved,18,"1,257,000",2026,September,9
IL,"Champaign, IL",Royal,"Premier Cooperative, Inc.","Premier Cooperative, Inc.",State,,[],[8-2254],Approved,1,"6,291,000",2026,September,9
IL,"Champaign, IL",Sadorus,"Premier Cooperative, Inc.","Premier Cooperative, Inc.",State,,[],[8-2254],Approved,5,"2,335,000",2026,September,9
IL,"Champaign, IL",Sidney,"Premier Cooperative, Inc.","Premier Cooperative, Inc.",State,,[],[8-2254],Approved,10,"4,722,000",2026,September,9
IL,"Champaign, IL",St. Joseph,"Premier Cooperative, Inc.","Premier Cooperative, Inc.",State,,[],[8-2254],Approved,22,"1,020,000",2026,September,9
IL,"Champaign, IL",Thomasboro,"Premier Cooperative, Inc.","Premier Cooperative, Inc.",State,,[],[8-2254],Approved,17,"3,613,000",2026,September,9
IL,"Champaign, IL",Tolono,"Premier Cooperative, Inc.","Premier Cooperative, Inc.",State,,[],[8-2254],Approved,9,"2,015,000",2026,September,9
IL,"Champaign, IL",Tolono,"Premier Cooperative, Inc.","Premier Cooperative, Inc.",State,,[],[8-2254],Approved,24,"3,721,000",2026,September,9
IL,"Ford, IL",Elliott,"Premier Cooperative, Inc.","Premier Cooperative, Inc.",State,,[],[8-2254],Approved,4,"1,081,000",2026,September,9
IL,"Piatt, IL",Mansfield,"Premier Cooperative, Inc.","Premier Cooperative, Inc.",State,,[],[8-2254],Approved,20,"2,602,000",2026,September,9
IL,"Vermilion, IL",Collison,"Premier Cooperative, Inc.","Premier Cooperative, Inc.",State,,[],[8-2254],Approved,6,"1,410,000",2026,September,9
IL,"Vermilion, IL",Fairmount,"Premier Cooperative, Inc.","Premier Cooperative, Inc.",State,,[],[8-2254],Approved,19,"2,717,000",2026,September,9
IL,"Vermilion, IL",Indianola,"Premier Cooperative, Inc.","Premier Cooperative, Inc.",State,,[],[8-2254],Approved,7,"1,248,000",2026,September,9
IL,"Vermilion, IL",Potomac,"Premier Cooperative, Inc.","Premier Cooperative, Inc.",State,,[],[8-2254],Approved,21,"1,701,000",2026,September,9
IL,"Vermilion, IL",Rossville,"Premier Cooperative, Inc.","Premier Cooperative, Inc.",State,,[],[8-2254],Approved,14,"1,642,000",2026,September,9
MO,"Mississippi, MO",WYATT,Consolidated Grain and Barge Co.,CGB Elevators,Federal,I - Issued,[3-10191],[8-2273],Approved,5,"146,000",2026,September,9
IL,"McLean, IL",STANFORD,"Stanford Grain Company, The",STANFORD GRAIN COMPANY,State,,[],[8-2288],Approved,1,"4,931,000",2026,September,9
OR,"Morrow, OR",HEPPNER,"Morrow County Grain Growers, Inc.",Morrow County Grain Growers Warehouse,Federal,I - Issued,[3-2186],[8-2293],Approved,4,"399,000",2026,September,9
OR,"Morrow, OR",IONE,"Morrow County Grain Growers, Inc.",Morrow County Grain Growers Warehouse,Federal,I - Issued,[3-2186],[8-2293],Approved,2,"413,000",2026,September,9
OR,"Morrow, OR",Lexington,"Morrow County Grain Growers, Inc.",Morrow County Grain Growers Warehouse,Federal,I - Issued,[3-2186],[8-2293],Approved,1,"711,000",2026,September,9
IL,"Henderson, IL",LOMAX,Stronghurst Grain and Merchandise Company,STRONGHURST GRAIN AND MERCHANDISE COMPANY,State,,[],[8-2295],Approved,2,0,2026,September,9
IL,"Henderson, IL",STRONGHURST,Stronghurst Grain and Merchandise Company,STRONGHURST GRAIN AND MERCHANDISE COMPANY,State,,[],[8-2295],Approved,1,"2,455,000",2026,September,9
IL,"Moultrie, IL",SULLIVAN,Archer-Daniels-Midland Company,ARCHER DANIELS MIDLAND COMPANY,State,,[],[8-2296],Approved,1,"2,310,000",2026,September,9
IA,"Clinton, IA",DeWitt,"The Feed & Grain Store, Inc.",The Feed & Grain Store,State,,[],[8-2307],Approved,1,"319,000",2026,September,9
MO,"Ste. Genevieve, MO",ST. GENEVIEVE,"Gateway FS, Inc.","Gateway FS, Inc.",State,,[],[8-2321],Approved,1,"1,125,000",2026,September,9
IL,"Henderson, IL",GULFPORT,Archer-Daniels-Midland Company,ADM Grain Co. - Burlington Elevators,Federal,I - Issued,[3-9755],[8-2323],Approved,2,"313,000",2026,September,9
IL,"Bureau, IL",Van Orin,Northern Partners Cooperative,Northern Partners Cooperative,State,,[],[8-2326],Approved,3,"2,414,000",2026,September,9
IL,"La Salle, IL",Mendota,Northern Partners Cooperative,Northern Partners Cooperative,State,,[],[8-2326],Approved,2,"2,943,000",2026,September,9
IL,"La Salle, IL",Mendota,Northern Partners Cooperative,Northern Partners Cooperative,State,,[],[8-2326],Approved,6,"832,000",2026,September,9
IL,"La Salle, IL",Tonica,Northern Partners Cooperative,Northern Partners Cooperative,State,,[],[8-2326],Approved,5,"2,106,000",2026,September,9
IL,"La Salle, IL",Triumph,Northern Partners Cooperative,Northern Partners Cooperative,State,,[],[8-2326],Approved,1,"2,197,000",2026,September,9
IL,"La Salle, IL",Utica,Northern Partners Cooperative,Northern Partners Cooperative,State,,[],[8-2326],Approved,4,"1,717,000",2026,September,9
IL,"La Salle, IL",TROY GROVE,Cooperative Grain and Supply Company,COOPERATIVE GRAIN AND SUPPLY COMPANY,State,,[],[8-2327],Approved,1,"2,367,000",2026,September,9
ID,"Canyon, ID",NOTUS,United Grain Corporation of Oregon,United Grain Corporation Elevators,Federal,I - Issued,[3-10125],[8-2329],Approved,8,"261,000",2026,September,9
OR,"Umatilla, OR",ADAMS,United Grain Corporation of Oregon,United Grain Corporation Elevators,Federal,I - Issued,[3-10125],[8-2329],Approved,5,"290,000",2026,September,9
OR,"Umatilla, OR",HELIX,United Grain Corporation of Oregon,United Grain Corporation Elevators,Federal,I - Issued,[3-10125],[8-2329],Approved,4,"1,419,000",2026,September,9
OR,"Umatilla, OR",PENDLETON,United Grain Corporation of Oregon,United Grain Corporation Elevators,Federal,I - Issued,[3-10125],[8-2329],Approved,1,"3,089,000",2026,September,9
OR,"Umatilla, OR",PILOT ROCK,United Grain Corporation of Oregon,United Grain Corporation Elevators,Federal,I - Issued,[3-10125],[8-2329],Approved,2,"888,000",2026,September,9
OR,"Umatilla, OR",UMATILLA,United Grain Corporation of Oregon,United Grain Corporation Elevators,Federal,I - Issued,[3-10125],[8-2329],Approved,3,"6,415,000",2026,September,9
WI,"Fond Du Lac, WI",WAUPUN,Farmers Elevator Company LTD,FARMERS ELEVATOR COMPANY LTD,State,,[],[8-2337],Authorized,1,"250,000",2026,September,9
IL,"Marshall, IL",LAROSE,Farmers Cooperative Association,Farmers Cooperative Association,State,,[],[8-2348],Approved,2,"310,000",2026,September,9
IL,"Marshall, IL",Varna,Farmers Cooperative Association,Farmers Cooperative Association,State,,[],[8-2348],Approved,1,"14,681,000",2026,September,9
IL,"Macoupin, IL",PALMYRA,The Scoular Company,The Scoular Company,State,,[],[8-2355],Authorized,2,"708,000",2026,September,9
IL,"Morgan, IL",JACKSONVILLE,The Scoular Company,The Scoular Company,State,,[],[8-2355],Authorized,3,0,2026,September,9
IL,"Sangamon, IL",WAVERLY,The Scoular Company,The Scoular Company,State,,[],[8-2355],Authorized,1,"8,574,000",2026,September,9
MN,"Goodhue, MN",Red Wing,"Red Wing Grain, LLC",Red Wing Elevator,Federal,I - Issued,[3-9613],[8-2358],Approved,1,"6,304,000",2026,September,9
ND,"Barnes, ND",Peak,Maple River Coop,Maple River Coop,State,,[],[8-2360],Approved,6,"669,000",2026,September,9
ND,"Cass, ND",Casselton,Maple River Coop,Maple River Coop,State,,[],[8-2360],Approved,1,"10,172,000",2026,September,9
ND,"Cass, ND",Chaffee,Maple River Coop,Maple River Coop,State,,[],[8-2360],Approved,4,"360,000",2026,September,9
ND,"Cass, ND",Leonard,Maple River Coop,Maple River Coop,State,,[],[8-2360],Approved,5,"1,051,000",2026,September,9
ND,"Cass, ND",Lynchburg,Maple River Coop,Maple River Coop,State,,[],[8-2360],Approved,3,"569,000",2026,September,9
ND,"Cass, ND",Prosper,Maple River Coop,Maple River Coop,State,,[],[8-2360],Approved,2,"1,038,000",2026,September,9
KS,"Lane, KS",HEALY,"Bartlett Grain Company, LLC",BARTLETT ELEVATOR (WESTERN),Federal,I - Issued,[3-9601],[8-2368],Approved,11,"1,210,000",2026,September,9
ID,"Elmore, ID",GLENNS FERRY,"The Andersons, Inc.",The Andersons Grain ID Elevators,Federal,I - Issued,[3-10187],[8-2370],Approved,2,"524,000",2026,September,9
ID,"Gooding, ID",BLISS,"The Andersons, Inc.",The Andersons Grain ID Elevators,Federal,I - Issued,[3-10187],[8-2370],Approved,1,"10,028,000",2026,September,9
ID,"Jefferson, ID",HAMER,"The Andersons, Inc.",The Andersons Grain ID Elevators,Federal,I - Issued,[3-10187],[8-2370],Approved,8,"887,000",2026,September,9
ID,"Power, ID",AMERICAN FALLS,"The Andersons, Inc.",The Andersons Grain ID Elevators,Federal,I - Issued,[3-10187],[8-2370],Approved,7,"1,763,000",2026,September,9
ID,"Twin Falls, ID",BUHL,"The Andersons, Inc.",The Andersons Grain ID Elevators,Federal,I - Issued,[3-10187],[8-2370],Approved,4,"720,000",2026,September,9
ID,"Twin Falls, ID",HANSEN,"The Andersons, Inc.",The Andersons Grain ID Elevators,Federal,I - Issued,[3-10187],[8-2370],Approved,3,"111,000",2026,September,9
IL,"Clay, IL",XENIA,Archer-Daniels-Midland Company,ADM /dba TABOR GRAIN CO,State,,[],[8-2377],Approved,1,"1,420,000",2026,September,9
IL,"Livingston, IL",DWIGHT,"Prairie Central Cooperative, Inc.","PRAIRIE CENTRAL COOPERATIVE, INC.",State,,[],[8-2383],Approved,11,"1,824,000",2026,September,9
IL,"Livingston, IL",Dwight,"Prairie Central Cooperative, Inc.","PRAIRIE CENTRAL COOPERATIVE, INC.",State,,[],[8-2383],Approved,10,"2,216,000",2026,September,9
IL,"Livingston, IL",Emington,"Prairie Central Cooperative, Inc.","PRAIRIE CENTRAL COOPERATIVE, INC.",State,,[],[8-2383],Approved,12,"923,000",2026,September,9
IL,"Livingston, IL",FAIRBURY,"Prairie Central Cooperative, Inc.","PRAIRIE CENTRAL COOPERATIVE, INC.",State,,[],[8-2383],Approved,7,"4,022,000",2026,September,9
IL,"Livingston, IL",FLANAGAN,"Prairie Central Cooperative, Inc.","PRAIRIE CENTRAL COOPERATIVE, INC.",State,,[],[8-2383],Approved,8,"1,804,000",2026,September,9
IL,"Livingston, IL",Pontiac,"Prairie Central Cooperative, Inc.","PRAIRIE CENTRAL COOPERATIVE, INC.",State,,[],[8-2383],Approved,2,"309,000",2026,September,9
IL,"Livingston, IL",PONTIAC,"Prairie Central Cooperative, Inc.","PRAIRIE CENTRAL COOPERATIVE, INC.",State,,[],[8-2383],Approved,6,"15,245,000",2026,September,9
IL,"Livingston, IL",Pontiac,"Prairie Central Cooperative, Inc.","PRAIRIE CENTRAL COOPERATIVE, INC.",State,,[],[8-2383],Approved,3,"1,491,000",2026,September,9
IL,"Livingston, IL",SAUNEMIN,"Prairie Central Cooperative, Inc.","PRAIRIE CENTRAL COOPERATIVE, INC.",State,,[],[8-2383],Approved,14,"1,460,000",2026,September,9
IL,"Livingston, IL",Swygert,"Prairie Central Cooperative, Inc.","PRAIRIE CENTRAL COOPERATIVE, INC.",State,,[],[8-2383],Approved,15,"1,113,000",2026,September,9
IL,"Livingston, IL",WING,"Prairie Central Cooperative, Inc.","PRAIRIE CENTRAL COOPERATIVE, INC.",State,,[],[8-2383],Approved,13,"1,863,000",2026,September,9
IL,"McLean, IL",Chenoa,"Prairie Central Cooperative, Inc.","PRAIRIE CENTRAL COOPERATIVE, INC.",State,,[],[8-2383],Approved,1,"4,440,000",2026,September,9
IL,"McLean, IL",Chenoa,"Prairie Central Cooperative, Inc.","PRAIRIE CENTRAL COOPERATIVE, INC.",State,,[],[8-2383],Approved,4,"1,690,000",2026,September,9
IL,"McLean, IL",Chenoa,"Prairie Central Cooperative, Inc.","PRAIRIE CENTRAL COOPERATIVE, INC.",State,,[],[8-2383],Approved,5,"4,390,000",2026,September,9
IL,"McLean, IL",LEXINGTON,"Prairie Central Cooperative, Inc.","PRAIRIE CENTRAL COOPERATIVE, INC.",State,,[],[8-2383],Approved,9,"2,702,000",2026,September,9
OH,"Champaign, OH",Urbana,"Premier Grain, LLC",PREMIER GRAIN LLC,State,,[],[8-2385],Approved,6,"16,000",2026,September,9
OH,"Clinton, OH",MELVIN,"Premier Grain, LLC",PREMIER GRAIN LLC,State,,[],[8-2385],Approved,2,"3,854,000",2026,September,9
OH,"Clinton, OH",SABINA,"Premier Grain, LLC",PREMIER GRAIN LLC,State,,[],[8-2385],Approved,1,"493,000",2026,September,9
OH,"Greene, OH",Jamestown,"Premier Grain, LLC",PREMIER GRAIN LLC,State,,[],[8-2385],Approved,4,"423,000",2026,September,9
OH,"Highland, OH",Leesburg,"Premier Grain, LLC",PREMIER GRAIN LLC,State,,[],[8-2385],Approved,5,"247,000",2026,September,9
OH,"Ross, OH",South Salem (Lyndon),"Premier Grain, LLC",PREMIER GRAIN LLC,State,,[],[8-2385],Approved,7,"150,000",2026,September,9
IL,,DECATUR,Archer-Daniels-Midland Company,"ARCHER DANIELS MIDLAND COMPANY, DBA ADM/",State,,[],[8-2388],Approved,1,"14,326,000",2026,September,9
IA,"Buchanan, IA",WINTHROP,"FAIRCHILD FEED & SUPPLY, INC.","FAIRCHILD FEED & SUPPLY, INC.",State,,[],[8-2390],Authorized,1,"294,000",2026,September,9
OH,"Montgomery, OH",Germantown,"Ro-Lin Farm Services, Inc.","Ro-Lin Farm Services, Inc.",State,,[],[8-2392],Approved,1,"1,387,000",2026,September,9
NC,"Hyde, NC",Swan Quarter,"Lake Phelps Grain, Inc.",LAKE PHELPS GRAIN ELEVATOR,Federal,I - Issued,[3-9757],[8-2400],Approved,2,"473,000",2026,September,9
NC,"Martin, NC",Williamston,"Lake Phelps Grain, Inc.",LAKE PHELPS GRAIN ELEVATOR,Federal,I - Issued,[3-9757],[8-2400],Approved,3,"1,380,000",2026,September,9
NC,"Washington, NC",Creswell,"Lake Phelps Grain, Inc.",LAKE PHELPS GRAIN ELEVATOR,Federal,I - Issued,[3-9757],[8-2400],Approved,1,"1,454,000",2026,September,9
NC,"Wilson, NC",Wilson,"Lake Phelps Grain, Inc.",LAKE PHELPS GRAIN ELEVATOR,Federal,I - Issued,[3-9757],[8-2400],Approved,4,"1,194,000",2026,September,9
MS,"Sunflower, MS",Indianola,"Delta Western Grain, Inc.","DELTA WESTERN GRAIN, INC.",State,,[],[8-2426],Approved,1,"3,771,000",2026,September,9
IL,"Logan, IL",Lincoln,Burtonview Co-op,BURTONVIEW COOP,State,,[],[8-2432],Approved,1,"1,724,000",2026,September,9
KS,"Barber, KS",HARDTNER,"CoMark Equity Alliance, LLC",CoMark Equity Alliance Elevators,Federal,I - Issued,[3-10148],[8-2457],Approved,40,"472,000",2026,September,9
KS,"Barber, KS",HAZELTON,"CoMark Equity Alliance, LLC",CoMark Equity Alliance Elevators,Federal,I - Issued,[3-10148],[8-2457],Approved,41,"832,000",2026,September,9
KS,"Barber, KS",KIOWA,"CoMark Equity Alliance, LLC",CoMark Equity Alliance Elevators,Federal,I - Issued,[3-10148],[8-2457],Approved,42,"1,386,000",2026,September,9
MT,,DEVON,"SCHULZ GRAIN & TRADING CO, INC.",SCHULZ GRAIN - DEVON ELEVATOR,State,,[],[8-2480],Approved,1,,2026,September,9
ID,"Benewah, ID",PLUMMER (TILMA),"Stateline Processors, Inc.","Stateline Processors, Inc.",State,,[],[8-2484],Approved,3,"363,000",2026,September,9
WA,"Whitman, WA",TEKOA,"Stateline Processors, Inc.","Stateline Processors, Inc.",State,,[],[8-2484],Approved,2,"242,000",2026,September,9
WA,"Whitman, WA",TILMA,"Stateline Processors, Inc.","Stateline Processors, Inc.",State,,[],[8-2484],Approved,1,"168,000",2026,September,9
NE,"Dixon, NE",EMERSON,"MID PLAINS GRAIN, LLC","MID PLAINS GRAIN, LLC",State,,[],[8-2486],Approved,1,,2026,September,9
NE,"Thurston, NE",WALTHILL,"MID PLAINS GRAIN, LLC","MID PLAINS GRAIN, LLC",State,,[],[8-2486],Approved,2,,2026,September,9
NE,"Wayne, NE",WAYNE,"MID PLAINS GRAIN, LLC","MID PLAINS GRAIN, LLC",State,,[],[8-2486],Approved,3,,2026,September,9
AR,"Randolph, AR",POCAHONTAS,"Baltz Feed Company, Inc.",Baltz Elevator,Federal,I - Issued,[3-7341],[8-2496],Approved,1,"369,000",2026,September,9
MO,"Butler, MO",NEELYVILLE,"Baltz Feed Company, Inc.",Baltz Elevator,Federal,I - Issued,[3-7341],[8-2496],Approved,2,"530,000",2026,September,9
AR,"Randolph, AR",POCAHONTAS,Farm Service Integrated LLC,Farm Service Elevator,Federal,P - Pending,[3-10239],[8-2496P],Pending,1,"369,000",2026,September,9
MO,"Butler, MO",NEELYVILLE,Farm Service Integrated LLC,Farm Service Elevator,Federal,P - Pending,[3-10239],[8-2496P],Pending,2,"530,000",2026,September,9
IN,"Knox, IN",MONROE CITY,"Anson Farm Services, LLC","ANSON FARM SERVICES, LLC",State,,[],[8-2516],Approved,1,,2026,September,9
IN,"Knox, IN",VINCENNES  (FRITCHTON),"Anson Farm Services, LLC","ANSON FARM SERVICES, LLC",State,,[],[8-2516],Approved,2,,2026,September,9
AR,"White, AR",GRIFFITHVILLE,"Riceland Foods, Inc.",GRIFFITHVILLE GRAIN WAREHOUSE,Federal,I - Issued,[3-6797],[8-2517],Approved,1,"1,078,000",2026,September,9
AR,"Cross, AR",FAIR OAKS,"Producers Rice Mill, Inc.",Producers Warehouse,Federal,I - Issued,[3-6134],[8-2520],Approved,2,"3,421,000",2026,September,9
AR,"Cross, AR",WYNNE,"Producers Rice Mill, Inc.",Producers Warehouse,Federal,I - Issued,[3-6134],[8-2520],Approved,1,"5,352,000",2026,September,9
AR,"Cross, AR",Wynne,"Producers Rice Mill, Inc.",Producers Warehouse,Federal,I - Issued,[3-6134],[8-2520],Approved,7,"557,000",2026,September,9
AR,"Mississippi, AR",WILSON,"Producers Rice Mill, Inc.",Producers Warehouse,Federal,I - Issued,[3-6134],[8-2520],Approved,6,"742,000",2026,September,9
AR,"Poinsett, AR",TYRONZA,"Producers Rice Mill, Inc.",Producers Warehouse,Federal,I - Issued,[3-6134],[8-2520],Approved,5,"1,720,000",2026,September,9
AR,"Woodruff, AR",PENROSE,"Producers Rice Mill, Inc.",Producers Warehouse,Federal,I - Issued,[3-6134],[8-2520],Approved,3,"308,000",2026,September,9
AR,"Prairie, AR",DES ARC,"Riceland Foods, Inc.",DES ARC RICE WAREHOUSE,Federal,I - Issued,[3-4095],[8-2523],Approved,1,"3,078,000",2026,September,9
AR,"Desha, AR",DUMAS,"Riceland Foods, Inc.",Dumas Rice Warehouse,Federal,I - Issued,[3-4096],[8-2524],Approved,1,"3,675,000",2026,September,9
AR,"Cross, AR",FAIR OAKS,"Riceland Foods, Inc.",Fair Oaks Rice Warehouse,Federal,I - Issued,[3-4097],[8-2525],Approved,1,"2,330,000",2026,September,9
AR,"Prairie, AR",HAZEN,"Riceland Foods, Inc.",HAZEN RICE WAREHOUSE,Federal,I - Issued,[3-4098],[8-2526],Approved,1,"4,042,000",2026,September,9
AR,"Cross, AR",HICKORY RIDGE,"Riceland Foods, Inc.",HICKORY RIDGE RICE WAREHOUSE,Federal,I - Issued,[3-4099],[8-2527],Approved,1,"2,923,000",2026,September,9
AR,"Craighead, AR",JONESBORO,"Riceland Foods, Inc.",JONESBORO RICE WAREHOUSE,Federal,I - Issued,[3-4066],[8-2528],Approved,1,"17,098,000",2026,September,9
AR,"Lonoke, AR",LONOKE,"Riceland Foods, Inc.",LONOKE RICE WAREHOUSE,Federal,I - Issued,[3-4100],[8-2529],Approved,1,"4,533,000",2026,September,9
AR,"Desha, AR",MCGEHEE,"Riceland Foods, Inc.",MCGEHEE RICE WAREHOUSE,Federal,I - Issued,[3-4101],[8-2530],Approved,1,"2,693,000",2026,September,9
AR,"Poinsett, AR",WEINER,"Riceland Foods, Inc.",WEINER RICE WAREHOUSE,Federal,I - Issued,[3-4104],[8-2532],Approved,1,"5,573,000",2026,September,9
AR,"St. Francis, AR",WHEATLEY,"Riceland Foods, Inc.",WHEATLEY RICE WAREHOUSE,Federal,I - Issued,[3-4105],[8-2533],Approved,1,"8,768,000",2026,September,9
AR,"Jackson, AR",NEWPORT,"Riceland Foods, Inc.",Jackson County Rice Warehouse,Federal,I - Issued,[3-6800],[8-2534],Approved,1,"2,633,000",2026,September,9
AR,"Arkansas, AR",DEWITT,"Producers Rice Mill, Inc.",Producers Warehouse,Federal,I - Issued,[3-2968],[8-2537],Approved,2,"3,114,000",2026,September,9
AR,"Arkansas, AR",INDIANA SWITCH,"Producers Rice Mill, Inc.",Producers Warehouse,Federal,I - Issued,[3-2968],[8-2537],Approved,3,"2,210,000",2026,September,9
AR,"Arkansas, AR",Stuttgart,"Producers Rice Mill, Inc.",Producers Warehouse,Federal,I - Issued,[3-2968],[8-2537],Approved,1,"18,062,000",2026,September,9
AR,"Jefferson, AR",PINE BLUFF,"Producers Rice Mill, Inc.",Producers Warehouse,Federal,I - Issued,[3-2968],[8-2537],Approved,4,"1,964,000",2026,September,9
AR,"Crawford, AR",VAN BUREN,Consolidated Grain and Barge Co.,CGB ELEVATORS,Federal,I - Issued,[3-10064],[8-2540],Approved,4,"837,000",2026,September,9
NE,"Thurston, NE",PENDER,"Pender Grain Elevator, Inc.","PENDER GRAIN ELEVATOR, INC.",State,,[],[8-2541],Approved,1,,2026,September,9
NE,"Thurston, NE",THURSTON,"Pender Grain Elevator, Inc.","PENDER GRAIN ELEVATOR, INC.",State,,[],[8-2541],Approved,2,"2,171,807",2026,September,9
AR,"Prairie, AR",HAZEN,"Riviana Foods, Inc.",Hazen Warehouse,Federal,I - Issued,[3-9209],[8-2554],Approved,1,"626,000",2026,September,9
AR,"Clay, AR",CORNING,"Riceland Foods, Inc.",CORNING RICE WAREHOUSE,Federal,I - Issued,[3-4094],[8-2556],Approved,1,"5,167,000",2026,September,9
AR,,PARKIN,"Riceland Foods, Inc.",EAST ARKANSAS RICE WAREHOUSE,Federal,I - Issued,[3-4103],[8-2558],Approved,1,"3,104,000",2026,September,9
KY,"Union, KY",UNIONTOWN,Consolidated Grain and Barge Co.,CGB Elevators,Federal,I - Issued,[3-10191],[8-2568],Approved,7,"2,540,000",2026,September,9
AR,"Monroe, AR",Holly Grove,"Riceland Foods, Inc.",HOLLY GROVE GRAIN WAREHOUSE,Federal,I - Issued,[3-5000],[8-2569],Approved,1,"828,000",2026,September,9
AR,"Jefferson, AR",ALTHEIMER,"Riceland Foods, Inc.",ALTHEIMER GRAIN WAREHOUSE,Federal,I - Issued,[3-4997],[8-2573],Approved,1,"1,235,000",2026,September,9
AR,"Arkansas, AR",GILLETT,"Riceland Foods, Inc.",GILLETT GRAIN WAREHOUSE,Federal,I - Issued,[3-4999],[8-2582],Approved,1,"864,000",2026,September,9
AR,"Jackson, AR",TUCKERMAN,"Riceland Foods, Inc.",TUCKERMAN RICE WAREHOUSE,Federal,I - Issued,[3-4567],[8-2584],Approved,1,"3,710,000",2026,September,9
AR,"Greene, AR",DELAPLAINE,"Riceland Foods, Inc.",DELAPLAINE GRAIN WAREHOUSE,Federal,I - Issued,[3-5199],[8-2588],Approved,1,"782,000",2026,September,9
AR,"White, AR",BRADFORD,"Riceland Foods, Inc.",WHITE COUNTY GRAIN WAREHOUSE,Federal,I - Issued,[3-4754],[8-2607],Approved,1,"354,000",2026,September,9
TX,"Ochiltree, TX",WAKA,Consolidated Grain and Barge Co.,CGB Elevators,Federal,I - Issued,[3-10134],[8-2610],Approved,17,"1,404,000",2026,September,9
IL,"Iroquois, IL",Hoopeston,"Stockland Grain Company, Inc.","STOCKLAND GRAIN COMPANY, INC.",State,,[],[8-2613],Approved,3,"472,000",2026,September,9
IL,"Iroquois, IL",MILFORD,"Stockland Grain Company, Inc.","STOCKLAND GRAIN COMPANY, INC.",State,,[],[8-2613],Approved,2,"1,537,000",2026,September,9
IL,"Iroquois, IL",Milford,"Stockland Grain Company, Inc.","STOCKLAND GRAIN COMPANY, INC.",State,,[],[8-2613],Approved,4,"679,000",2026,September,9
IL,"Iroquois, IL",Stockland,"Stockland Grain Company, Inc.","STOCKLAND GRAIN COMPANY, INC.",State,,[],[8-2613],Approved,1,"2,813,000",2026,September,9
AR,"Poinsett, AR",HARRISBURG,"Southern Rice & Cotton, LLC",SOUTHERN RICE & COTTON WAREHOUSE,Federal,I - Issued,[3-9773],[8-2618],Approved,1,"2,643,000",2026,September,9
WI,"Chippewa, WI",Bloomer,River Country Co-op,River Country Co-Op Elevator,Federal,I - Issued,[3-10177],[8-2621],Approved,1,"3,119,000",2026,September,9
WI,"Chippewa, WI",Boyd,River Country Co-op,River Country Co-Op Elevator,Federal,I - Issued,[3-10177],[8-2621],Approved,2,"493,000",2026,September,9
WI,"Clark, WI",Dorchester,River Country Co-op,River Country Co-Op Elevator,Federal,I - Issued,[3-10177],[8-2621],Approved,3,"2,263,000",2026,September,9
WI,"Clark, WI",OWEN,River Country Co-op,River Country Co-Op Elevator,Federal,I - Issued,[3-10177],[8-2621],Approved,7,"135,000",2026,September,9
WI,"Marathon, WI",ATHENS,River Country Co-op,River Country Co-Op Elevator,Federal,I - Issued,[3-10177],[8-2621],Approved,4,"438,000",2026,September,9
WI,"Marathon, WI",BROKAW,River Country Co-op,River Country Co-Op Elevator,Federal,I - Issued,[3-10177],[8-2621],Approved,5,"2,240,000",2026,September,9
WI,"Marathon, WI",EDGAR,River Country Co-op,River Country Co-Op Elevator,Federal,I - Issued,[3-10177],[8-2621],Approved,10,"247,000",2026,September,9
WI,"Marathon, WI",MARATHON CITY,River Country Co-op,River Country Co-Op Elevator,Federal,I - Issued,[3-10177],[8-2621],Approved,11,"1,396,000",2026,September,9
WI,"Rusk, WI",SHELDON,River Country Co-op,River Country Co-Op Elevator,Federal,I - Issued,[3-10177],[8-2621],Approved,6,"679,000",2026,September,9
WI,"Lafayette, WI",SHULLSBURG,"Bunge USA Grain, LLC",Bunge Midwest River Elevators,Federal,I - Issued,[3-9862],[8-2624],Approved,10,"5,458,000",2026,September,9
AR,"Arkansas, AR",Stuttgart,Riceland Seed Company,STRATTON SEED COMPANY ELEVATOR,Federal,I - Issued,[3-9281],[8-2630],Approved,1,"5,033,000",2026,September,9
AR,"Lonoke, AR",CARLISLE,Riceland Seed Company,STRATTON SEED COMPANY ELEVATOR,Federal,I - Issued,[3-9281],[8-2630],Approved,2,"617,000",2026,September,9
AR,"Crittenden, AR",WEST MEMPHIS,Consolidated Grain and Barge Co.,CGB Elevators,Federal,I - Issued,[3-8965],[8-2638],Approved,27,"599,000",2026,September,9
KY,"Fulton, KY",HICKMAN,Consolidated Grain and Barge Co.,CGB Elevators,Federal,I - Issued,[3-8965],[8-2638],Approved,26,"1,451,000",2026,September,9
MO,"New Madrid, MO",PORTAGEVILLE,Consolidated Grain and Barge Co.,CGB Elevators,Federal,I - Issued,[3-8965],[8-2638],Approved,24,"2,759,000",2026,September,9
TN,"Dyer, TN",BOOTHSPOINT,Consolidated Grain and Barge Co.,CGB Elevators,Federal,I - Issued,[3-8965],[8-2638],Approved,25,"2,298,000",2026,September,9
IA,"Chickasaw, IA",NASHUA,"The Mill, Inc.","THE MILL, INC.",State,,[],[8-2639],Approved,2,"12,000",2026,September,9
IA,"Floyd, IA",Charles City,"The Mill, Inc.","THE MILL, INC.",State,,[],[8-2639],Approved,3,"984,000",2026,September,9
IA,"Floyd, IA",COLWELL,"The Mill, Inc.","THE MILL, INC.",State,,[],[8-2639],Approved,1,"766,000",2026,September,9
WI,"Ashland, WI",ASHLAND,Synergy Community Cooperative,SYNERGY COMMUNITY COOPERATIVE,State,,[],[8-2650],Approved,5,"14,900",2026,September,9
WI,"Barron, WI",ALMENA,Synergy Community Cooperative,SYNERGY COMMUNITY COOPERATIVE,State,,[],[8-2650],Approved,6,"2,269,100",2026,September,9
WI,"Barron, WI",CAMERON,Synergy Community Cooperative,SYNERGY COMMUNITY COOPERATIVE,State,,[],[8-2650],Approved,4,,2026,September,9
WI,"Barron, WI",CHETEK,Synergy Community Cooperative,SYNERGY COMMUNITY COOPERATIVE,State,,[],[8-2650],Approved,2,,2026,September,9
WI,"Barron, WI",RICE LAKE,Synergy Community Cooperative,SYNERGY COMMUNITY COOPERATIVE,State,,[],[8-2650],Approved,3,,2026,September,9
WI,"Dunn, WI",ELK MOUND,Synergy Community Cooperative,SYNERGY COMMUNITY COOPERATIVE,State,,[],[8-2650],Approved,7,"418,700",2026,September,9
WI,"Dunn, WI",RIDGELAND,Synergy Community Cooperative,SYNERGY COMMUNITY COOPERATIVE,State,,[],[8-2650],Approved,1,,2026,September,9
AR,"Arkansas, AR",STUTTGART,"Riceland Foods, Inc.",STUTTGART GRAIN WAREHOUSE,Federal,I - Issued,[3-4655],[8-2662],Approved,1,"22,518,000",2026,September,9
OK,"Caddo, OK",HINTON,CHS Inc.,CHS Southern Plains Elevators,Federal,I - Issued,[3-10231],[8-2677],Approved,23,"587,000",2026,September,9
OK,"Canadian, OK",OKARCHE,CHS Inc.,CHS Southern Plains Elevators,Federal,I - Issued,[3-10231],[8-2677],Approved,18,"891,000",2026,September,9
OK,"Canadian, OK",PIEDMONT,CHS Inc.,CHS Southern Plains Elevators,Federal,I - Issued,[3-10231],[8-2677],Approved,19,"252,000",2026,September,9
OK,"Kingfisher, OK",HENNESSEY,CHS Inc.,CHS Southern Plains Elevators,Federal,I - Issued,[3-10231],[8-2677],Approved,20,"309,000",2026,September,9
OK,"Kingfisher, OK",KINGFISHER,CHS Inc.,CHS Southern Plains Elevators,Federal,I - Issued,[3-10231],[8-2677],Approved,21,"1,542,000",2026,September,9
OK,"Kingfisher, OK",OMEGA,CHS Inc.,CHS Southern Plains Elevators,Federal,I - Issued,[3-10231],[8-2677],Approved,22,"255,000",2026,September,9
OK,"Tillman, OK",Davidson,CHS Inc.,CHS Southern Plains Elevators,Federal,I - Issued,[3-10231],[8-2677],Approved,25,"518,000",2026,September,9
OK,"Tillman, OK",Frederick,CHS Inc.,CHS Southern Plains Elevators,Federal,I - Issued,[3-10231],[8-2677],Approved,24,"687,000",2026,September,9
KS,"Brown, KS",Morrill,"Morrill Elevator, Inc.","Morrill Elevator, Inc.",State,,[],[8-2686],Authorized,1,"1,344,000",2026,September,9
AR,"Desha, AR",PENDLETON,"Riceland Foods, Inc.",PENDLETON GRAIN WAREHOUSE,Federal,I - Issued,[3-7446],[8-2710],Approved,1,"1,716,000",2026,September,9
AR,"Clay, AR",KNOBEL,"Riceland Foods, Inc.",KNOBEL GRAIN WAREHOUSE,Federal,I - Issued,[3-9736],[8-2719],Approved,1,"808,000",2026,September,9
MS,"Leflore, MS",GREENWOOD,"Farmers Grain Terminal, Inc.",Farmers Grain Warehouse,Federal,I - Issued,[3-5711],[8-2728],Approved,7,"3,400,000",2026,September,9
AR,"Woodruff, AR",MCCRORY,"Morris Granary, Inc.","MORRIS GRANARY, INC. WAREHOUSE",Federal,I - Issued,[3-6971],[8-2732],Approved,1,"1,977,000",2026,September,9
AR,"Craighead, AR",JONESBORO,"Busch Agricultural Resources, LLC",JONESBORO RICE MILL ELEVATOR,Federal,I - Issued,[3-8379],[8-2751],Approved,1,"1,066,000",2026,September,9
AR,"Woodruff, AR",MCCRORY,"Farmers Granary, Inc.","Farmers Granary, Inc. Warehouse",Federal,I - Issued,[3-7083],[8-2772],Approved,2,"1,985,000",2026,September,9
AR,"Woodruff, AR",PATTERSON,"Farmers Granary, Inc.","Farmers Granary, Inc. Warehouse",Federal,I - Issued,[3-7083],[8-2772],Approved,1,"4,114,000",2026,September,9
AR,"Drew, AR",Jerome,Alice-Sidney Dryer & Seed Limited Liability Partnership,Alice-Sidney Dryer & Seed Co. Warehouse,Federal,I - Issued,[3-9692],[8-2778],Approved,1,"2,420,000",2026,September,9
TX,"Jackson, TX",El Toro,Premier Grains LLC,Premier Grains Elevator,Federal,I - Issued,[3-10151],[8-2786],Approved,2,"965,000",2026,September,9
TX,"Jackson, TX",Ganado,Premier Grains LLC,Premier Grains Elevator,Federal,I - Issued,[3-10151],[8-2786],Approved,1,"716,000",2026,September,9
IA,"Crawford, IA",DOW CITY,"Cogdill Farm Supply, Inc.",COGDILL ELEVATOR,Federal,I - Issued,[3-7221],[8-2802],Approved,2,"1,128,000",2026,September,9
IA,"Harrison, IA",DUNLAP,"Cogdill Farm Supply, Inc.",COGDILL ELEVATOR,Federal,I - Issued,[3-7221],[8-2802],Approved,1,"1,807,000",2026,September,9
IA,"Harrison, IA",LOGAN,"Cogdill Farm Supply, Inc.",COGDILL ELEVATOR,Federal,I - Issued,[3-7221],[8-2802],Approved,5,"1,486,000",2026,September,9
IA,"Monona, IA",SOLDIER,"Cogdill Farm Supply, Inc.",COGDILL ELEVATOR,Federal,I - Issued,[3-7221],[8-2802],Approved,3,"1,751,000",2026,September,9
IA,"Shelby, IA",JACKSONVILLE,"Cogdill Farm Supply, Inc.",COGDILL ELEVATOR,Federal,I - Issued,[3-7221],[8-2802],Approved,6,"1,811,000",2026,September,9
IA,"Black Hawk, IA",Cedar Falls,Mid-Iowa Cooperative,Mid-Iowa Cooperative Elevators,Federal,I - Issued,[3-10183],[8-2817],Approved,13,"965,000",2026,September,9
IA,"Black Hawk, IA",Hudson,Mid-Iowa Cooperative,Mid-Iowa Cooperative Elevators,Federal,I - Issued,[3-10183],[8-2817],Approved,15,"1,267,000",2026,September,9
IA,"Black Hawk, IA",La Porte City,Mid-Iowa Cooperative,Mid-Iowa Cooperative Elevators,Federal,I - Issued,[3-10183],[8-2817],Approved,14,"4,898,000",2026,September,9
IA,"Black Hawk, IA",Waterloo,Mid-Iowa Cooperative,Mid-Iowa Cooperative Elevators,Federal,I - Issued,[3-10183],[8-2817],Approved,12,"589,000",2026,September,9
IA,"Buchanan, IA",Jesup,Mid-Iowa Cooperative,Mid-Iowa Cooperative Elevators,Federal,I - Issued,[3-10183],[8-2817],Approved,11,"1,618,000",2026,September,9
IA,"Butler, IA",Parkersburg,Mid-Iowa Cooperative,Mid-Iowa Cooperative Elevators,Federal,I - Issued,[3-10183],[8-2817],Approved,17,"3,714,000",2026,September,9
IA,"Delaware, IA",EARLVILLE,Mid-Iowa Cooperative,Mid-Iowa Cooperative Elevators,Federal,I - Issued,[3-10183],[8-2817],Approved,18,"1,855,000",2026,September,9
IA,"Delaware, IA",EDGEWOOD,Mid-Iowa Cooperative,Mid-Iowa Cooperative Elevators,Federal,I - Issued,[3-10183],[8-2817],Approved,20,"2,083,000",2026,September,9
IA,"Grundy, IA",Beaman,Mid-Iowa Cooperative,Mid-Iowa Cooperative Elevators,Federal,I - Issued,[3-10183],[8-2817],Approved,5,"1,753,000",2026,September,9
IA,"Grundy, IA",Conrad,Mid-Iowa Cooperative,Mid-Iowa Cooperative Elevators,Federal,I - Issued,[3-10183],[8-2817],Approved,1,"2,435,000",2026,September,9
IA,"Grundy, IA",Holland,Mid-Iowa Cooperative,Mid-Iowa Cooperative Elevators,Federal,I - Issued,[3-10183],[8-2817],Approved,10,"5,069,000",2026,September,9
IA,"Hardin, IA",BUCKEYE,Mid-Iowa Cooperative,Mid-Iowa Cooperative Elevators,Federal,I - Issued,[3-10183],[8-2817],Approved,19,"1,795,000",2026,September,9
IA,"Marshall, IA",Green Mountain,Mid-Iowa Cooperative,Mid-Iowa Cooperative Elevators,Federal,I - Issued,[3-10183],[8-2817],Approved,7,"3,041,000",2026,September,9
IA,"Marshall, IA",Haverhill,Mid-Iowa Cooperative,Mid-Iowa Cooperative Elevators,Federal,I - Issued,[3-10183],[8-2817],Approved,3,"3,131,000",2026,September,9
IA,"Marshall, IA",Liscomb,Mid-Iowa Cooperative,Mid-Iowa Cooperative Elevators,Federal,I - Issued,[3-10183],[8-2817],Approved,6,"5,461,000",2026,September,9
IA,"Marshall, IA",State Center,Mid-Iowa Cooperative,Mid-Iowa Cooperative Elevators,Federal,I - Issued,[3-10183],[8-2817],Approved,16,"531,000",2026,September,9
IA,"Tama, IA",Toledo,Mid-Iowa Cooperative,Mid-Iowa Cooperative Elevators,Federal,I - Issued,[3-10183],[8-2817],Approved,9,"6,369,000",2026,September,9
IA,"Shelby, IA",PANAMA,"Cogdill Farm Supply, Inc.",COGDILL ELEVATOR,Federal,I - Issued,[3-7221],[8-2839],Approved,4,"952,000",2026,September,9
IA,"Calhoun, IA",MANSON,Pro Cooperative,Pro Cooperative Elevators,Federal,I - Issued,[3-6372],[8-2845],Approved,9,"4,525,000",2026,September,9
IA,"Dickinson, IA",TERRIL,Pro Cooperative,Pro Cooperative Elevators,Federal,I - Issued,[3-6372],[8-2845],Approved,12,"3,975,000",2026,September,9
IA,"Emmet, IA",WALLINGFORD,Pro Cooperative,Pro Cooperative Elevators,Federal,I - Issued,[3-6372],[8-2845],Approved,13,"1,629,000",2026,September,9
IA,"Humboldt, IA",BRADGATE,Pro Cooperative,Pro Cooperative Elevators,Federal,I - Issued,[3-6372],[8-2845],Approved,4,"1,731,000",2026,September,9
IA,"Humboldt, IA",PIONEER,Pro Cooperative,Pro Cooperative Elevators,Federal,I - Issued,[3-6372],[8-2845],Approved,2,"3,126,000",2026,September,9
IA,"Humboldt, IA",RUTLAND,Pro Cooperative,Pro Cooperative Elevators,Federal,I - Issued,[3-6372],[8-2845],Approved,5,"2,269,000",2026,September,9
IA,"Palo Alto, IA",AYRSHIRE,Pro Cooperative,Pro Cooperative Elevators,Federal,I - Issued,[3-6372],[8-2845],Approved,14,"1,748,000",2026,September,9
IA,"Palo Alto, IA",GRAETTINGER,Pro Cooperative,Pro Cooperative Elevators,Federal,I - Issued,[3-6372],[8-2845],Approved,10,"3,674,000",2026,September,9
IA,"Palo Alto, IA",RUTHVEN,Pro Cooperative,Pro Cooperative Elevators,Federal,I - Issued,[3-6372],[8-2845],Approved,11,"3,263,000",2026,September,9
IA,"Pocahontas, IA",GILMORE CITY,Pro Cooperative,Pro Cooperative Elevators,Federal,I - Issued,[3-6372],[8-2845],Approved,1,"327,000",2026,September,9
IA,"Pocahontas, IA",HAVELOCK,Pro Cooperative,Pro Cooperative Elevators,Federal,I - Issued,[3-6372],[8-2845],Approved,8,"3,571,000",2026,September,9
IA,"Pocahontas, IA",PLOVER,Pro Cooperative,Pro Cooperative Elevators,Federal,I - Issued,[3-6372],[8-2845],Approved,7,"1,453,000",2026,September,9
IA,"Pocahontas, IA",POCAHONTAS,Pro Cooperative,Pro Cooperative Elevators,Federal,I - Issued,[3-6372],[8-2845],Approved,6,"2,723,000",2026,September,9
IA,"Pocahontas, IA",ROLFE,Pro Cooperative,Pro Cooperative Elevators,Federal,I - Issued,[3-6372],[8-2845],Approved,3,"4,049,000",2026,September,9
IA,"Hardin, IA",Iowa Falls,Buckingham Co-operative Co.,Buckingham Co-operative Co.,State,,[],[8-2854],Approved,2,"546,000",2026,September,9
IA,"Tama, IA",Buckingham,Buckingham Co-operative Co.,Buckingham Co-operative Co.,State,,[],[8-2854],Approved,1,"3,866,000",2026,September,9
IL,"Iroquois, IL",BEAVERVILLE,"Prairie Creek Grain Company, Inc.","PRAIRIE CREEK GRAIN COMPANY, INC.",State,,[],[8-2858],Approved,8,"568,000",2026,September,9
IL,"Iroquois, IL",PAPINEAU,"Prairie Creek Grain Company, Inc.","PRAIRIE CREEK GRAIN COMPANY, INC.",State,,[],[8-2858],Approved,5,"904,000",2026,September,9
IL,"Kankakee, IL",CHEBANSE,"Prairie Creek Grain Company, Inc.","PRAIRIE CREEK GRAIN COMPANY, INC.",State,,[],[8-2858],Approved,4,"4,166,000",2026,September,9
IL,"Kankakee, IL",Kankakee,"Prairie Creek Grain Company, Inc.","PRAIRIE CREEK GRAIN COMPANY, INC.",State,,[],[8-2858],Approved,10,"239,000",2026,September,9
IL,"Kankakee, IL",MOMENCE,"Prairie Creek Grain Company, Inc.","PRAIRIE CREEK GRAIN COMPANY, INC.",State,,[],[8-2858],Approved,9,"826,000",2026,September,9
IL,"Kankakee, IL",Momence,"Prairie Creek Grain Company, Inc.","PRAIRIE CREEK GRAIN COMPANY, INC.",State,,[],[8-2858],Approved,6,"1,506,000",2026,September,9
IL,"Kankakee, IL",UNION HILL,"Prairie Creek Grain Company, Inc.","PRAIRIE CREEK GRAIN COMPANY, INC.",State,,[],[8-2858],Approved,2,"1,739,000",2026,September,9
IL,"Will, IL",ELWOOD,"Prairie Creek Grain Company, Inc.","PRAIRIE CREEK GRAIN COMPANY, INC.",State,,[],[8-2858],Approved,1,"5,102,000",2026,September,9
IL,"Will, IL",JOLIET,"Prairie Creek Grain Company, Inc.","PRAIRIE CREEK GRAIN COMPANY, INC.",State,,[],[8-2858],Approved,7,"47,000",2026,September,9
IL,"Will, IL",PEOTONE,"Prairie Creek Grain Company, Inc.","PRAIRIE CREEK GRAIN COMPANY, INC.",State,,[],[8-2858],Approved,3,"2,385,000",2026,September,9
AR,"Cross, AR",Wynne,"Erwin-Keith, Inc.","Erwin-Keith, Inc. Elevator",Federal,I - Issued,[3-9581],[8-2920],Approved,1,"2,853,000",2026,September,9
AR,"Cross, AR",Wynne,"Erwin-Keith, Inc.","Erwin-Keith, Inc. Elevator",Federal,I - Issued,[3-9581],[8-2920],Approved,3,"3,517,000",2026,September,9
AR,"Poinsett, AR",Marked Tree,"Erwin-Keith, Inc.","Erwin-Keith, Inc. Elevator",Federal,I - Issued,[3-9581],[8-2920],Approved,4,"3,256,000",2026,September,9
AR,"Poinsett, AR",WALDENBURG,"Erwin-Keith, Inc.","Erwin-Keith, Inc. Elevator",Federal,I - Issued,[3-9581],[8-2920],Approved,5,"125,000",2026,September,9
AR,"Woodruff, AR",McCrory,"Erwin-Keith, Inc.","Erwin-Keith, Inc. Elevator",Federal,I - Issued,[3-9581],[8-2920],Approved,2,"1,253,000",2026,September,9
AR,"Lonoke, AR",CARLISLE,"Riviana Foods, Inc.",Carlisle Warehouse,Federal,I - Issued,[3-8911],[8-2924],Approved,1,"478,000",2026,September,9
AR,,PORTIA,"Agri Marketing, Inc.",PORTIA GRAIN ELEVATOR,State,,[],[8-2953],Authorized,1,"968,000",2026,September,9
IA,"Delaware, IA",HOPKINTON,"Hopkinton Feed & Grain, Inc.",Hopkinton Elevator,Federal,I - Issued,[3-9084],[8-2976],Approved,1,"453,000",2026,September,9
CA,"Sutter, CA",ROBBINS,"Premium Rice Group, LLC",Premium Rice Group Warehouse,Unlicensed,,[],[8-2981],Approved,1,"1,319,000",2026,September,9
NE,"Buffalo, NE",Elm Creek,"KAAPA ETHANOL COMMODITIES, LLC",KAAPA ETHANOL ELEVATOR,Federal,I - Issued,[3-10166],[8-2983],Approved,1,"7,511,000",2026,September,9
AR,"Arkansas, AR",DEWITT,"Cormier Rice Milling Co., Inc.",CORMIER RICE MILL WAREHOUSE,Federal,I - Issued,[3-5604],[8-2991],Approved,1,"938,000",2026,September,9
IL,"Iroquois, IL",CRESCENT CITY,WHEATFIELD GRAIN COMPANY LLC,WHEATFIELD GRAIN COMPANY LLC,State,,[],[8-2994],Authorized,1,"1,962,000",2026,September,9
IL,"Iroquois, IL",ONARGA,WHEATFIELD GRAIN COMPANY LLC,WHEATFIELD GRAIN COMPANY LLC,State,,[],[8-2994],Authorized,2,"262,000",2026,September,9
IL,,MENDOTA,Archer-Daniels-Midland Company,ARCHER-DANIELS-MIDLAND COMPANY,State,,[],[8-2997],Approved,1,"954,000",2026,September,9
IA,"Lyon, IA",DOON,Doon Elevator Company,DOON ELEVATOR COMPANY,State,,[],[8-2999],Approved,1,"1,761,000",2026,September,9
IA,"Sioux, IA",BOYDEN,Doon Elevator Company,DOON ELEVATOR COMPANY,State,,[],[8-2999],Approved,2,"547,000",2026,September,9
KS,"Reno, KS",Abbyville,The Farmers Cooperative Grain Company,Abbyville Coop Elevator,Federal,I - Issued,[3-4573],[8-3004],Approved,1,"1,966,000",2026,September,9
KS,"Reno, KS",ARLINGTON,The Farmers Cooperative Grain Company,Abbyville Coop Elevator,Federal,I - Issued,[3-4573],[8-3004],Approved,2,"560,000",2026,September,9
IA,"Chickasaw, IA",New Hampton,"Qualley Feed & Grain, Inc.","Qualley Feed & Grain, Inc.",State,,[],[8-3006],Approved,1,"1,213,000",2026,September,9
IA,"Benton, IA",VINTON,Tama-Benton Cooperative Company,Tama-Benton Coop Elevator,Federal,I - Issued,[3-6956],[8-3012],Approved,2,"2,464,000",2026,September,9
IA,"Tama, IA",CLUTIER,Tama-Benton Cooperative Company,Tama-Benton Coop Elevator,Federal,I - Issued,[3-6956],[8-3012],Approved,3,"1,146,000",2026,September,9
IA,"Tama, IA",DYSART,Tama-Benton Cooperative Company,Tama-Benton Coop Elevator,Federal,I - Issued,[3-6956],[8-3012],Approved,1,"1,993,000",2026,September,9
AR,"Clay, AR",Corning,"Poinsett Rice and Grain, Inc.",Poinsett Rice & Grain Warehouse,Federal,I - Issued,[3-8679],[8-3015],Approved,4,"869,000",2026,September,9
AR,"Cross, AR",Cherry Valley,"Poinsett Rice and Grain, Inc.",Poinsett Rice & Grain Warehouse,Federal,I - Issued,[3-8679],[8-3015],Approved,5,"1,947,000",2026,September,9
AR,"Jackson, AR",Diaz,"Poinsett Rice and Grain, Inc.",Poinsett Rice & Grain Warehouse,Federal,I - Issued,[3-8679],[8-3015],Approved,2,"3,105,000",2026,September,9
AR,"Mississippi, AR",Osceola,"Poinsett Rice and Grain, Inc.",Poinsett Rice & Grain Warehouse,Federal,I - Issued,[3-8679],[8-3015],Approved,3,"1,692,000",2026,September,9
AR,"Phillips, AR",Helena,"Poinsett Rice and Grain, Inc.",Poinsett Rice & Grain Warehouse,Federal,I - Issued,[3-8679],[8-3015],Approved,7,"149,000",2026,September,9
AR,"Poinsett, AR",Marked Tree,"Poinsett Rice and Grain, Inc.",Poinsett Rice & Grain Warehouse,Federal,I - Issued,[3-8679],[8-3015],Approved,6,"4,326,000",2026,September,9
AR,"Poinsett, AR",Waldenburg,"Poinsett Rice and Grain, Inc.",Poinsett Rice & Grain Warehouse,Federal,I - Issued,[3-8679],[8-3015],Approved,1,"4,565,000",2026,September,9
MO,"New Madrid, MO",Marston,"Poinsett Rice and Grain, Inc.",Poinsett Rice & Grain Warehouse,Federal,I - Issued,[3-8679],[8-3015],Approved,9,"1,962,000",2026,September,9
MO,"Stoddard, MO",Essex,"Poinsett Rice and Grain, Inc.",Poinsett Rice & Grain Warehouse,Federal,I - Issued,[3-8679],[8-3015],Approved,8,"736,000",2026,September,9
KS,"Cowley, KS",ARKANSAS CITY,"CoMark Equity Alliance, LLC",CoMark Equity Alliance Elevators,Federal,I - Issued,[3-10148],[8-3038],Approved,2,"236,000",2026,September,9
KS,"Cowley, KS",UDALL,"CoMark Equity Alliance, LLC",CoMark Equity Alliance Elevators,Federal,I - Issued,[3-10148],[8-3038],Approved,4,"448,000",2026,September,9
KS,"Sumner, KS",GEUDA SPRINGS,"CoMark Equity Alliance, LLC",CoMark Equity Alliance Elevators,Federal,I - Issued,[3-10148],[8-3038],Approved,3,"955,000",2026,September,9
KS,"Sumner, KS",RR ARKANSAS CITY,"CoMark Equity Alliance, LLC",CoMark Equity Alliance Elevators,Federal,I - Issued,[3-10148],[8-3038],Approved,19,"517,000",2026,September,9
OK,"Kay, OK",NEWKIRK,"CoMark Equity Alliance, LLC",CoMark Equity Alliance Elevators,Federal,I - Issued,[3-10148],[8-3038],Approved,18,"629,000",2026,September,9
OK,"Noble, OK",MARLAND,"CoMark Equity Alliance, LLC",CoMark Equity Alliance Elevators,Federal,I - Issued,[3-10148],[8-3038],Approved,17,"788,000",2026,September,9
KS,"Anderson, KS",Garnett,"Valley R Agri-Service, Inc.","Valley R Agri-Service, Inc.",State,,[],[8-3059],Approved,1,"489,000",2026,September,9
IA,"Henry, IA",MOUNT UNION,"Prairie Ag Commodities, Inc.",PRAIRIE AG COMMODITIES ELEVATOR,Federal,I - Issued,[3-10152],[8-3064],Approved,1,"1,734,000",2026,September,9
IA,"Henry, IA",WINFIELD,"Prairie Ag Commodities, Inc.",PRAIRIE AG COMMODITIES ELEVATOR,Federal,I - Issued,[3-10152],[8-3064],Approved,2,"812,000",2026,September,9
KS,"Rawlins, KS",Atwood,"The Beardsley Equity Cooperative Association, Incorporated",BEARDSLEY EQUITY COOPERATIVE ASSOCIATION,State,,[],[8-3072],Approved,1,"4,308,000",2026,September,9
IL,"Edgar, IL",HUME,Archer-Daniels-Midland Company,ARCHER-DANIELS-MIDLAND COMPANY,State,,[],[8-3077],Approved,1,"1,053,000",2026,September,9
IN,"Kosciusko, IN",LEESBURG,"CERESERV, INC.","Cereserv, Inc.",State,,[],[8-3078],Approved,1,,2026,September,9
IN,"Marshall, IN",BREMEN,"CERESERV, INC.","Cereserv, Inc.",State,,[],[8-3078],Approved,2,,2026,September,9
IL,"Iroquois, IL",Darrow (Sheldon),Primary Products Grain LLC,Primary Products Grain LLC,State,,[],[8-3079],Approved,11,"5,433,000",2026,September,9
IL,"Iroquois, IL",Pittwood,Primary Products Grain LLC,Primary Products Grain LLC,State,,[],[8-3079],Approved,12,"2,378,000",2026,September,9
IL,"Iroquois, IL",Watseka,Primary Products Grain LLC,Primary Products Grain LLC,State,,[],[8-3079],Approved,13,"1,460,000",2026,September,9
KS,"Atchison, KS",Lancaster,"AgMark, LLC","AGMARK, LLC.",State,,[],[8-3080],Approved,63,"1,331,000",2026,September,9
KS,"Clay, KS",Clifton,"AgMark, LLC","AGMARK, LLC.",State,,[],[8-3080],Approved,27,"1,561,000",2026,September,9
KS,"Clay, KS",MILTONVALE,"AgMark, LLC","AGMARK, LLC.",State,,[],[8-3080],Approved,20,"862,000",2026,September,9
KS,"Cloud, KS",Clay Center,"AgMark, LLC","AGMARK, LLC.",State,,[],[8-3080],Approved,18,"5,340,000",2026,September,9
KS,"Cloud, KS",CLYDE,"AgMark, LLC","AGMARK, LLC.",State,,[],[8-3080],Approved,23,"1,853,000",2026,September,9
KS,"Cloud, KS",Concordia,"AgMark, LLC","AGMARK, LLC.",State,,[],[8-3080],Approved,1,"15,119,000",2026,September,9
KS,"Cloud, KS",Jamestown,"AgMark, LLC","AGMARK, LLC.",State,,[],[8-3080],Approved,13,"1,164,000",2026,September,9
KS,"Coffey, KS",BURLINGTON,"AgMark, LLC","AGMARK, LLC.",State,,[],[8-3080],Approved,26,"343,000",2026,September,9
KS,"Coffey, KS",WAVERLY,"AgMark, LLC","AGMARK, LLC.",State,,[],[8-3080],Approved,51,"463,000",2026,September,9
KS,"Douglas, KS",LAWRENCE,"AgMark, LLC","AGMARK, LLC.",State,,[],[8-3080],Approved,37,"1,358,000",2026,September,9
KS,"Douglas, KS",MIDLAND,"AgMark, LLC","AGMARK, LLC.",State,,[],[8-3080],Approved,41,"710,000",2026,September,9
KS,"Franklin, KS",LELOUP,"AgMark, LLC","AGMARK, LLC.",State,,[],[8-3080],Approved,38,"2,047,000",2026,September,9
KS,"Franklin, KS",OTTAWA,"AgMark, LLC","AGMARK, LLC.",State,,[],[8-3080],Approved,44,"1,467,000",2026,September,9
KS,"Jackson, KS",Holton,"AgMark, LLC","AGMARK, LLC.",State,,[],[8-3080],Approved,62,"745,000",2026,September,9
KS,"Jefferson, KS",Meriden,"AgMark, LLC","AGMARK, LLC.",State,,[],[8-3080],Approved,64,"256,000",2026,September,9
KS,"Jewell, KS",JEWELL,"AgMark, LLC","AGMARK, LLC.",State,,[],[8-3080],Approved,16,"2,430,000",2026,September,9
KS,"Jewell, KS",RANDALL,"AgMark, LLC","AGMARK, LLC.",State,,[],[8-3080],Approved,14,"1,433,000",2026,September,9
KS,"Johnson, KS",EDGERTON,"AgMark, LLC","AGMARK, LLC.",State,,[],[8-3080],Approved,30,"490,000",2026,September,9
KS,"Johnson, KS",Spring Hill,"AgMark, LLC","AGMARK, LLC.",State,,[],[8-3080],Approved,61,"141,000",2026,September,9
KS,"Lincoln, KS",Lincoln,"AgMark, LLC","AGMARK, LLC.",State,,[],[8-3080],Approved,9,"1,938,000",2026,September,9
KS,"Mitchell, KS",Asherville (Beloit),"AgMark, LLC","AGMARK, LLC.",State,,[],[8-3080],Approved,17,"1,394,000",2026,September,9
KS,"Mitchell, KS",BELOIT,"AgMark, LLC","AGMARK, LLC.",State,,[],[8-3080],Approved,2,"3,920,000",2026,September,9
KS,"Mitchell, KS",Glen Elder,"AgMark, LLC","AGMARK, LLC.",State,,[],[8-3080],Approved,12,"10,599,000",2026,September,9
KS,"Mitchell, KS",Hunter,"AgMark, LLC","AGMARK, LLC.",State,,[],[8-3080],Approved,3,"1,398,000",2026,September,9
KS,"Mitchell, KS",Tipton,"AgMark, LLC","AGMARK, LLC.",State,,[],[8-3080],Approved,8,"1,282,000",2026,September,9
KS,"Osage, KS",BURLINGAME,"AgMark, LLC","AGMARK, LLC.",State,,[],[8-3080],Approved,25,"917,000",2026,September,9
KS,"Osage, KS",MELVERN,"AgMark, LLC","AGMARK, LLC.",State,,[],[8-3080],Approved,40,"212,000",2026,September,9
KS,"Osage, KS",OVERBROOK,"AgMark, LLC","AGMARK, LLC.",State,,[],[8-3080],Approved,45,"1,404,000",2026,September,9
KS,"Osage, KS",SCRANTON,"AgMark, LLC","AGMARK, LLC.",State,,[],[8-3080],Approved,48,"989,000",2026,September,9
KS,"Ottawa, KS",Delphos,"AgMark, LLC","AGMARK, LLC.",State,,[],[8-3080],Approved,66,"3,375,000",2026,September,9
KS,"Phillips, KS",Agra,"AgMark, LLC","AGMARK, LLC.",State,,[],[8-3080],Approved,22,"942,000",2026,September,9
KS,"Phillips, KS",GLADE,"AgMark, LLC","AGMARK, LLC.",State,,[],[8-3080],Approved,32,"809,000",2026,September,9
KS,"Phillips, KS",GRETNA (Phillipsburg),"AgMark, LLC","AGMARK, LLC.",State,,[],[8-3080],Approved,54,"1,048,000",2026,September,9
KS,"Phillips, KS",KIRWIN,"AgMark, LLC","AGMARK, LLC.",State,,[],[8-3080],Approved,36,"609,000",2026,September,9
KS,"Phillips, KS",LOGAN,"AgMark, LLC","AGMARK, LLC.",State,,[],[8-3080],Approved,56,"1,992,000",2026,September,9
KS,"Phillips, KS",PHILLIPSBURG,"AgMark, LLC","AGMARK, LLC.",State,,[],[8-3080],Approved,57,"763,000",2026,September,9
KS,"Phillips, KS",PRAIRIE VIEW,"AgMark, LLC","AGMARK, LLC.",State,,[],[8-3080],Approved,58,"136,000",2026,September,9
KS,"Phillips, KS",SPEED,"AgMark, LLC","AGMARK, LLC.",State,,[],[8-3080],Approved,59,"257,000",2026,September,9
KS,"Phillips, KS",West Phillipsburg,"AgMark, LLC","AGMARK, LLC.",State,,[],[8-3080],Approved,49,"876,000",2026,September,9
KS,"Republic, KS",BELLEVILLE,"AgMark, LLC","AGMARK, LLC.",State,,[],[8-3080],Approved,24,"4,663,000",2026,September,9
KS,"Republic, KS",COURTLAND,"AgMark, LLC","AGMARK, LLC.",State,,[],[8-3080],Approved,29,"8,611,000",2026,September,9
KS,"Republic, KS",Narka,"AgMark, LLC","AGMARK, LLC.",State,,[],[8-3080],Approved,42,"4,020,000",2026,September,9
KS,"Republic, KS",Norway,"AgMark, LLC","AGMARK, LLC.",State,,[],[8-3080],Approved,43,"1,513,000",2026,September,9
KS,"Riley, KS",Leonardville,"AgMark, LLC","AGMARK, LLC.",State,,[],[8-3080],Approved,19,"1,346,000",2026,September,9
KS,"Shawnee, KS",PAULINE,"AgMark, LLC","AGMARK, LLC.",State,,[],[8-3080],Approved,46,"988,000",2026,September,9
KS,"Smith, KS",ATHOL,"AgMark, LLC","AGMARK, LLC.",State,,[],[8-3080],Approved,21,"1,877,000",2026,September,9
KS,"Smith, KS",CEDAR,"AgMark, LLC","AGMARK, LLC.",State,,[],[8-3080],Approved,52,"842,000",2026,September,9
KS,"Smith, KS",GAYLORD,"AgMark, LLC","AGMARK, LLC.",State,,[],[8-3080],Approved,65,"1,019,000",2026,September,9
KS,"Smith, KS",KENSINGTON,"AgMark, LLC","AGMARK, LLC.",State,,[],[8-3080],Approved,35,"1,013,000",2026,September,9
KS,"Smith, KS",SMITH CENTER,"AgMark, LLC","AGMARK, LLC.",State,,[],[8-3080],Approved,53,"2,292,000",2026,September,9
KS,"Washington, KS",Greenleaf,"AgMark, LLC","AGMARK, LLC.",State,,[],[8-3080],Approved,33,"893,000",2026,September,9
KS,"Washington, KS",Haddam,"AgMark, LLC","AGMARK, LLC.",State,,[],[8-3080],Approved,34,"2,208,000",2026,September,9
KS,"Washington, KS",Linn Junction,"AgMark, LLC","AGMARK, LLC.",State,,[],[8-3080],Approved,55,"4,543,000",2026,September,9
KS,"Barber, KS",SHARON,"CoMark Equity Alliance, LLC",CoMark Equity Alliance Elevators,Federal,I - Issued,[3-10148],[8-3096],Approved,24,"587,000",2026,September,9
KS,"Harper, KS",ANTHONY,"CoMark Equity Alliance, LLC",CoMark Equity Alliance Elevators,Federal,I - Issued,[3-10148],[8-3096],Approved,20,"1,475,000",2026,September,9
KS,"Harper, KS",ATTICA,"CoMark Equity Alliance, LLC",CoMark Equity Alliance Elevators,Federal,I - Issued,[3-10148],[8-3096],Approved,21,"1,093,000",2026,September,9
KS,"Harper, KS",DUQUOIN,"CoMark Equity Alliance, LLC",CoMark Equity Alliance Elevators,Federal,I - Issued,[3-10148],[8-3096],Approved,22,"607,000",2026,September,9
KS,"Harper, KS",HARPER,"CoMark Equity Alliance, LLC",CoMark Equity Alliance Elevators,Federal,I - Issued,[3-10148],[8-3096],Approved,23,"1,089,000",2026,September,9
KS,"Harper, KS",SHOOK,"CoMark Equity Alliance, LLC",CoMark Equity Alliance Elevators,Federal,I - Issued,[3-10148],[8-3096],Approved,25,"352,000",2026,September,9
KS,"Harper, KS",SPRING,"CoMark Equity Alliance, LLC",CoMark Equity Alliance Elevators,Federal,I - Issued,[3-10148],[8-3096],Approved,26,"413,000",2026,September,9
OK,"Grant, OK",MANCHESTER,"CoMark Equity Alliance, LLC",CoMark Equity Alliance Elevators,Federal,I - Issued,[3-10148],[8-3096],Approved,188,"1,144,000",2026,September,9
IA,"Allamakee, IA",New Albin,Farmers Union Cooperative,Farmers Union Cooperative,State,,[],[8-3097],Approved,7,"168,000",2026,September,9
IA,"Allamakee, IA",Postville,Farmers Union Cooperative,Farmers Union Cooperative,State,,[],[8-3097],Approved,5,"516,000",2026,September,9
IA,"Delaware, IA",Manchester,Farmers Union Cooperative,Farmers Union Cooperative,State,,[],[8-3097],Approved,6,"920,000",2026,September,9
IA,"Fayette, IA",Waucoma,Farmers Union Cooperative,Farmers Union Cooperative,State,,[],[8-3097],Approved,2,"866,000",2026,September,9
IA,"Fayette, IA",West Union,Farmers Union Cooperative,Farmers Union Cooperative,State,,[],[8-3097],Approved,4,"146,000",2026,September,9
IA,"Winneshiek, IA",Fort Atkinson,Farmers Union Cooperative,Farmers Union Cooperative,State,,[],[8-3097],Approved,3,"1,875,000",2026,September,9
IA,"Winneshiek, IA",Ossian,Farmers Union Cooperative,Farmers Union Cooperative,State,,[],[8-3097],Approved,1,"2,203,000",2026,September,9
OK,,MANGUM,"Helena Agri-Enterprises, LLC","Helena Agri-Enterprises, LLC",State,,[],[8-3099],Approved,1,"260,000",2026,September,9
AR,"Craighead, AR",JONESBORO,"Windmill Rice Company, LLC","WINDMILL RICE COMPANY, LLC WAREHOUSE",Federal,I - Issued,[3-9850],[8-3105],Approved,1,"2,150,000",2026,September,9
ND,"Dickey, ND",OAKES,James Valley Grain LLC,James Valley Grain Elevators,Federal,I - Issued,[3-9870],[8-3108],Approved,1,"13,739,000",2026,September,9
ND,"La Moure, ND",BERLIN,James Valley Grain LLC,James Valley Grain Elevators,Federal,I - Issued,[3-9870],[8-3108],Approved,3,"1,224,000",2026,September,9
ND,"La Moure, ND",VERONA,James Valley Grain LLC,James Valley Grain Elevators,Federal,I - Issued,[3-9870],[8-3108],Approved,2,"5,758,000",2026,September,9
KS,"Rawlins, KS",Atwood,"McDougal-Sager and Snodgrass Grain, Inc.","McDougal-Sager and Snodgrass Grain, Inc.",State,,[],[8-3110],Approved,1,"2,899,000",2026,September,9
KS,"Ford, KS",DODGE CITY,Archer-Daniels-Midland Company,ADM Grain Western Region Elevators,Federal,I - Issued,[3-9670],[8-3118],Approved,3,"1,539,000",2026,September,9
MT,"Big Horn, MT",HARDIN,"Bunge USA Grain, LLC",Bunge Montana Elevators,Federal,I - Issued,[3-9861],[8-3119],Approved,5,"2,519,000",2026,September,9
MT,"Yellowstone, MT",HUNTLEY,"Bunge USA Grain, LLC",Bunge Montana Elevators,Federal,I - Issued,[3-9861],[8-3119],Approved,7,"2,316,000",2026,September,9
WI,"Dane, WI",ARLINGTON,"Bunge USA Grain, LLC",Bunge Wisconsin Interior Elevators,Federal,I - Issued,[3-9855],[8-3120],Approved,3,"786,000",2026,September,9
WI,"Dane, WI",CAMBRIDGE,"Bunge USA Grain, LLC",Bunge Wisconsin Interior Elevators,Federal,I - Issued,[3-9855],[8-3120],Approved,7,"5,037,000",2026,September,9
WI,"Dane, WI",KEYESER,"Bunge USA Grain, LLC",Bunge Wisconsin Interior Elevators,Federal,I - Issued,[3-9855],[8-3120],Approved,2,"3,195,000",2026,September,9
WI,"Dane, WI",MT. HOREB,"Bunge USA Grain, LLC",Bunge Wisconsin Interior Elevators,Federal,I - Issued,[3-9855],[8-3120],Approved,6,"819,000",2026,September,9
WI,"Dane, WI",WAUNAKEE,"Bunge USA Grain, LLC",Bunge Wisconsin Interior Elevators,Federal,I - Issued,[3-9855],[8-3120],Approved,1,"2,375,000",2026,September,9
MS,"Bolivar, MS",ROSEDALE,"Farmers Grain Terminal, Inc.",Farmers Grain Warehouse,Federal,I - Issued,[3-5711],[8-3126],Approved,10,"1,924,000",2026,September,9
IA,"Webster, IA",Gowrie,"Bruntlett Elevator, Inc.","BRUNTLETT ELEVATOR, INC.",State,,[],[8-3136],Approved,1,"964,000",2026,September,9
IL,"Christian, IL",TAYLORVILLE,Archer-Daniels-Midland Company,ARCHER -DANIELS-MIDLAND COMPANY,State,,[],[8-3138],Approved,1,,2026,September,9
AR,"Phillips, AR",HELENA,Consolidated Grain and Barge Co.,CGB Elevators,Federal,I - Issued,[3-10192],[8-3143],Approved,2,"2,573,000",2026,September,9
AR,"Phillips, AR",OLD TOWNE,Consolidated Grain and Barge Co.,CGB Elevators,Federal,I - Issued,[3-10192],[8-3143],Approved,3,"1,299,000",2026,September,9
MS,"Coahoma, MS",FRIARSPOINT,Consolidated Grain and Barge Co.,CGB Elevators,Federal,I - Issued,[3-10192],[8-3143],Approved,4,"2,345,000",2026,September,9
IN,"Bartholomew, IN",ELIZABETHTOWN,Consolidated Grain and Barge Co.,CGB Elevators,Federal,I - Issued,[3-9257],[8-3145],Approved,11,"254,000",2026,September,9
MN,"Kittson, MN",LAKE BRONSON,"LAKE BRONSON ELEVATOR, INC.","LAKE BRONSON ELEVATOR, INC.",State,,[],[8-3148],Authorized,1,"293,598",2026,September,9
KS,"Allen, KS",HUMBOLDT,"Beachner Grain, Inc.","Beachner Grain, Inc.",State,,[],[8-3152],Approved,12,"787,000",2026,September,9
KS,"Anderson, KS",GARNETT,"Beachner Grain, Inc.","Beachner Grain, Inc.",State,,[],[8-3152],Approved,18,"924,000",2026,September,9
KS,"Anderson, KS",GREELEY,"Beachner Grain, Inc.","Beachner Grain, Inc.",State,,[],[8-3152],Approved,19,"152,000",2026,September,9
KS,"Anderson, KS",HARRIS,"Beachner Grain, Inc.","Beachner Grain, Inc.",State,,[],[8-3152],Approved,20,"447,000",2026,September,9
KS,"Anderson, KS",KINCAID,"Beachner Grain, Inc.","Beachner Grain, Inc.",State,,[],[8-3152],Approved,21,"574,000",2026,September,9
KS,"Bourbon, KS",BRONSON,"Beachner Grain, Inc.","Beachner Grain, Inc.",State,,[],[8-3152],Approved,14,"341,000",2026,September,9
KS,"Crawford, KS",WALNUT,"Beachner Grain, Inc.","Beachner Grain, Inc.",State,,[],[8-3152],Approved,5,"971,000",2026,September,9
KS,"Franklin, KS",RICHMOND,"Beachner Grain, Inc.","Beachner Grain, Inc.",State,,[],[8-3152],Approved,13,"345,000",2026,September,9
KS,"Labette, KS",ALTAMONT,"Beachner Grain, Inc.","Beachner Grain, Inc.",State,,[],[8-3152],Approved,3,"371,000",2026,September,9
KS,"Labette, KS",PARSONS,"Beachner Grain, Inc.","Beachner Grain, Inc.",State,,[],[8-3152],Approved,1,"2,474,000",2026,September,9
KS,"Linn, KS",LA CYGNE,"Beachner Grain, Inc.","Beachner Grain, Inc.",State,,[],[8-3152],Approved,16,"565,000",2026,September,9
KS,"Linn, KS",MOUND CITY,"Beachner Grain, Inc.","Beachner Grain, Inc.",State,,[],[8-3152],Approved,22,"719,000",2026,September,9
KS,"Miami, KS",PAOLA,"Beachner Grain, Inc.","Beachner Grain, Inc.",State,,[],[8-3152],Approved,23,"844,000",2026,September,9
KS,"Montgomery, KS",INDEPENDENCE,"Beachner Grain, Inc.","Beachner Grain, Inc.",State,,[],[8-3152],Approved,8,"377,000",2026,September,9
KS,"Neosho, KS",CHANUTE,"Beachner Grain, Inc.","Beachner Grain, Inc.",State,,[],[8-3152],Approved,7,"1,790,000",2026,September,9
KS,"Neosho, KS",ERIE,"Beachner Grain, Inc.","Beachner Grain, Inc.",State,,[],[8-3152],Approved,4,"217,000",2026,September,9
KS,"Neosho, KS",ERIE (NEOSHO VALLEY),"Beachner Grain, Inc.","Beachner Grain, Inc.",State,,[],[8-3152],Approved,6,"332,000",2026,September,9
KS,"Neosho, KS",ST. PAUL,"Beachner Grain, Inc.","Beachner Grain, Inc.",State,,[],[8-3152],Approved,11,"311,000",2026,September,9
KS,"Neosho, KS",THAYER,"Beachner Grain, Inc.","Beachner Grain, Inc.",State,,[],[8-3152],Approved,10,"251,000",2026,September,9
KS,"Wilson, KS",Fredonia,"Beachner Grain, Inc.","Beachner Grain, Inc.",State,,[],[8-3152],Approved,25,"1,603,000",2026,September,9
KS,"Wilson, KS",NEODESHA,"Beachner Grain, Inc.","Beachner Grain, Inc.",State,,[],[8-3152],Approved,9,"1,465,000",2026,September,9
KS,"Dickinson, KS",Abilene,ADM MILLING CO.,ADM Elevator,Federal,I - Issued,[3-5720],[8-3161],Approved,1,"2,229,000",2026,September,9
TX,"Collingsworth, TX",WELLINGTON,"Helena Agri-Enterprises, LLC","Helena Agri-Enterprises, LLC Elevator",Federal,I - Issued,[3-10080],[8-3178],Approved,1,"335,000",2026,September,9
KS,"Barton, KS",BEAVER,"Beaver Grain Corporation, Inc.",BEAVER GRAIN ELEVATOR,Federal,I - Issued,[3-4476],[8-3179],Approved,1,"533,000",2026,September,9
KS,"Barton, KS",CLAFLIN,"Beaver Grain Corporation, Inc.",BEAVER GRAIN ELEVATOR,Federal,I - Issued,[3-4476],[8-3179],Approved,2,"209,000",2026,September,9
WI,"Grant, WI",HAZEL GREEN,"Bunge USA Grain, LLC",Bunge Midwest River Elevators,Federal,I - Issued,[3-9862],[8-3182],Approved,3,"505,000",2026,September,9
SD,"Yankton, SD",Yankton,YANKTON AG SERVICE INC.,YANKTON AG SERVICE INC.,State,,[],[8-3185],Authorized,1,"610,000",2026,September,9
MT,"Flathead, MT",KALISPELL,CHS Inc.,CHS Elevators,Federal,I - Issued,[1-0299],[8-3190],Approved,40,"467,000",2026,September,9
IA,"Keokuk, IA",Harper,"W.C.  Gretter & Sons, Inc.","W.C. GRETTER & SONS, INC.",State,,[],[8-3194],Approved,1,"1,910,000",2026,September,9
KS,"Ness, KS",BAZINE,The Cooperative Grain and Supply Company,CO-OP ELEVATOR,Federal,I - Issued,[3-3702],[8-3201],Approved,1,"2,622,000",2026,September,9
IA,"Hamilton, IA",HIGHVIEW,United Cooperative,United Coop Elevators,Federal,I - Issued,[3-6925],[8-3209],Approved,2,"2,944,000",2026,September,9
IA,"Hamilton, IA",KAMRAR,United Cooperative,United Coop Elevators,Federal,I - Issued,[3-6925],[8-3209],Approved,3,"1,383,000",2026,September,9
IA,"Hamilton, IA",STONEGA,United Cooperative,United Coop Elevators,Federal,I - Issued,[3-6925],[8-3209],Approved,4,"1,310,000",2026,September,9
IA,"Hamilton, IA",STRATFORD,United Cooperative,United Coop Elevators,Federal,I - Issued,[3-6925],[8-3209],Approved,5,"2,891,000",2026,September,9
IA,"Hamilton, IA",WEBSTER CITY,United Cooperative,United Coop Elevators,Federal,I - Issued,[3-6925],[8-3209],Approved,1,"634,000",2026,September,9
IA,"Des Moines, IA",BURLINGTON,Archer-Daniels-Midland Company,ADM Grain Co. - Burlington Elevators,Federal,I - Issued,[3-9755],[8-3214],Approved,3,"2,145,000",2026,September,9
IN,"St. Joseph, IN",NEW CARLISLE,"Bunge USA Grain, LLC",Bunge Indiana Elevators,Federal,I - Issued,[3-9859],[8-3220],Approved,18,"3,838,000",2026,September,9
MI,"Hillsdale, MI",READING,"The Andersons, Inc.","THE ANDERSONS, INC.",State,,[],[8-3223],Approved,1,,2026,September,9
KS,"Cheyenne, KS",ST FRANCIS,The Hi-Plains Cooperative Association,The Hi-Plains Cooperative Association,State,,[],[8-3230],Approved,9,"2,144,000",2026,September,9
KS,"Decatur, KS",Dresden,The Hi-Plains Cooperative Association,The Hi-Plains Cooperative Association,State,,[],[8-3230],Approved,3,"870,000",2026,September,9
KS,"Gove, KS",Grainfield,The Hi-Plains Cooperative Association,The Hi-Plains Cooperative Association,State,,[],[8-3230],Approved,6,"1,901,000",2026,September,9
KS,"Gove, KS",Park,The Hi-Plains Cooperative Association,The Hi-Plains Cooperative Association,State,,[],[8-3230],Approved,7,"1,342,000",2026,September,9
KS,"Rawlins, KS",McDonald,The Hi-Plains Cooperative Association,The Hi-Plains Cooperative Association,State,,[],[8-3230],Approved,4,"980,000",2026,September,9
KS,"Sheridan, KS",Hoxie,The Hi-Plains Cooperative Association,The Hi-Plains Cooperative Association,State,,[],[8-3230],Approved,5,"2,795,000",2026,September,9
KS,"Sheridan, KS",Selden,The Hi-Plains Cooperative Association,The Hi-Plains Cooperative Association,State,,[],[8-3230],Approved,2,"1,001,000",2026,September,9
KS,"Thomas, KS",Gem,The Hi-Plains Cooperative Association,The Hi-Plains Cooperative Association,State,,[],[8-3230],Approved,1,"1,873,000",2026,September,9
KS,"Thomas, KS",Levant,The Hi-Plains Cooperative Association,The Hi-Plains Cooperative Association,State,,[],[8-3230],Approved,8,"1,480,000",2026,September,9
ID,"Oneida, ID",MALAD CITY,Idaho Milling & Grain LLC,IDAHO MILLING & GRAIN LLC,State,,[],[8-3232],Approved,1,"499,697",2026,September,9
ID,"Clearwater, ID",CAVENDISH,CHS Inc.,CHS Elevators,Federal,I - Issued,[1-0299],[8-3233],Approved,19,"286,000",2026,September,9
ID,"Idaho, ID",COTTONWOOD,CHS Inc.,CHS Elevators,Federal,I - Issued,[1-0299],[8-3233],Approved,14,"463,000",2026,September,9
ID,"Idaho, ID",FENN,CHS Inc.,CHS Elevators,Federal,I - Issued,[1-0299],[8-3233],Approved,15,"624,000",2026,September,9
ID,"Idaho, ID",GRANGEVILLE,CHS Inc.,CHS Elevators,Federal,I - Issued,[1-0299],[8-3233],Approved,16,"621,000",2026,September,9
ID,"Idaho, ID",KAMIAH (Winona),CHS Inc.,CHS Elevators,Federal,I - Issued,[1-0299],[8-3233],Approved,17,"257,000",2026,September,9
ID,"Kootenai, ID",WORLEY,CHS Inc.,CHS Elevators,Federal,I - Issued,[1-0299],[8-3233],Approved,26,"908,000",2026,September,9
ID,"Latah, ID",ESTES,CHS Inc.,CHS Elevators,Federal,I - Issued,[1-0299],[8-3233],Approved,24,"448,000",2026,September,9
ID,"Latah, ID",JOEL,CHS Inc.,CHS Elevators,Federal,I - Issued,[1-0299],[8-3233],Approved,22,"402,000",2026,September,9
ID,"Latah, ID",KENDRICK,CHS Inc.,CHS Elevators,Federal,I - Issued,[1-0299],[8-3233],Approved,20,"486,000",2026,September,9
ID,"Latah, ID",MOSCOW,CHS Inc.,CHS Elevators,Federal,I - Issued,[1-0299],[8-3233],Approved,23,"930,000",2026,September,9
ID,"Latah, ID",TROY,CHS Inc.,CHS Elevators,Federal,I - Issued,[1-0299],[8-3233],Approved,21,"303,000",2026,September,9
ID,"Latah, ID",VIOLA,CHS Inc.,CHS Elevators,Federal,I - Issued,[1-0299],[8-3233],Approved,25,"202,000",2026,September,9
ID,"Lewis, ID",CRAIGMONT,CHS Inc.,CHS Elevators,Federal,I - Issued,[1-0299],[8-3233],Approved,12,"2,806,000",2026,September,9
ID,"Lewis, ID",NEZ PERCE,CHS Inc.,CHS Elevators,Federal,I - Issued,[1-0299],[8-3233],Approved,18,"423,000",2026,September,9
WA,"Spokane, WA",FREEMAN,CHS Inc.,CHS Elevators,Federal,I - Issued,[1-0299],[8-3233],Approved,28,"401,000",2026,September,9
WA,"Spokane, WA",ROCKFORD,CHS Inc.,CHS Elevators,Federal,I - Issued,[1-0299],[8-3233],Approved,27,"829,000",2026,September,9
KS,"Miami, KS",Bucyrus,"Guetterman Brothers Elevator, Inc.","Guetterman Brothers Elevator, Inc.",State,,[],[8-3234],Approved,1,"820,000",2026,September,9
ID,"Fremont, ID",St. Anthony,Trost Feed and Seed Company,Trost Feed and Seed,State,,[],[8-3252],Authorized,1,"700,000",2026,September,9
IN,"Gibson, IN",Francisco,WABASH VALLEY GRAIN LLC,WABASH VALLEY GRAIN LLC,State,,[],[8-3264],Authorized,3,"794,263",2026,September,9
IN,"Gibson, IN",Owensville,WABASH VALLEY GRAIN LLC,WABASH VALLEY GRAIN LLC,State,,[],[8-3264],Authorized,2,"455,688",2026,September,9
IN,"Gibson, IN",PRINCETON,WABASH VALLEY GRAIN LLC,WABASH VALLEY GRAIN LLC,State,,[],[8-3264],Authorized,1,"3,077,431",2026,September,9
ID,"Idaho, ID",BIG BUTTE  (KAMIAH),"Columbia Grain International, LLC",Columbia Grain Elevators,Federal,I - Issued,[1-0297],[8-3267],Approved,43,"298,000",2026,September,9
ID,"Idaho, ID",COTTONWOOD,"Columbia Grain International, LLC",Columbia Grain Elevators,Federal,I - Issued,[1-0297],[8-3267],Approved,41,"1,015,000",2026,September,9
ID,"Idaho, ID",FENN  (GRANGEVILLE),"Columbia Grain International, LLC",Columbia Grain Elevators,Federal,I - Issued,[1-0297],[8-3267],Approved,42,"1,265,000",2026,September,9
ID,"Idaho, ID",GRANGEVILLE,"Columbia Grain International, LLC",Columbia Grain Elevators,Federal,I - Issued,[1-0297],[8-3267],Approved,40,"912,000",2026,September,9
ID,"Lewis, ID",CRAIGMONT,"Columbia Grain International, LLC",Columbia Grain Elevators,Federal,I - Issued,[1-0297],[8-3267],Approved,37,"297,000",2026,September,9
ID,"Lewis, ID",NEZPERCE,"Columbia Grain International, LLC",Columbia Grain Elevators,Federal,I - Issued,[1-0297],[8-3267],Approved,39,"2,498,000",2026,September,9
WA,"Adams, WA",WASHTUCNA,"Columbia Grain International, LLC",Columbia Grain Elevators,Federal,I - Issued,[1-0297],[8-3277],Approved,46,"349,000",2026,September,9
WA,"Whitman, WA",PORT OF WILMA (CLARKSTON),"Columbia Grain International, LLC",Columbia Grain Elevators,Federal,I - Issued,[1-0297],[8-3277],Approved,35,"4,253,000",2026,September,9
WA,"Whitman, WA",PULLMAN,"Columbia Grain International, LLC",Columbia Grain Elevators,Federal,I - Issued,[1-0297],[8-3277],Approved,34,"264,000",2026,September,9
KS,"Finney, KS",GARDEN CITY,"Irsik & Doll Feed Services, Inc.",IRSIK AND DOLL ELEVATOR,Federal,I - Issued,[3-5912],[8-3281],Approved,3,"2,450,000",2026,September,9
KS,"Finney, KS",PIERCEVILLE,"Irsik & Doll Feed Services, Inc.",IRSIK AND DOLL ELEVATOR,Federal,I - Issued,[3-5912],[8-3281],Approved,4,"1,442,000",2026,September,9
KS,"Gray, KS",CIMARRON,"Irsik & Doll Feed Services, Inc.",IRSIK AND DOLL ELEVATOR,Federal,I - Issued,[3-5912],[8-3281],Approved,1,"1,494,000",2026,September,9
KS,"Gray, KS",INGALLS,"Irsik & Doll Feed Services, Inc.",IRSIK AND DOLL ELEVATOR,Federal,I - Issued,[3-5912],[8-3281],Approved,2,"2,273,000",2026,September,9
KS,"Haskell, KS",SUBLETTE,"Irsik & Doll Feed Services, Inc.",IRSIK AND DOLL ELEVATOR,Federal,I - Issued,[3-5912],[8-3281],Approved,5,"2,146,000",2026,September,9
IA,"Greene, IA",DANA,"Juhl Feed, Inc.",Juhl Feed Store Elevator,Federal,I - Issued,[3-9035],[8-3284],Approved,1,"1,872,000",2026,September,9
WI,"Manitowoc, WI",MARIBEL,Maribel Grain Company,MARIBEL GRAIN ELEVATOR,Federal,I - Issued,[3-9929],[8-3324],Approved,1,"547,000",2026,September,9
IL,"Carroll, IL",MILLEDGEVILLE,Tettens Grain Incorporated,Tettens Grain Incorporated,State,,[],[8-3328],Approved,4,"1,437,000",2026,September,9
IL,"Lee, IL",Dixon,Tettens Grain Incorporated,Tettens Grain Incorporated,State,,[],[8-3328],Approved,3,"1,679,000",2026,September,9
IL,"Whiteside, IL",GALT,Tettens Grain Incorporated,Tettens Grain Incorporated,State,,[],[8-3328],Approved,2,,2026,September,9
IL,"Whiteside, IL",Sterling,Tettens Grain Incorporated,Tettens Grain Incorporated,State,,[],[8-3328],Approved,1,,2026,September,9
WI,"Calumet, WI",CHILTON,Country Visions Cooperative,Country Visions Cooperative Elevators,Federal,I - Issued,[3-9916],[8-3331],Approved,1,"3,120,000",2026,September,9
WI,"Manitowoc, WI",KIEL,Country Visions Cooperative,Country Visions Cooperative Elevators,Federal,I - Issued,[3-9916],[8-3331],Approved,2,"1,134,000",2026,September,9
WI,"Manitowoc, WI",MISHICOT,Country Visions Cooperative,Country Visions Cooperative Elevators,Federal,I - Issued,[3-9916],[8-3331],Approved,5,"41,000",2026,September,9
WI,"Manitowoc, WI",VALDERS,Country Visions Cooperative,Country Visions Cooperative Elevators,Federal,I - Issued,[3-9916],[8-3331],Approved,4,"3,818,000",2026,September,9
WI,"Manitowoc, WI",WHITELAW,Country Visions Cooperative,Country Visions Cooperative Elevators,Federal,I - Issued,[3-9916],[8-3331],Approved,3,"759,000",2026,September,9
WI,"Outagamie, WI",BLACK CREEK,Country Visions Cooperative,Country Visions Cooperative Elevators,Federal,I - Issued,[3-9916],[8-3331],Approved,9,"2,032,000",2026,September,9
WI,"Sheboygan, WI",OOSTBURG,Country Visions Cooperative,Country Visions Cooperative Elevators,Federal,I - Issued,[3-9916],[8-3331],Approved,7,"1,712,000",2026,September,9
WI,"Sheboygan, WI",RANDOM LAKE,Country Visions Cooperative,Country Visions Cooperative Elevators,Federal,I - Issued,[3-9916],[8-3331],Approved,6,"2,447,000",2026,September,9
WI,"Waupaca, WI",READFIELD,Country Visions Cooperative,Country Visions Cooperative Elevators,Federal,I - Issued,[3-9916],[8-3331],Approved,8,"5,298,000",2026,September,9
IA,"Cass, IA",GRISWOLD,The Scoular Company,SCOULAR HANCOCK ELEVATORS,Federal,I - Issued,[3-10147],[8-3334],Approved,3,"3,339,000",2026,September,9
IA,"Mills, IA",EMERSON,The Scoular Company,SCOULAR HANCOCK ELEVATORS,Federal,I - Issued,[3-10147],[8-3334],Approved,6,"1,780,000",2026,September,9
IA,"Pottawattamie, IA",Hancock,The Scoular Company,SCOULAR HANCOCK ELEVATORS,Federal,I - Issued,[3-10147],[8-3334],Approved,1,"4,441,000",2026,September,9
IA,"Shelby, IA",Harlan,The Scoular Company,SCOULAR HANCOCK ELEVATORS,Federal,I - Issued,[3-10147],[8-3334],Approved,2,"2,224,000",2026,September,9
IA,"Shelby, IA",PORTSMOUTH,The Scoular Company,SCOULAR HANCOCK ELEVATORS,Federal,I - Issued,[3-10147],[8-3334],Approved,8,"1,606,000",2026,September,9
TX,"Hale, TX",HALE CENTER,"Cone, Cone and Bowerman",CONE ELEVATORS,Federal,I - Issued,[3-10132],[8-3344],Approved,2,"1,098,000",2026,September,9
TX,"Lamb, TX",AMHERST,"Cone, Cone and Bowerman",CONE ELEVATORS,Federal,I - Issued,[3-10132],[8-3344],Approved,3,"259,000",2026,September,9
TX,"Lubbock, TX",LUBBOCK,"Cone, Cone and Bowerman",CONE ELEVATORS,Federal,I - Issued,[3-10132],[8-3344],Approved,1,"3,164,000",2026,September,9
WI,"Clark, WI",OWEN,"Quality Roasting, Inc.",Quality Roasting Inc. Elevator,Federal,I - Issued,[3-9931],[8-3346],Approved,8,"639,000",2026,September,9
WI,"Manitowoc, WI",REEDSVILLE,"Quality Roasting, Inc.",Quality Roasting Inc. Elevator,Federal,I - Issued,[3-9931],[8-3346],Approved,2,"932,000",2026,September,9
WI,"Manitowoc, WI",VALDERS,"Quality Roasting, Inc.",Quality Roasting Inc. Elevator,Federal,I - Issued,[3-9931],[8-3346],Approved,1,"1,417,000",2026,September,9
MN,"Jackson, MN",LAKEFIELD,Buresch Keith,BURESCH KEITH,State,,[],[8-3388],Authorized,1,"715,000",2026,September,9
MN,"Nobles, MN",BREWSTER,RYAN HILL,RYAN HILL,State,,[],[8-3389],Authorized,1,"356,000",2026,September,9
AR,"Arkansas, AR",Tichnor,Tichnor Grain LLC,Tichnor Grain LLC,State,,[],[8-3392],Authorized,1,"573,000",2026,September,9
SD,"McCook, SD",MONTROSE,Central Farmers Cooperative,CENTRAL FARMERS COOPERATIVE ELEVATOR,State,,[],[8-3399],Approved,1,,2026,September,9
SD,"Spink, SD",DOLAND,GUTWEIN & CO LP,GUTWEIN & CO LP,State,,[],[8-3405],Authorized,1,"312,608",2026,September,9
CO,"Baca, CO",CAMPO,The Dodge City Cooperative Exchange,Pride Ag Resources Elevators,Federal,I - Issued,[3-10212],[8-3410],Approved,25,"625,000",2026,September,9
CO,"Baca, CO",SPRINGFIELD,The Dodge City Cooperative Exchange,Pride Ag Resources Elevators,Federal,I - Issued,[3-10212],[8-3410],Approved,24,"1,108,000",2026,September,9
CO,"Baca, CO",TWO BUTTES,The Dodge City Cooperative Exchange,Pride Ag Resources Elevators,Federal,I - Issued,[3-10212],[8-3410],Approved,23,"706,000",2026,September,9
CO,"Baca, CO",VILAS,The Dodge City Cooperative Exchange,Pride Ag Resources Elevators,Federal,I - Issued,[3-10212],[8-3410],Approved,22,"556,000",2026,September,9
KS,"Finney, KS",Kalvesta,The Dodge City Cooperative Exchange,Pride Ag Resources Elevators,Federal,I - Issued,[3-10212],[8-3410],Approved,12,"1,240,000",2026,September,9
KS,"Ford, KS",Dodge City,The Dodge City Cooperative Exchange,Pride Ag Resources Elevators,Federal,I - Issued,[3-10212],[8-3410],Approved,1,"1,845,000",2026,September,9
KS,"Ford, KS",Ford,The Dodge City Cooperative Exchange,Pride Ag Resources Elevators,Federal,I - Issued,[3-10212],[8-3410],Approved,5,"1,159,000",2026,September,9
KS,"Ford, KS",Howell (Dodge City),The Dodge City Cooperative Exchange,Pride Ag Resources Elevators,Federal,I - Issued,[3-10212],[8-3410],Approved,9,"1,712,000",2026,September,9
KS,"Ford, KS",Kingsdown,The Dodge City Cooperative Exchange,Pride Ag Resources Elevators,Federal,I - Issued,[3-10212],[8-3410],Approved,13,"865,000",2026,September,9
KS,"Ford, KS",Saddle Road (Dodge City),The Dodge City Cooperative Exchange,Pride Ag Resources Elevators,Federal,I - Issued,[3-10212],[8-3410],Approved,15,"1,112,000",2026,September,9
KS,"Gray, KS",Cimarron,The Dodge City Cooperative Exchange,Pride Ag Resources Elevators,Federal,I - Issued,[3-10212],[8-3410],Approved,3,"1,260,000",2026,September,9
KS,"Gray, KS",Ensign,The Dodge City Cooperative Exchange,Pride Ag Resources Elevators,Federal,I - Issued,[3-10212],[8-3410],Approved,4,"4,267,000",2026,September,9
KS,"Gray, KS",Haggard (Cimarron),The Dodge City Cooperative Exchange,Pride Ag Resources Elevators,Federal,I - Issued,[3-10212],[8-3410],Approved,7,"1,038,000",2026,September,9
KS,"Gray, KS",Ingalls,The Dodge City Cooperative Exchange,Pride Ag Resources Elevators,Federal,I - Issued,[3-10212],[8-3410],Approved,10,"1,001,000",2026,September,9
KS,"Gray, KS",Montezuma,The Dodge City Cooperative Exchange,Pride Ag Resources Elevators,Federal,I - Issued,[3-10212],[8-3410],Approved,14,"2,322,000",2026,September,9
KS,"Hodgeman, KS",Gray (Hanston),The Dodge City Cooperative Exchange,Pride Ag Resources Elevators,Federal,I - Issued,[3-10212],[8-3410],Approved,6,"1,080,000",2026,September,9
KS,"Hodgeman, KS",Hanston,The Dodge City Cooperative Exchange,Pride Ag Resources Elevators,Federal,I - Issued,[3-10212],[8-3410],Approved,8,"1,556,000",2026,September,9
KS,"Hodgeman, KS",Jetmore,The Dodge City Cooperative Exchange,Pride Ag Resources Elevators,Federal,I - Issued,[3-10212],[8-3410],Approved,11,"1,458,000",2026,September,9
KS,"Morton, KS",DERMOT,The Dodge City Cooperative Exchange,Pride Ag Resources Elevators,Federal,I - Issued,[3-10212],[8-3410],Approved,21,"860,000",2026,September,9
KS,"Morton, KS",ELKHART,The Dodge City Cooperative Exchange,Pride Ag Resources Elevators,Federal,I - Issued,[3-10212],[8-3410],Approved,16,"2,715,000",2026,September,9
KS,"Morton, KS",RICHFIELD,The Dodge City Cooperative Exchange,Pride Ag Resources Elevators,Federal,I - Issued,[3-10212],[8-3410],Approved,17,"759,000",2026,September,9
KS,"Morton, KS",ROLLA,The Dodge City Cooperative Exchange,Pride Ag Resources Elevators,Federal,I - Issued,[3-10212],[8-3410],Approved,20,"2,445,000",2026,September,9
KS,"Ness, KS",Beeler,The Dodge City Cooperative Exchange,Pride Ag Resources Elevators,Federal,I - Issued,[3-10212],[8-3410],Approved,2,"932,000",2026,September,9
OK,"Cimarron, OK",KEYES,The Dodge City Cooperative Exchange,Pride Ag Resources Elevators,Federal,I - Issued,[3-10212],[8-3410],Approved,18,"979,000",2026,September,9
OK,"Texas, OK",EVA,The Dodge City Cooperative Exchange,Pride Ag Resources Elevators,Federal,I - Issued,[3-10212],[8-3410],Approved,19,"237,000",2026,September,9
OK,"Texas, OK",KEYES,The Dodge City Cooperative Exchange,Pride Ag Resources Elevators,Federal,I - Issued,[3-10212],[8-3410],Approved,26,"1,834,000",2026,September,9
SD,"Brown, SD",HECLA,HECLA FEED LLC,HECLA FEED LLC,State,,[],[8-3414],Authorized,1,"230,000",2026,September,9
WI,"Fond Du Lac, WI",OAKFIELD,OAKFIELD ELEVATOR,OAKFIELD ELEVATOR,State,,[],[8-3425],Authorized,1,"500,000",2026,September,9
WI,"Jackson, WI",Melrose,MELROSE FARM SERVICE,MELROSE FARM SERVICE,State,,[],[8-3427],Authorized,1,"150,000",2026,September,9
WI,"Jackson, WI",Sparta,MELROSE FARM SERVICE,MELROSE FARM SERVICE,State,,[],[8-3427],Authorized,2,"500,000",2026,September,9
WI,"Kewaunee, WI",ALGOMA,"Rio Creek Feed Mill, Inc.",Rio Creek Feed Mill Elevator,Federal,I - Issued,[3-9978],[8-3428],Approved,1,"588,000",2026,September,9
WI,"Kewaunee, WI",LUXEMBURG,"Rio Creek Feed Mill, Inc.",Rio Creek Feed Mill Elevator,Federal,I - Issued,[3-9978],[8-3428],Approved,2,"4,089,000",2026,September,9
WI,"Trempealeau, WI",ELEVA,Albion Grain LLC,ALBION GRAIN LLC,State,,[],[8-3431],Authorized,1,"281,886",2026,September,9
NE,"Buffalo, NE",KEARNEY,"The Andersons, Inc.","The Andersons, Inc.",State,,[],[8-3433],Approved,1,"565,413",2026,September,9
NE,"Buffalo, NE",RIVERDALE,"The Andersons, Inc.","The Andersons, Inc.",State,,[],[8-3433],Approved,2,"2,598,430",2026,September,9
NE,"Custer, NE",ANSELMO,"The Andersons, Inc.","The Andersons, Inc.",State,,[],[8-3433],Approved,4,"4,946,002",2026,September,9
NE,"Keith, NE",PAXTON,"The Andersons, Inc.","The Andersons, Inc.",State,,[],[8-3433],Approved,3,"1,245,631",2026,September,9
CO,"Logan, CO",STERLING,Trinidad/Benham Corp.,Trinidad/Benham Warehouse,Federal,I - Issued,[1-0292],[8-3437],Authorized,1,"872,000",2026,September,9
CO,"Weld, CO",GREELEY,Trinidad/Benham Corp.,Trinidad/Benham Warehouse,Federal,I - Issued,[1-0292],[8-3437],Authorized,9,"461,000",2026,September,9
NE,"Box Butte, NE",ALLIANCE,Trinidad/Benham Corp.,Trinidad/Benham Warehouse,Federal,I - Issued,[1-0292],[8-3437],Authorized,2,"179,000",2026,September,9
NE,"Chase, NE",IMPERIAL,Trinidad/Benham Corp.,Trinidad/Benham Warehouse,Federal,I - Issued,[1-0292],[8-3437],Authorized,5,"644,000",2026,September,9
NE,"Morrill, NE",BAYARD,Trinidad/Benham Corp.,Trinidad/Benham Warehouse,Federal,I - Issued,[1-0292],[8-3437],Authorized,3,"426,000",2026,September,9
NE,"Morrill, NE",BRIDGEPORT,Trinidad/Benham Corp.,Trinidad/Benham Warehouse,Federal,I - Issued,[1-0292],[8-3437],Authorized,4,"860,000",2026,September,9
NE,"Scotts Bluff, NE",GERING,Trinidad/Benham Corp.,Trinidad/Benham Warehouse,Federal,I - Issued,[1-0292],[8-3437],Authorized,12,"255,000",2026,September,9
ND,"Benson, ND",MADDOCK,LONE PRAIRIE GRAIN INC,LONE PRAIRIE GRAIN INC,State,,[],[8-3455],Authorized,1,"455,000",2026,September,9
ND,"Pierce, ND",Turnbridge,LONE PRAIRIE GRAIN INC,LONE PRAIRIE GRAIN INC,State,,[],[8-3455],Authorized,2,"111,000",2026,September,9
AR,"Crittenden, AR",WEST MEMPHIS,Consolidated Grain and Barge Co.,CGB Elevators,Federal,I - Issued,[3-8965],[8-3457],Approved,14,"964,000",2026,September,9
AR,"Mississippi, AR",OSCEOLA,Consolidated Grain and Barge Co.,CGB Elevators,Federal,I - Issued,[3-8965],[8-3457],Approved,16,"609,000",2026,September,9
AR,"Mississippi, AR",OSCEOLA,Consolidated Grain and Barge Co.,CGB Elevators,Federal,I - Issued,[3-8965],[8-3457],Approved,19,"3,597,000",2026,September,9
KS,"Barton, KS",FARHMAN,The Ellsworth Coop.,The Ellsworth Coop,State,,[],[8-3458],Approved,5,"222,000",2026,September,9
KS,"Barton, KS",HITSCHMAN,The Ellsworth Coop.,The Ellsworth Coop,State,,[],[8-3458],Approved,6,"251,000",2026,September,9
KS,"Ellsworth, KS",ELLSWORTH,The Ellsworth Coop.,The Ellsworth Coop,State,,[],[8-3458],Approved,1,"573,000",2026,September,9
KS,"Ellsworth, KS",HOLYROOD,The Ellsworth Coop.,The Ellsworth Coop,State,,[],[8-3458],Approved,4,"721,000",2026,September,9
KS,"Ellsworth, KS",KANOPOLIS,The Ellsworth Coop.,The Ellsworth Coop,State,,[],[8-3458],Approved,2,"557,000",2026,September,9
KS,"Ellsworth, KS",WILSON (BLACK WOLF),The Ellsworth Coop.,The Ellsworth Coop,State,,[],[8-3458],Approved,3,"844,000",2026,September,9
MO,"New Madrid, MO",NEW MADRID (MARSTON),"Riceland Foods, Inc.",NEW MADRID WAREHOUSE,Federal,I - Issued,[3-9705],[8-3461],Approved,1,"3,371,000",2026,September,9
OH,"Fayette, OH",JEFFERSONVILLE,"Bluegrass Farms of Ohio, Inc.",BLUEGRASS FARMS ELEVATOR,Federal,I - Issued,[3-9956],[8-3463],Approved,1,"2,909,000",2026,September,9
ID,"Jefferson, ID",RIRIE,"Ririe Grain and Feed Cooperative, Inc.","RIRIE GRAIN & FEED COOPERATIVE, INC.",State,,[],[8-3468],Approved,1,"1,806,000",2026,September,9
LA,"Allen, LA",Kinder,KINDER DRIER LLC,KINDER DRIER LLC,State,,[],[8-3469],Authorized,1,"182,500",2026,September,9
IL,"Ogle, IL",Polo,Bocker Ruff Grain LLC,BOCKER RUFF GRAIN LLC,State,,[],[8-3477],Authorized,1,"1,300,000",2026,September,9
AR,"Arkansas, AR",DEWITT,DEANE ROBINSON SEED CO INC,Deane Robinson Seed Co Inc,State,,[],[8-3480],Authorized,1,"98,000",2026,September,9
WI,"Pierce, WI",Plum City,PLUM CITY FEED MILL INC,PLUM CITY FEED MILL INC,State,,[],[8-3481],Authorized,1,"200,000",2026,September,9
NE,"Cedar, NE",HARTINGTON,Bow Valley Elevator LLC,BOW VALLEY ELEVATOR LLC,State,,[],[8-3485],Authorized,1,"502,557",2026,September,9
ND,"Pembina, ND",CRYSTAL,ST. HILAIRE SEED CO INC,ST. HILAIRE SEED CO INC.,State,,[],[8-3496],Authorized,3,"170,000",2026,September,9
ND,"Pembina, ND",Hamilton,ST. HILAIRE SEED CO INC,ST. HILAIRE SEED CO INC.,State,,[],[8-3496],Authorized,2,"99,000",2026,September,9
ND,"Ramsey, ND",GARSKE,ST. HILAIRE SEED CO INC,ST. HILAIRE SEED CO INC.,State,,[],[8-3496],Authorized,1,"277,000",2026,September,9
ND,"Traill, ND",Cummings,ST. HILAIRE SEED CO INC,ST. HILAIRE SEED CO INC.,State,,[],[8-3496],Authorized,4,"80,000",2026,September,9
MN,"Marshall, MN",ARGYLE,ST. HILAIRE SEED CO INC,ST. HILAIRE SEED CO INC.,State,,[],[8-3499],Authorized,6,"150,000",2026,September,9
MN,"Pennington, MN",ST. HILAIRE,ST. HILAIRE SEED CO INC,ST. HILAIRE SEED CO INC.,State,,[],[8-3499],Authorized,5,"928,000",2026,September,9
ND,"Barnes, ND",PILLSBURY,Trinidad/Benham Corp.,Trinidad/Benham Warehouse,Federal,I - Issued,[1-0292],[8-3500],Authorized,6,"324,000",2026,September,9
ND,"Cass, ND",COLGATE,Trinidad/Benham Corp.,Trinidad/Benham Warehouse,Federal,I - Issued,[1-0292],[8-3500],Authorized,10,"781,000",2026,September,9
ND,"Foster, ND",Grace City,Trinidad/Benham Corp.,Trinidad/Benham Warehouse,Federal,I - Issued,[1-0292],[8-3500],Authorized,13,"33,000",2026,September,9
ND,"Stutsman, ND",COURTENAY,Trinidad/Benham Corp.,Trinidad/Benham Warehouse,Federal,I - Issued,[1-0292],[8-3500],Authorized,7,"87,000",2026,September,9
ND,"Traill, ND",CUMMINGS,Trinidad/Benham Corp.,Trinidad/Benham Warehouse,Federal,I - Issued,[1-0292],[8-3500],Authorized,11,"195,000",2026,September,9
KS,"Finney, KS",GARDEN CITY,"WindRiver Grain, L.L.C.",WINDRIVER GARDEN CITY ELEVATOR,Federal,I - Issued,[3-9370],[8-3524],Approved,1,"8,706,000",2026,September,9
KS,"Finney, KS",Deerfield,"The Garden City Co-op, Inc.",Farmers Elevators,Federal,I - Issued,[3-2498],[8-3526],Approved,8,"1,709,000",2026,September,9
KS,"Finney, KS",Friend,"The Garden City Co-op, Inc.",Farmers Elevators,Federal,I - Issued,[3-2498],[8-3526],Approved,9,"1,031,000",2026,September,9
KS,"Finney, KS",Garden City,"The Garden City Co-op, Inc.",Farmers Elevators,Federal,I - Issued,[3-2498],[8-3526],Approved,1,"1,581,000",2026,September,9
KS,"Finney, KS",Garden City,"The Garden City Co-op, Inc.",Farmers Elevators,Federal,I - Issued,[3-2498],[8-3526],Approved,4,"1,957,000",2026,September,9
KS,"Finney, KS",Garden City,"The Garden City Co-op, Inc.",Farmers Elevators,Federal,I - Issued,[3-2498],[8-3526],Approved,5,"1,016,000",2026,September,9
KS,"Finney, KS",Garden City,"The Garden City Co-op, Inc.",Farmers Elevators,Federal,I - Issued,[3-2498],[8-3526],Approved,18,"1,061,000",2026,September,9
KS,"Finney, KS",Holcomb,"The Garden City Co-op, Inc.",Farmers Elevators,Federal,I - Issued,[3-2498],[8-3526],Approved,7,"4,610,000",2026,September,9
KS,"Finney, KS",Holcomb,"The Garden City Co-op, Inc.",Farmers Elevators,Federal,I - Issued,[3-2498],[8-3526],Approved,21,"1,169,000",2026,September,9
KS,"Finney, KS",Pierceville,"The Garden City Co-op, Inc.",Farmers Elevators,Federal,I - Issued,[3-2498],[8-3526],Approved,3,"1,618,000",2026,September,9
KS,"Grant, KS",Ulysses,"The Garden City Co-op, Inc.",Farmers Elevators,Federal,I - Issued,[3-2498],[8-3526],Approved,14,"3,004,000",2026,September,9
KS,"Grant, KS",Ulysses,"The Garden City Co-op, Inc.",Farmers Elevators,Federal,I - Issued,[3-2498],[8-3526],Approved,15,"720,000",2026,September,9
KS,"Grant, KS",Ulysses,"The Garden City Co-op, Inc.",Farmers Elevators,Federal,I - Issued,[3-2498],[8-3526],Approved,16,"744,000",2026,September,9
KS,"Grant, KS",Ulysses,"The Garden City Co-op, Inc.",Farmers Elevators,Federal,I - Issued,[3-2498],[8-3526],Approved,19,"2,333,000",2026,September,9
KS,"Gray, KS",Ingalls,"The Garden City Co-op, Inc.",Farmers Elevators,Federal,I - Issued,[3-2498],[8-3526],Approved,2,"1,012,000",2026,September,9
KS,"Kearny, KS",Deerfield,"The Garden City Co-op, Inc.",Farmers Elevators,Federal,I - Issued,[3-2498],[8-3526],Approved,6,"2,729,000",2026,September,9
KS,"Kearny, KS",Lakin,"The Garden City Co-op, Inc.",Farmers Elevators,Federal,I - Issued,[3-2498],[8-3526],Approved,17,"150,000",2026,September,9
KS,"Lane, KS",Dighton,"The Garden City Co-op, Inc.",Farmers Elevators,Federal,I - Issued,[3-2498],[8-3526],Approved,10,"1,045,000",2026,September,9
KS,"Lane, KS",Dighton,"The Garden City Co-op, Inc.",Farmers Elevators,Federal,I - Issued,[3-2498],[8-3526],Approved,11,"1,611,000",2026,September,9
KS,"Lane, KS",Dighton,"The Garden City Co-op, Inc.",Farmers Elevators,Federal,I - Issued,[3-2498],[8-3526],Approved,12,"1,606,000",2026,September,9
KS,"Lane, KS",Shields,"The Garden City Co-op, Inc.",Farmers Elevators,Federal,I - Issued,[3-2498],[8-3526],Approved,13,"1,477,000",2026,September,9
OK,"Texas, OK",Hooker,"The Garden City Co-op, Inc.",Farmers Elevators,Federal,I - Issued,[3-2498],[8-3526],Approved,20,"5,137,000",2026,September,9
IL,"Hamilton, IL",MCLEANSBORO,"BUNGE-SCF GRAIN, LLC",BUNGE-SCF ELEVATORS,Federal,I - Issued,[3-9989],[8-3528],Approved,1,"4,482,000",2026,September,9
IL,"Pike, IL",GRIGGSVILLE,"BUNGE-SCF GRAIN, LLC",BUNGE-SCF ELEVATORS,Federal,I - Issued,[3-9989],[8-3528],Approved,4,"8,895,000",2026,September,9
IL,"Pike, IL",MASCHOFFS(GRIGGSVILLE),"BUNGE-SCF GRAIN, LLC",BUNGE-SCF ELEVATORS,Federal,I - Issued,[3-9989],[8-3528],Approved,5,"1,650,000",2026,September,9
IL,"St. Clair, IL",FAIRMONT CITY,"BUNGE-SCF GRAIN, LLC",BUNGE-SCF ELEVATORS,Federal,I - Issued,[3-9989],[8-3528],Approved,2,"1,116,000",2026,September,9
KS,"Cheyenne, KS",BIRD CITY,"Frontier Ag, Inc.","Frontier Ag, Inc.",State,,[],[8-3541],Approved,2,"4,568,000",2026,September,9
KS,"Gove, KS",GRINNELL,"Frontier Ag, Inc.","Frontier Ag, Inc.",State,,[],[8-3541],Approved,5,"3,244,000",2026,September,9
KS,"Gove, KS",QUINTER,"Frontier Ag, Inc.","Frontier Ag, Inc.",State,,[],[8-3541],Approved,22,"5,780,000",2026,September,9
KS,"Graham, KS",HILL CITY,"Frontier Ag, Inc.","Frontier Ag, Inc.",State,,[],[8-3541],Approved,15,"797,000",2026,September,9
KS,"Graham, KS",MORLAND,"Frontier Ag, Inc.","Frontier Ag, Inc.",State,,[],[8-3541],Approved,18,"733,000",2026,September,9
KS,"Graham, KS",PENOKEE,"Frontier Ag, Inc.","Frontier Ag, Inc.",State,,[],[8-3541],Approved,21,"508,000",2026,September,9
KS,"Logan, KS",Oakley,"Frontier Ag, Inc.","Frontier Ag, Inc.",State,,[],[8-3541],Approved,8,"3,777,000",2026,September,9
KS,"Logan, KS",PAGE CITY,"Frontier Ag, Inc.","Frontier Ag, Inc.",State,,[],[8-3541],Approved,9,"1,823,000",2026,September,9
KS,"Logan, KS",WINONA,"Frontier Ag, Inc.","Frontier Ag, Inc.",State,,[],[8-3541],Approved,12,"246,000",2026,September,9
KS,"Ness, KS",ARNOLD,"Frontier Ag, Inc.","Frontier Ag, Inc.",State,,[],[8-3541],Approved,16,"733,000",2026,September,9
KS,"Ness, KS",RANSOM,"Frontier Ag, Inc.","Frontier Ag, Inc.",State,,[],[8-3541],Approved,20,"1,658,000",2026,September,9
KS,"Ness, KS",UTICA,"Frontier Ag, Inc.","Frontier Ag, Inc.",State,,[],[8-3541],Approved,24,"1,761,000",2026,September,9
KS,"Sheridan, KS",REXFORD,"Frontier Ag, Inc.","Frontier Ag, Inc.",State,,[],[8-3541],Approved,13,"1,686,000",2026,September,9
KS,"Sheridan, KS",STUDLEY,"Frontier Ag, Inc.","Frontier Ag, Inc.",State,,[],[8-3541],Approved,23,"1,150,000",2026,September,9
KS,"Sherman, KS",EDSON,"Frontier Ag, Inc.","Frontier Ag, Inc.",State,,[],[8-3541],Approved,3,"682,000",2026,September,9
KS,"Sherman, KS",GOODLAND,"Frontier Ag, Inc.","Frontier Ag, Inc.",State,,[],[8-3541],Approved,1,"4,807,000",2026,September,9
KS,"Sherman, KS",KANORADO,"Frontier Ag, Inc.","Frontier Ag, Inc.",State,,[],[8-3541],Approved,17,"4,483,000",2026,September,9
KS,"Sherman, KS",RULETON,"Frontier Ag, Inc.","Frontier Ag, Inc.",State,,[],[8-3541],Approved,10,"5,822,000",2026,September,9
KS,"Thomas, KS",BREWSTER,"Frontier Ag, Inc.","Frontier Ag, Inc.",State,,[],[8-3541],Approved,4,"5,226,000",2026,September,9
KS,"Thomas, KS",MENLO,"Frontier Ag, Inc.","Frontier Ag, Inc.",State,,[],[8-3541],Approved,6,"2,314,000",2026,September,9
KS,"Thomas, KS",MINGO,"Frontier Ag, Inc.","Frontier Ag, Inc.",State,,[],[8-3541],Approved,7,"2,916,000",2026,September,9
KS,"Trego, KS",COLLYER,"Frontier Ag, Inc.","Frontier Ag, Inc.",State,,[],[8-3541],Approved,14,"1,007,000",2026,September,9
KS,"Trego, KS",OGALLAH,"Frontier Ag, Inc.","Frontier Ag, Inc.",State,,[],[8-3541],Approved,19,"291,000",2026,September,9
KS,"Trego, KS",WAKEENEY,"Frontier Ag, Inc.","Frontier Ag, Inc.",State,,[],[8-3541],Approved,25,"1,671,000",2026,September,9
PA,"Lawrence, PA",New Castle,"Ag Central USA, LLC","Ag Central USA, LLC",Unlicensed,,[],[8-3543],Removed,1,"448,000",2026,September,9
KS,"Barton, KS",GALATIA,"United Ag Service, Inc.","United Ag Service, Inc.",State,,[],[8-3544],Approved,5,"955,000",2026,September,9
KS,"Barton, KS",HOISINGTON,"United Ag Service, Inc.","United Ag Service, Inc.",State,,[],[8-3544],Approved,2,"554,000",2026,September,9
KS,"Barton, KS",OLMITZ,"United Ag Service, Inc.","United Ag Service, Inc.",State,,[],[8-3544],Approved,6,"396,000",2026,September,9
KS,"Barton, KS",STICKNEY,"United Ag Service, Inc.","United Ag Service, Inc.",State,,[],[8-3544],Approved,7,"467,000",2026,September,9
KS,"Ellis, KS",VICTORIA,"United Ag Service, Inc.","United Ag Service, Inc.",State,,[],[8-3544],Approved,3,"963,000",2026,September,9
KS,"Ellis, KS",WALKER,"United Ag Service, Inc.","United Ag Service, Inc.",State,,[],[8-3544],Approved,4,"574,000",2026,September,9
KS,"Rush, KS",ALEXANDER,"United Ag Service, Inc.","United Ag Service, Inc.",State,,[],[8-3544],Approved,9,"761,000",2026,September,9
KS,"Rush, KS",BISON,"United Ag Service, Inc.","United Ag Service, Inc.",State,,[],[8-3544],Approved,10,"510,000",2026,September,9
KS,"Rush, KS",Liebenthal,"United Ag Service, Inc.","United Ag Service, Inc.",State,,[],[8-3544],Approved,11,"552,000",2026,September,9
KS,"Rush, KS",NEKOMA,"United Ag Service, Inc.","United Ag Service, Inc.",State,,[],[8-3544],Approved,12,"1,249,000",2026,September,9
KS,"Rush, KS",OTIS,"United Ag Service, Inc.","United Ag Service, Inc.",State,,[],[8-3544],Approved,13,"311,000",2026,September,9
KS,"Rush, KS",RUSH CENTER,"United Ag Service, Inc.","United Ag Service, Inc.",State,,[],[8-3544],Approved,14,"767,000",2026,September,9
KS,"Rush, KS",TIMKEN,"United Ag Service, Inc.","United Ag Service, Inc.",State,,[],[8-3544],Approved,15,"628,000",2026,September,9
KS,"Russell, KS",GORHAM,"United Ag Service, Inc.","United Ag Service, Inc.",State,,[],[8-3544],Approved,1,"1,066,000",2026,September,9
KS,"Russell, KS",LUCAS,"United Ag Service, Inc.","United Ag Service, Inc.",State,,[],[8-3544],Approved,8,"670,000",2026,September,9
IL,"Livingston, IL",DWIGHT,Consolidated Grain and Barge Co.,Consolidated Grain and Barge Company Terminal,Federal,I - Issued,[3-8045],[8-3545],Approved,7,"4,415,000",2026,September,9
ND,"Sargent, ND",FORMAN,Full Circle Ag,FULL CIRCLE AG,State,,[],[8-3562],Approved,1,,2026,September,9
ND,"Sargent, ND",GWINNER,Full Circle Ag,FULL CIRCLE AG,State,,[],[8-3562],Approved,2,,2026,September,9
ND,"Sargent, ND",HAVANA,Full Circle Ag,FULL CIRCLE AG,State,,[],[8-3562],Approved,3,,2026,September,9
IA,"Plymouth, IA",LE MARS,"LeMars Agri-Center, Inc.","LEMARS AGRI-CENTER, INC.",State,,[],[8-3563],Approved,1,"2,106,000",2026,September,9
IA,"Jasper, IA",MONROE,Two Rivers Cooperative,TWO RIVERS COOPERATIVE ELEVATORS,Federal,I - Issued,[3-9585],[8-3564],Approved,3,"2,064,000",2026,September,9
IA,"Mahaska, IA",TRACY,Two Rivers Cooperative,TWO RIVERS COOPERATIVE ELEVATORS,Federal,I - Issued,[3-9585],[8-3564],Approved,4,"1,203,000",2026,September,9
IA,"Marion, IA",OTLEY,Two Rivers Cooperative,TWO RIVERS COOPERATIVE ELEVATORS,Federal,I - Issued,[3-9585],[8-3564],Approved,2,"964,000",2026,September,9
IA,"Marion, IA",PELLA,Two Rivers Cooperative,TWO RIVERS COOPERATIVE ELEVATORS,Federal,I - Issued,[3-9585],[8-3564],Approved,1,"1,402,000",2026,September,9
IN,"Vermillion, IN",Dana,AC Grain LLC,AC Grain Elevator,Federal,I - Issued,[3-10011],[8-3580],Approved,1,"10,789,000",2026,September,9
KS,"Crawford, KS",GIRARD,Producers Cooperative Association of Girard,PRODUCERS COOPERATIVE ASSN.,State,,[],[8-3581],Approved,1,"1,163,000",2026,September,9
KS,"Crawford, KS",GIRARD (NORTH),Producers Cooperative Association of Girard,PRODUCERS COOPERATIVE ASSN.,State,,[],[8-3581],Approved,2,"1,227,000",2026,September,9
CA,"Yuba, CA",MARYSVILLE,"District 10 Dryers, LLC","District 10 Dryers, LLC",Unlicensed,,[],[8-3596],Approved,1,"2,335,000",2026,September,9
ID,"Bingham, ID",BLACKFOOT,"Osgood Grain, Inc.","OSGOOD GRAIN, INC.",State,,[],[8-3597],Approved,3,"465,000",2026,September,9
ID,"Bingham, ID",MORELAND,"Osgood Grain, Inc.","OSGOOD GRAIN, INC.",State,,[],[8-3597],Approved,4,"1,181,000",2026,September,9
ID,"Jefferson, ID",IDAHO FALLS (BASSETT SIDING),"Osgood Grain, Inc.","OSGOOD GRAIN, INC.",State,,[],[8-3597],Approved,1,"1,164,000",2026,September,9
ID,"Jefferson, ID",ROBERTS,"Osgood Grain, Inc.","OSGOOD GRAIN, INC.",State,,[],[8-3597],Approved,2,"446,000",2026,September,9
IA,"Davis, IA",BLOOMFIELD,"Troy Elevator, Inc.","TROY ELEVATOR, INC.",State,,[],[8-3601],Approved,2,"974,000",2026,September,9
IA,"Davis, IA",TROY,"Troy Elevator, Inc.","TROY ELEVATOR, INC.",State,,[],[8-3601],Approved,4,"563,000",2026,September,9
IA,"Wapello, IA",BLAKESBURG,"Troy Elevator, Inc.","TROY ELEVATOR, INC.",State,,[],[8-3601],Approved,1,"1,079,000",2026,September,9
IA,"Chickasaw, IA",PROTIVIN,"Farmers Mill, Inc.",Farmers Mill Elevator,Federal,I - Issued,[3-8542],[8-3604],Approved,1,"3,739,000",2026,September,9
KS,,HARTFORD,"HARTFORD ELEVATOR, INC.","HARTFORD ELEVATOR, INC.",State,,[],[8-3608],Approved,1,,2026,September,9
KS,"Lyon, KS",NEOSHO RAPIDS,"HARTFORD ELEVATOR, INC.","HARTFORD ELEVATOR, INC.",State,,[],[8-3608],Approved,2,,2026,September,9
KS,"Clay, KS",Green,"Lippert Grain, Inc.",Lippert Elevator,Federal,I - Issued,[3-9198],[8-3615],Approved,1,"2,163,000",2026,September,9
MT,"Chouteau, MT",CARTER,"EGT, LLC",EGT MONTANA ELEVATORS,Federal,I - Issued,[3-10030],[8-3616],Approved,3,"885,000",2026,September,9
MT,"Liberty, MT",CHESTER,"EGT, LLC",EGT MONTANA ELEVATORS,Federal,I - Issued,[3-10030],[8-3616],Approved,1,"2,343,000",2026,September,9
MT,"Richland, MT",SIDNEY,"EGT, LLC",EGT MONTANA ELEVATORS,Federal,I - Issued,[3-10030],[8-3616],Approved,4,"1,513,000",2026,September,9
MT,"Valley, MT",FRAZER,"EGT, LLC",EGT MONTANA ELEVATORS,Federal,I - Issued,[3-10030],[8-3616],Approved,2,"2,170,000",2026,September,9
ID,"Nez Perce, ID",LEWISTON,"Lewis-Clark Terminal, Inc.",LEWIS-CLARK TERMINAL,State,,[],[8-3618],Approved,1,"6,562,000",2026,September,9
ID,"Nez Perce, ID",LEWISTON,"Lewis-Clark Terminal, Inc.",LEWIS-CLARK TERMINAL,State,,[],[8-3618],Approved,3,"3,051,000",2026,September,9
WA,"Asotin, WA",Clarkston,"Lewis-Clark Terminal, Inc.",LEWIS-CLARK TERMINAL,State,,[],[8-3618],Approved,2,"584,000",2026,September,9
AR,"Craighead, AR",JONESBORO,"Eastside Rice, LLC","EASTSIDE RICE, LLC ELEVATOR",Federal,I - Issued,[3-10034],[8-3622],Approved,1,"4,662,000",2026,September,9
KS,"Ellis, KS",HAYS,"Midland Marketing Co-Op, Inc.",Coop Elevator,Federal,I - Issued,[3-6652],[8-3623],Approved,1,"839,000",2026,September,9
KS,"Ellis, KS",TOULON,"Midland Marketing Co-Op, Inc.",Coop Elevator,Federal,I - Issued,[3-6652],[8-3623],Approved,3,"1,859,000",2026,September,9
KS,"Ellis, KS",YOCEMENTO,"Midland Marketing Co-Op, Inc.",Coop Elevator,Federal,I - Issued,[3-6652],[8-3623],Approved,2,"796,000",2026,September,9
KS,"Ness, KS",BROWNELL,"Midland Marketing Co-Op, Inc.",Coop Elevator,Federal,I - Issued,[3-6652],[8-3623],Approved,10,"1,202,000",2026,September,9
KS,"Osborne, KS",NATOMA,"Midland Marketing Co-Op, Inc.",Coop Elevator,Federal,I - Issued,[3-6652],[8-3623],Approved,6,"742,000",2026,September,9
KS,"Rooks, KS",PALCO,"Midland Marketing Co-Op, Inc.",Coop Elevator,Federal,I - Issued,[3-6652],[8-3623],Approved,11,"2,669,000",2026,September,9
KS,"Rooks, KS",PLAINVILLE,"Midland Marketing Co-Op, Inc.",Coop Elevator,Federal,I - Issued,[3-6652],[8-3623],Approved,4,"1,962,000",2026,September,9
KS,"Rooks, KS",ZURICH,"Midland Marketing Co-Op, Inc.",Coop Elevator,Federal,I - Issued,[3-6652],[8-3623],Approved,5,"1,044,000",2026,September,9
KS,"Rush, KS",HARGRAVE,"Midland Marketing Co-Op, Inc.",Coop Elevator,Federal,I - Issued,[3-6652],[8-3623],Approved,8,"428,000",2026,September,9
KS,"Rush, KS",LA CROSSE,"Midland Marketing Co-Op, Inc.",Coop Elevator,Federal,I - Issued,[3-6652],[8-3623],Approved,7,"2,654,000",2026,September,9
KS,"Rush, KS",MCCRACKEN,"Midland Marketing Co-Op, Inc.",Coop Elevator,Federal,I - Issued,[3-6652],[8-3623],Approved,9,"752,000",2026,September,9
MT,"Blaine, MT",CHINOOK,"Columbia Grain International, LLC",Columbia Grain Elevators,Federal,I - Issued,[1-0297],[8-3626],Approved,4,"229,000",2026,September,9
MT,"Liberty, MT",TIBER,"Columbia Grain International, LLC",Columbia Grain Elevators,Federal,I - Issued,[1-0297],[8-3626],Approved,14,"369,000",2026,September,9
MT,"Sheridan, MT",PLENTYWOOD,"Columbia Grain International, LLC",Columbia Grain Elevators,Federal,I - Issued,[1-0297],[8-3626],Approved,22,"491,000",2026,September,9
ND,"Barnes, ND",VALLEY CITY,"Columbia Grain International, LLC",Columbia Grain Elevators,Federal,I - Issued,[1-0297],[8-3626],Approved,66,"766,000",2026,September,9
ND,"Grand Forks, ND",Grand Forks,"Columbia Grain International, LLC",Columbia Grain Elevators,Federal,I - Issued,[1-0297],[8-3626],Approved,29,"192,000",2026,September,9
ND,"Mountrail, ND",ROSS,"Columbia Grain International, LLC",Columbia Grain Elevators,Federal,I - Issued,[1-0297],[8-3626],Approved,24,"362,000",2026,September,9
ND,"Pembina, ND",WALHALLA,"Columbia Grain International, LLC",Columbia Grain Elevators,Federal,I - Issued,[1-0297],[8-3626],Approved,25,"1,589,000",2026,September,9
NE,"Adams, NE",HASTINGS,"Columbia Grain International, LLC",Columbia Grain Elevators,Federal,I - Issued,[1-0297],[8-3626],Approved,55,"340,000",2026,September,9
WA,"Whitman, WA",CLARKSTON,"Columbia Grain International, LLC",Columbia Grain Elevators,Federal,I - Issued,[1-0297],[8-3626],Approved,36,"762,000",2026,September,9
IA,"Hardin, IA",Radcliffe,Farmers Cooperative Elevator Company,Farmers Cooperative Elevator,Federal,I - Issued,[3-2893],[8-3643],Approved,1,"2,247,000",2026,September,9
KS,,HUDSON,Stafford County Flour Mills Company,STAFFORD COUNTY FLOUR MILLS COMPANY,State,,[],[8-3653],Approved,2,"2,297,000",2026,September,9
KS,"Reno, KS",SYLVIA,Stafford County Flour Mills Company,STAFFORD COUNTY FLOUR MILLS COMPANY,State,,[],[8-3653],Approved,3,"681,000",2026,September,9
KS,"Stafford, KS",MACKSVILLE,Stafford County Flour Mills Company,STAFFORD COUNTY FLOUR MILLS COMPANY,State,,[],[8-3653],Approved,1,"2,003,000",2026,September,9
MO,"Montgomery, MO",BELLFLOWER,Archer-Daniels-Midland Company,ARCHER-DANIELS-MIDLAND COMPANY,State,,[],[8-3660],Approved,2,"445,000",2026,September,9
MO,"Montgomery, MO",MONTGOMERY CITY,Archer-Daniels-Midland Company,ARCHER-DANIELS-MIDLAND COMPANY,State,,[],[8-3660],Approved,3,"597,000",2026,September,9
MO,"Montgomery, MO",RHINELAND,Archer-Daniels-Midland Company,ARCHER-DANIELS-MIDLAND COMPANY,State,,[],[8-3660],Approved,1,"446,000",2026,September,9
SD,"Brule, SD",Kimball,"Bunge USA Grain, LLC",Bunge Nebraska Elevators,Federal,I - Issued,[3-9860],[8-3663],Approved,19,"8,270,000",2026,September,9
WI,"Washington, WI",ALLENTON,FARMERS GRAIN & FEED LLC,FARMERS GRAIN & FEED LLC,State,,[],[8-3667],Authorized,1,"782,000",2026,September,9
IL,"De Witt, IL",TABOR,Archer-Daniels-Midland Company,ARCHER-DANIELS-MIDLAND CO.,State,,[],[8-3670],Approved,1,"1,726,000",2026,September,9
IA,"Dickinson, IA",LAKE PARK,Cooperative Farmers Elevator,Cooperative Farmers Elevator,Federal,I - Issued,[3-8795],[8-3678],Approved,19,"4,014,000",2026,September,9
IA,"Lyon, IA",Alvord,Cooperative Farmers Elevator,Cooperative Farmers Elevator,Federal,I - Issued,[3-8795],[8-3678],Approved,2,"1,185,000",2026,September,9
IA,"Lyon, IA",GEORGE,Cooperative Farmers Elevator,Cooperative Farmers Elevator,Federal,I - Issued,[3-8795],[8-3678],Approved,10,"4,561,000",2026,September,9
IA,"Lyon, IA",INWOOD,Cooperative Farmers Elevator,Cooperative Farmers Elevator,Federal,I - Issued,[3-8795],[8-3678],Approved,6,"2,739,000",2026,September,9
IA,"Lyon, IA",LARCHWOOD,Cooperative Farmers Elevator,Cooperative Farmers Elevator,Federal,I - Issued,[3-8795],[8-3678],Approved,5,"3,103,000",2026,September,9
IA,"Lyon, IA",LESTER,Cooperative Farmers Elevator,Cooperative Farmers Elevator,Federal,I - Issued,[3-8795],[8-3678],Approved,7,"483,000",2026,September,9
IA,"Lyon, IA",ROCK RAPIDS,Cooperative Farmers Elevator,Cooperative Farmers Elevator,Federal,I - Issued,[3-8795],[8-3678],Approved,8,"2,306,000",2026,September,9
IA,"O'Brien, IA",GERMANTOWN,Cooperative Farmers Elevator,Cooperative Farmers Elevator,Federal,I - Issued,[3-8795],[8-3678],Approved,20,"60,000",2026,September,9
IA,"O'Brien, IA",HARTLEY,Cooperative Farmers Elevator,Cooperative Farmers Elevator,Federal,I - Issued,[3-8795],[8-3678],Approved,17,"2,548,000",2026,September,9
IA,"Osceola, IA",ALLENDORF,Cooperative Farmers Elevator,Cooperative Farmers Elevator,Federal,I - Issued,[3-8795],[8-3678],Approved,14,"616,000",2026,September,9
IA,"Osceola, IA",ASHTON,Cooperative Farmers Elevator,Cooperative Farmers Elevator,Federal,I - Issued,[3-8795],[8-3678],Approved,13,"2,515,000",2026,September,9
IA,"Osceola, IA",HARRIS,Cooperative Farmers Elevator,Cooperative Farmers Elevator,Federal,I - Issued,[3-8795],[8-3678],Approved,18,"1,900,000",2026,September,9
IA,"Osceola, IA",OCHEYEDAN,Cooperative Farmers Elevator,Cooperative Farmers Elevator,Federal,I - Issued,[3-8795],[8-3678],Approved,15,"7,032,000",2026,September,9
IA,"Osceola, IA",SIBLEY,Cooperative Farmers Elevator,Cooperative Farmers Elevator,Federal,I - Issued,[3-8795],[8-3678],Approved,16,"1,928,000",2026,September,9
IA,"Sioux, IA",HAWARDEN,Cooperative Farmers Elevator,Cooperative Farmers Elevator,Federal,I - Issued,[3-8795],[8-3678],Approved,9,"2,572,000",2026,September,9
IA,"Sioux, IA",Rock Valley,Cooperative Farmers Elevator,Cooperative Farmers Elevator,Federal,I - Issued,[3-8795],[8-3678],Approved,1,"1,813,000",2026,September,9
MN,"Nobles, MN",BIGELOW,Cooperative Farmers Elevator,Cooperative Farmers Elevator,Federal,I - Issued,[3-8795],[8-3678],Approved,11,"4,460,000",2026,September,9
MN,"Nobles, MN",RUSHMORE,Cooperative Farmers Elevator,Cooperative Farmers Elevator,Federal,I - Issued,[3-8795],[8-3678],Approved,12,"1,048,000",2026,September,9
SD,"Moody, SD",DELL RAPIDS,"Hemmer Grain, LLC",HEMMER GRAIN ELEVATOR,Federal,I - Issued,[3-10054],[8-3682],Approved,1,"1,049,000",2026,September,9
IA,"Jasper, IA",NEWTON,Key Cooperative,Key Cooperative Elevator,Federal,I - Issued,[3-6731],[8-3684],Approved,11,"5,488,000",2026,September,9
IA,"Jasper, IA",SULLY,Key Cooperative,Key Cooperative Elevator,Federal,I - Issued,[3-6731],[8-3684],Approved,12,"3,366,000",2026,September,9
IA,"Mahaska, IA",BARNES CITY,Key Cooperative,Key Cooperative Elevator,Federal,I - Issued,[3-6731],[8-3684],Approved,8,"992,000",2026,September,9
IA,"Mahaska, IA",NEW SHARON,Key Cooperative,Key Cooperative Elevator,Federal,I - Issued,[3-6731],[8-3684],Approved,10,"2,682,000",2026,September,9
IA,"Marshall, IA",ST. ANTHONY,Key Cooperative,Key Cooperative Elevator,Federal,I - Issued,[3-6731],[8-3684],Approved,15,"815,000",2026,September,9
IA,"Poweshiek, IA",GRINNELL,Key Cooperative,Key Cooperative Elevator,Federal,I - Issued,[3-6731],[8-3684],Approved,9,"4,337,000",2026,September,9
IA,"Story, IA",GILBERT,Key Cooperative,Key Cooperative Elevator,Federal,I - Issued,[3-6731],[8-3684],Approved,6,"759,000",2026,September,9
IA,"Story, IA",KELLEY,Key Cooperative,Key Cooperative Elevator,Federal,I - Issued,[3-6731],[8-3684],Approved,7,"1,759,000",2026,September,9
IA,"Story, IA",NEVADA,Key Cooperative,Key Cooperative Elevator,Federal,I - Issued,[3-6731],[8-3684],Approved,2,"7,084,000",2026,September,9
IA,"Story, IA",ROLAND,Key Cooperative,Key Cooperative Elevator,Federal,I - Issued,[3-6731],[8-3684],Approved,1,"3,707,000",2026,September,9
IA,"Story, IA",STORY CITY,Key Cooperative,Key Cooperative Elevator,Federal,I - Issued,[3-6731],[8-3684],Approved,5,"1,006,000",2026,September,9
IA,"Story, IA",ZEARING,Key Cooperative,Key Cooperative Elevator,Federal,I - Issued,[3-6731],[8-3684],Approved,4,"2,631,000",2026,September,9
IA,"Tama, IA",LEGRAND,Key Cooperative,Key Cooperative Elevator,Federal,I - Issued,[3-6731],[8-3684],Approved,14,"3,078,000",2026,September,9
IA,"Clay, IA",ROYAL (ROSSIE),Rossie Feed and Grain Company,Rossie Feed and Grain Company,State,,[],[8-3693],Approved,1,"985,000",2026,September,9
KS,"Brown, KS",HAMLIN,"Ag Partners Cooperative, Inc.",Ag Partners Elevators,Federal,I - Issued,[3-10116],[8-3713],Approved,5,"190,000",2026,September,9
KS,"Brown, KS",HIAWATHA,"Ag Partners Cooperative, Inc.",Ag Partners Elevators,Federal,I - Issued,[3-10116],[8-3713],Approved,1,"694,000",2026,September,9
KS,"Brown, KS",HIAWATHA,"Ag Partners Cooperative, Inc.",Ag Partners Elevators,Federal,I - Issued,[3-10116],[8-3713],Approved,16,"472,000",2026,September,9
KS,"Brown, KS",PADONIA,"Ag Partners Cooperative, Inc.",Ag Partners Elevators,Federal,I - Issued,[3-10116],[8-3713],Approved,6,"2,324,000",2026,September,9
KS,"Brown, KS",POWHATTAN,"Ag Partners Cooperative, Inc.",Ag Partners Elevators,Federal,I - Issued,[3-10116],[8-3713],Approved,4,"2,506,000",2026,September,9
KS,"Brown, KS",RESERVE,"Ag Partners Cooperative, Inc.",Ag Partners Elevators,Federal,I - Issued,[3-10116],[8-3713],Approved,7,"389,000",2026,September,9
KS,"Brown, KS",ROBINSON,"Ag Partners Cooperative, Inc.",Ag Partners Elevators,Federal,I - Issued,[3-10116],[8-3713],Approved,9,"1,326,000",2026,September,9
KS,"Brown, KS",SABETHA,"Ag Partners Cooperative, Inc.",Ag Partners Elevators,Federal,I - Issued,[3-10116],[8-3713],Approved,3,"2,582,000",2026,September,9
KS,"Brown, KS",WILLIS,"Ag Partners Cooperative, Inc.",Ag Partners Elevators,Federal,I - Issued,[3-10116],[8-3713],Approved,8,"1,154,000",2026,September,9
KS,"Doniphan, KS",DENTON,"Ag Partners Cooperative, Inc.",Ag Partners Elevators,Federal,I - Issued,[3-10116],[8-3713],Approved,10,"932,000",2026,September,9
KS,"Doniphan, KS",WHITE CLOUD,"Ag Partners Cooperative, Inc.",Ag Partners Elevators,Federal,I - Issued,[3-10116],[8-3713],Approved,15,"1,147,000",2026,September,9
KS,"Nemaha, KS",SABETHA,"Ag Partners Cooperative, Inc.",Ag Partners Elevators,Federal,I - Issued,[3-10116],[8-3713],Approved,2,"532,000",2026,September,9
MO,"Atchison, MO",TARKIO,"Ag Partners Cooperative, Inc.",Ag Partners Elevators,Federal,I - Issued,[3-10116],[8-3713],Approved,12,"3,822,000",2026,September,9
MO,"Clinton, MO",LATHROP,"Ag Partners Cooperative, Inc.",Ag Partners Elevators,Federal,I - Issued,[3-10116],[8-3713],Approved,27,"396,000",2026,September,9
NE,"Richardson, NE",RULO,"Ag Partners Cooperative, Inc.",Ag Partners Elevators,Federal,I - Issued,[3-10116],[8-3713],Approved,11,"351,000",2026,September,9
MO,"Lafayette, MO",CORDER,"Ray-Carroll County Grain Growers, Inc.",Ray-Carroll Elevator,Federal,I - Issued,[3-5010],[8-3718],Approved,9,"8,242,000",2026,September,9
AR,"Jackson, AR",NEWPORT,"Holden-Conner Seed & Grain, Inc.",Holden-Conner Seed & Grain Elevator,Federal,I - Issued,[3-9558],[8-3720],Approved,1,"1,591,000",2026,September,9
MI,"Van Buren, MI",DECATUR,"Cargill, Incorporated",Cargill ER Elevators,Federal,I - Issued,[3-10088],[8-3722],Approved,2,"4,423,000",2026,September,9
NE,"Richardson, NE",FALLS CITY,Consolidated Grain and Barge Co.,CGB ELEVATORS,Federal,I - Issued,[3-10064],[8-3723],Approved,5,"2,227,000",2026,September,9
IA,"Chickasaw, IA",PROTIVIN,"Art's Milling Service, Inc.","ARTS MILLING SERVICE, INC.",State,,[],[8-3728],Approved,1,"2,160,000",2026,September,9
KS,"Barber, KS",Isabel,The Farmers Cooperative Equity Company,THE FARMERS COOPERATIVE EQUITY ELEVATOR,Federal,I - Issued,[3-9776],[8-3746],Approved,1,"800,000",2026,September,9
KS,"Barber, KS",LAKE CITY,The Farmers Cooperative Equity Company,THE FARMERS COOPERATIVE EQUITY ELEVATOR,Federal,I - Issued,[3-9776],[8-3746],Approved,2,"154,000",2026,September,9
KS,"Barber, KS",MEDICINE LODGE,The Farmers Cooperative Equity Company,THE FARMERS COOPERATIVE EQUITY ELEVATOR,Federal,I - Issued,[3-9776],[8-3746],Approved,3,"589,000",2026,September,9
KS,"Kingman, KS",NASHVILLE,The Farmers Cooperative Equity Company,THE FARMERS COOPERATIVE EQUITY ELEVATOR,Federal,I - Issued,[3-9776],[8-3746],Approved,4,"593,000",2026,September,9
KS,"Kingman, KS",NASHVILLE,The Farmers Cooperative Equity Company,THE FARMERS COOPERATIVE EQUITY ELEVATOR,Federal,I - Issued,[3-9776],[8-3746],Approved,7,"534,000",2026,September,9
KS,"Kingman, KS",ZENDA,The Farmers Cooperative Equity Company,THE FARMERS COOPERATIVE EQUITY ELEVATOR,Federal,I - Issued,[3-9776],[8-3746],Approved,6,"494,000",2026,September,9
KS,"Pratt, KS",SAWYER,The Farmers Cooperative Equity Company,THE FARMERS COOPERATIVE EQUITY ELEVATOR,Federal,I - Issued,[3-9776],[8-3746],Approved,5,"1,169,000",2026,September,9
KS,"Harvey, KS",SEDGWICK,Kanza Cooperative Association,Kanza Cooperative Association,State,,[],[8-3748],Approved,14,"1,967,000",2026,September,9
KS,"Kingman, KS",BELMONT,Kanza Cooperative Association,Kanza Cooperative Association,State,,[],[8-3748],Approved,17,"774,000",2026,September,9
KS,"Kingman, KS",NORWICH,Kanza Cooperative Association,Kanza Cooperative Association,State,,[],[8-3748],Approved,21,"441,000",2026,September,9
KS,"Kingman, KS",RAGO,Kanza Cooperative Association,Kanza Cooperative Association,State,,[],[8-3748],Approved,23,"171,000",2026,September,9
KS,"Kingman, KS",VARNER,Kanza Cooperative Association,Kanza Cooperative Association,State,,[],[8-3748],Approved,24,"929,000",2026,September,9
KS,"Pratt, KS",Byers,Kanza Cooperative Association,Kanza Cooperative Association,State,,[],[8-3748],Approved,4,"2,756,000",2026,September,9
KS,"Pratt, KS",Coats,Kanza Cooperative Association,Kanza Cooperative Association,State,,[],[8-3748],Approved,1,"1,569,000",2026,September,9
KS,"Pratt, KS",Iuka,Kanza Cooperative Association,Kanza Cooperative Association,State,,[],[8-3748],Approved,2,"2,033,000",2026,September,9
KS,"Pratt, KS",Pratt,Kanza Cooperative Association,Kanza Cooperative Association,State,,[],[8-3748],Approved,8,"894,000",2026,September,9
KS,"Pratt, KS",Randle (Pratt),Kanza Cooperative Association,Kanza Cooperative Association,State,,[],[8-3748],Approved,10,"1,186,000",2026,September,9
KS,"Reno, KS",PRETTY PRAIRIE,Kanza Cooperative Association,Kanza Cooperative Association,State,,[],[8-3748],Approved,22,"311,000",2026,September,9
KS,"Sedgwick, KS",ANDALE,Kanza Cooperative Association,Kanza Cooperative Association,State,,[],[8-3748],Approved,11,"1,518,000",2026,September,9
KS,"Sedgwick, KS",ANNESS (Milton),Kanza Cooperative Association,Kanza Cooperative Association,State,,[],[8-3748],Approved,16,"635,000",2026,September,9
KS,"Sedgwick, KS",CHENEY,Kanza Cooperative Association,Kanza Cooperative Association,State,,[],[8-3748],Approved,18,"1,116,000",2026,September,9
KS,"Sedgwick, KS",CLONMEL,Kanza Cooperative Association,Kanza Cooperative Association,State,,[],[8-3748],Approved,19,"326,000",2026,September,9
KS,"Sedgwick, KS",COLWICH,Kanza Cooperative Association,Kanza Cooperative Association,State,,[],[8-3748],Approved,12,"707,000",2026,September,9
KS,"Sedgwick, KS",FURLEY,Kanza Cooperative Association,Kanza Cooperative Association,State,,[],[8-3748],Approved,13,"1,022,000",2026,September,9
KS,"Sedgwick, KS",GARDEN PLAIN,Kanza Cooperative Association,Kanza Cooperative Association,State,,[],[8-3748],Approved,20,"1,448,000",2026,September,9
KS,"Sedgwick, KS",VALLEY CENTER,Kanza Cooperative Association,Kanza Cooperative Association,State,,[],[8-3748],Approved,15,"639,000",2026,September,9
KS,"Sedgwick, KS",WICHITA,Kanza Cooperative Association,Kanza Cooperative Association,State,,[],[8-3748],Approved,25,"2,070,000",2026,September,9
KS,"Stafford, KS",Dillwyn (Macksville),Kanza Cooperative Association,Kanza Cooperative Association,State,,[],[8-3748],Approved,5,"2,219,000",2026,September,9
KS,"Stafford, KS",Emerson,Kanza Cooperative Association,Kanza Cooperative Association,State,,[],[8-3748],Approved,9,"1,430,000",2026,September,9
KS,"Stafford, KS",St. John,Kanza Cooperative Association,Kanza Cooperative Association,State,,[],[8-3748],Approved,3,"1,194,000",2026,September,9
KS,"Stafford, KS",Stafford,Kanza Cooperative Association,Kanza Cooperative Association,State,,[],[8-3748],Approved,7,"3,268,000",2026,September,9
KS,"Stafford, KS",Zenith (Stafford),Kanza Cooperative Association,Kanza Cooperative Association,State,,[],[8-3748],Approved,6,"1,219,000",2026,September,9
TX,"Concho, TX",LOWAKE,Top-Tier Grain and Feed Company,Top-Tier Grain Elevator,Federal,I - Issued,[3-10072],[8-3750],Approved,3,"57,000",2026,September,9
TX,"Runnels, TX",Miles,Top-Tier Grain and Feed Company,Top-Tier Grain Elevator,Federal,I - Issued,[3-10072],[8-3750],Approved,1,"502,000",2026,September,9
IA,"Linn, IA",CENTER POINT,Jay Carson dba Carson Grain Company,CARSON GRAIN COMPANY,State,,[],[8-3754],Approved,2,"285,000",2026,September,9
IA,"Linn, IA",Troy Mills,Jay Carson dba Carson Grain Company,CARSON GRAIN COMPANY,State,,[],[8-3754],Approved,1,"487,000",2026,September,9
OR,"Marion, OR",DONALD,"Morrow County Grain Growers, Inc.",Morrow County Grain Growers Warehouse,Federal,I - Issued,[3-2186],[8-3759],Approved,7,"292,000",2026,September,9
OR,"Marion, OR",MT. ANGEL,"Morrow County Grain Growers, Inc.",Morrow County Grain Growers Warehouse,Federal,I - Issued,[3-2186],[8-3759],Approved,6,"200,000",2026,September,9
OR,"Marion, OR",STAYTON,"Morrow County Grain Growers, Inc.",Morrow County Grain Growers Warehouse,Federal,I - Issued,[3-2186],[8-3759],Approved,8,"122,000",2026,September,9
CO,"Adams, CO",COMMERCE CITY,"Ardent Mills, LLC",ARDENT MILLS ELEVATORS,Federal,I - Issued,[3-10075],[8-3760],Approved,3,"2,427,000",2026,September,9
CO,"Denver, CO",Denver,"Ardent Mills, LLC",ARDENT MILLS ELEVATORS,Federal,I - Issued,[3-10075],[8-3760],Approved,2,"403,000",2026,September,9
CO,"Baca, CO",VILAS (SPRINGFIELD),"Skyland Grain, L.L.C.","Skyland Grain, L.L.C. Elevators",Federal,I - Issued,[3-9761],[8-3763],Approved,10,"2,143,000",2026,September,9
CO,"Baca, CO",WALSH,"Skyland Grain, L.L.C.","Skyland Grain, L.L.C. Elevators",Federal,I - Issued,[3-9761],[8-3763],Approved,5,"3,129,000",2026,September,9
CO,"Prowers, CO",BUCKEYE (HOLLY),"Skyland Grain, L.L.C.","Skyland Grain, L.L.C. Elevators",Federal,I - Issued,[3-9761],[8-3763],Approved,6,"3,769,000",2026,September,9
KS,"Grant, KS",HICKOK,"Skyland Grain, L.L.C.","Skyland Grain, L.L.C. Elevators",Federal,I - Issued,[3-9761],[8-3763],Approved,28,"1,648,000",2026,September,9
KS,"Grant, KS",MILEPOST,"Skyland Grain, L.L.C.","Skyland Grain, L.L.C. Elevators",Federal,I - Issued,[3-9761],[8-3763],Approved,32,"1,300,000",2026,September,9
KS,"Grant, KS",RYUS,"Skyland Grain, L.L.C.","Skyland Grain, L.L.C. Elevators",Federal,I - Issued,[3-9761],[8-3763],Approved,34,"2,179,000",2026,September,9
KS,"Grant, KS",ULYSSES,"Skyland Grain, L.L.C.","Skyland Grain, L.L.C. Elevators",Federal,I - Issued,[3-9761],[8-3763],Approved,27,"2,672,000",2026,September,9
KS,"Hamilton, KS",KENDALL,"Skyland Grain, L.L.C.","Skyland Grain, L.L.C. Elevators",Federal,I - Issued,[3-9761],[8-3763],Approved,9,"2,595,000",2026,September,9
KS,"Hamilton, KS",SYRACUSE,"Skyland Grain, L.L.C.","Skyland Grain, L.L.C. Elevators",Federal,I - Issued,[3-9761],[8-3763],Approved,7,"4,751,000",2026,September,9
KS,"Haskell, KS",SATANTA,"Skyland Grain, L.L.C.","Skyland Grain, L.L.C. Elevators",Federal,I - Issued,[3-9761],[8-3763],Approved,35,"3,043,000",2026,September,9
KS,"Haskell, KS",SUBLETTE,"Skyland Grain, L.L.C.","Skyland Grain, L.L.C. Elevators",Federal,I - Issued,[3-9761],[8-3763],Approved,64,"2,714,000",2026,September,9
KS,"Kearny, KS",LAKIN,"Skyland Grain, L.L.C.","Skyland Grain, L.L.C. Elevators",Federal,I - Issued,[3-9761],[8-3763],Approved,30,"1,136,000",2026,September,9
KS,"Kearny, KS",LAKIN,"Skyland Grain, L.L.C.","Skyland Grain, L.L.C. Elevators",Federal,I - Issued,[3-9761],[8-3763],Approved,67,"2,344,000",2026,September,9
KS,"Kearny, KS",LYDIA,"Skyland Grain, L.L.C.","Skyland Grain, L.L.C. Elevators",Federal,I - Issued,[3-9761],[8-3763],Approved,31,"4,035,000",2026,September,9
KS,"Kingman, KS",BROWN SPUR,"Skyland Grain, L.L.C.","Skyland Grain, L.L.C. Elevators",Federal,I - Issued,[3-9761],[8-3763],Approved,19,"241,000",2026,September,9
KS,"Kingman, KS",CALISTA,"Skyland Grain, L.L.C.","Skyland Grain, L.L.C. Elevators",Federal,I - Issued,[3-9761],[8-3763],Approved,20,"1,539,000",2026,September,9
KS,"Kingman, KS",CUNNINGHAM,"Skyland Grain, L.L.C.","Skyland Grain, L.L.C. Elevators",Federal,I - Issued,[3-9761],[8-3763],Approved,14,"1,862,000",2026,September,9
KS,"Kingman, KS",KINGMAN,"Skyland Grain, L.L.C.","Skyland Grain, L.L.C. Elevators",Federal,I - Issued,[3-9761],[8-3763],Approved,26,"2,482,000",2026,September,9
KS,"Kingman, KS",PENALOSA,"Skyland Grain, L.L.C.","Skyland Grain, L.L.C. Elevators",Federal,I - Issued,[3-9761],[8-3763],Approved,18,"612,000",2026,September,9
KS,"Morton, KS",ELKHART,"Skyland Grain, L.L.C.","Skyland Grain, L.L.C. Elevators",Federal,I - Issued,[3-9761],[8-3763],Approved,8,"1,918,000",2026,September,9
KS,"Morton, KS",ROLLA,"Skyland Grain, L.L.C.","Skyland Grain, L.L.C. Elevators",Federal,I - Issued,[3-9761],[8-3763],Approved,11,"2,242,000",2026,September,9
KS,"Morton, KS",ROLLA,"Skyland Grain, L.L.C.","Skyland Grain, L.L.C. Elevators",Federal,I - Issued,[3-9761],[8-3763],Approved,22,"2,302,000",2026,September,9
KS,"Pratt, KS",CAIRO,"Skyland Grain, L.L.C.","Skyland Grain, L.L.C. Elevators",Federal,I - Issued,[3-9761],[8-3763],Approved,12,"323,000",2026,September,9
KS,"Pratt, KS",CAIRO,"Skyland Grain, L.L.C.","Skyland Grain, L.L.C. Elevators",Federal,I - Issued,[3-9761],[8-3763],Approved,21,"1,633,000",2026,September,9
KS,"Pratt, KS",PRESTON,"Skyland Grain, L.L.C.","Skyland Grain, L.L.C. Elevators",Federal,I - Issued,[3-9761],[8-3763],Approved,15,"1,006,000",2026,September,9
KS,"Reno, KS",TURON,"Skyland Grain, L.L.C.","Skyland Grain, L.L.C. Elevators",Federal,I - Issued,[3-9761],[8-3763],Approved,16,"167,000",2026,September,9
KS,"Seward, KS",KISMET,"Skyland Grain, L.L.C.","Skyland Grain, L.L.C. Elevators",Federal,I - Issued,[3-9761],[8-3763],Approved,65,"4,150,000",2026,September,9
KS,"Seward, KS",LIBERAL,"Skyland Grain, L.L.C.","Skyland Grain, L.L.C. Elevators",Federal,I - Issued,[3-9761],[8-3763],Approved,42,"3,151,000",2026,September,9
KS,"Stanton, KS",BIG BOW,"Skyland Grain, L.L.C.","Skyland Grain, L.L.C. Elevators",Federal,I - Issued,[3-9761],[8-3763],Approved,2,"5,640,000",2026,September,9
KS,"Stanton, KS",JOHNSON,"Skyland Grain, L.L.C.","Skyland Grain, L.L.C. Elevators",Federal,I - Issued,[3-9761],[8-3763],Approved,1,"7,580,000",2026,September,9
KS,"Stanton, KS",MANTER,"Skyland Grain, L.L.C.","Skyland Grain, L.L.C. Elevators",Federal,I - Issued,[3-9761],[8-3763],Approved,3,"2,904,000",2026,September,9
KS,"Stanton, KS",SAUNDERS,"Skyland Grain, L.L.C.","Skyland Grain, L.L.C. Elevators",Federal,I - Issued,[3-9761],[8-3763],Approved,4,"535,000",2026,September,9
KS,"Stevens, KS",HUGOTON,"Skyland Grain, L.L.C.","Skyland Grain, L.L.C. Elevators",Federal,I - Issued,[3-9761],[8-3763],Approved,29,"1,718,000",2026,September,9
KS,"Stevens, KS",HUGOTON,"Skyland Grain, L.L.C.","Skyland Grain, L.L.C. Elevators",Federal,I - Issued,[3-9761],[8-3763],Approved,36,"1,764,000",2026,September,9
KS,"Stevens, KS",HUGOTON,"Skyland Grain, L.L.C.","Skyland Grain, L.L.C. Elevators",Federal,I - Issued,[3-9761],[8-3763],Approved,66,"4,150,000",2026,September,9
KS,"Stevens, KS",MOSCOW,"Skyland Grain, L.L.C.","Skyland Grain, L.L.C. Elevators",Federal,I - Issued,[3-9761],[8-3763],Approved,33,"11,476,000",2026,September,9
OK,"Texas, OK",HOUGH (GUYMON),"Skyland Grain, L.L.C.","Skyland Grain, L.L.C. Elevators",Federal,I - Issued,[3-9761],[8-3763],Approved,23,"3,486,000",2026,September,9
OK,"Texas, OK",YARBROUGH (KEYES),"Skyland Grain, L.L.C.","Skyland Grain, L.L.C. Elevators",Federal,I - Issued,[3-9761],[8-3763],Approved,24,"1,684,000",2026,September,9
TX,"Dallam, TX",CONLEN,"Skyland Grain, L.L.C.","Skyland Grain, L.L.C. Elevators",Federal,I - Issued,[3-9761],[8-3763],Approved,45,"3,979,000",2026,September,9
TX,"Dallam, TX",TEXLINE,"Skyland Grain, L.L.C.","Skyland Grain, L.L.C. Elevators",Federal,I - Issued,[3-9761],[8-3763],Approved,55,"1,779,000",2026,September,9
TX,"Hale, TX",PLAINVIEW,"Skyland Grain, L.L.C.","Skyland Grain, L.L.C. Elevators",Federal,I - Issued,[3-9761],[8-3763],Approved,57,"3,653,000",2026,September,9
TX,"Hansford, TX",GRUVER,"Skyland Grain, L.L.C.","Skyland Grain, L.L.C. Elevators",Federal,I - Issued,[3-9761],[8-3763],Approved,47,"5,429,000",2026,September,9
TX,"Hansford, TX",SPEARMAN,"Skyland Grain, L.L.C.","Skyland Grain, L.L.C. Elevators",Federal,I - Issued,[3-9761],[8-3763],Approved,49,"2,726,000",2026,September,9
TX,"Hartley, TX",HARTLEY,"Skyland Grain, L.L.C.","Skyland Grain, L.L.C. Elevators",Federal,I - Issued,[3-9761],[8-3763],Approved,54,"2,500,000",2026,September,9
TX,"Lamb, TX",OLTON,"Skyland Grain, L.L.C.","Skyland Grain, L.L.C. Elevators",Federal,I - Issued,[3-9761],[8-3763],Approved,56,"3,258,000",2026,September,9
TX,"Moore, TX",CAPPS SWITCH,"Skyland Grain, L.L.C.","Skyland Grain, L.L.C. Elevators",Federal,I - Issued,[3-9761],[8-3763],Approved,46,"1,956,000",2026,September,9
TX,"Moore, TX",ETTER,"Skyland Grain, L.L.C.","Skyland Grain, L.L.C. Elevators",Federal,I - Issued,[3-9761],[8-3763],Approved,44,"3,207,000",2026,September,9
TX,"Moore, TX",SUNRAY,"Skyland Grain, L.L.C.","Skyland Grain, L.L.C. Elevators",Federal,I - Issued,[3-9761],[8-3763],Approved,43,"5,241,000",2026,September,9
IL,"Cass, IL",Ashland,RCM Co-op,RCM CO-OP,State,,[],[8-3766],Approved,1,"2,916,000",2026,September,9
IL,"Christian, IL",EDINBURG,RCM Co-op,RCM CO-OP,State,,[],[8-3766],Approved,5,"1,381,000",2026,September,9
IL,"Menard, IL",Athens,RCM Co-op,RCM CO-OP,State,,[],[8-3766],Approved,8,"2,227,000",2026,September,9
IL,"Menard, IL",Athens,RCM Co-op,RCM CO-OP,State,,[],[8-3766],Approved,9,"3,213,000",2026,September,9
IL,"Menard, IL",GREENVIEW,RCM Co-op,RCM CO-OP,State,,[],[8-3766],Approved,11,"1,582,000",2026,September,9
IL,"Sangamon, IL",DAWSON,RCM Co-op,RCM CO-OP,State,,[],[8-3766],Approved,6,"512,000",2026,September,9
IL,"Sangamon, IL",Mechanicsburg,RCM Co-op,RCM CO-OP,State,,[],[8-3766],Approved,4,"4,585,000",2026,September,9
IL,"Sangamon, IL",Pleasant Plains,RCM Co-op,RCM CO-OP,State,,[],[8-3766],Approved,2,"1,990,000",2026,September,9
IL,"Sangamon, IL",Pleasant Plains,RCM Co-op,RCM CO-OP,State,,[],[8-3766],Approved,3,"3,498,000",2026,September,9
IL,"Sangamon, IL",Riverton,RCM Co-op,RCM CO-OP,State,,[],[8-3766],Approved,7,"2,592,000",2026,September,9
IL,"Sangamon, IL",WILLIAMSVILLE,RCM Co-op,RCM CO-OP,State,,[],[8-3766],Approved,10,"1,528,000",2026,September,9
MN,"Faribault, MN",BLUE EARTH,STATELINE COOPERATIVE-be,STATELINE COOPERATIVE,State,,[],[8-3774],Approved,1,,2026,September,9
LA,"Acadia, LA",CROWLEY,"Riviana Foods, Inc.",Acadia Warehouse,Federal,I - Issued,[3-10109],[8-3785],Approved,1,"1,114,000",2026,September,9
LA,"Calcasieu, LA",LAKE CHARLES,"IFG Port Holdings, LLC",IFG Export Grain Terminal,Federal,I - Issued,[3-10105],[8-3794],Approved,1,"2,763,000",2026,September,9
TX,"Colorado, TX",EAGLE LAKE,"Hlavinka Commodities Company, LLC",Hlavinka Commodities Elevator,Federal,I - Issued,[3-10107],[8-3800],Approved,3,"1,069,000",2026,September,9
TX,"Colorado, TX",EAGLE LAKE,"Hlavinka Commodities Company, LLC",Hlavinka Commodities Elevator,Federal,I - Issued,[3-10107],[8-3800],Approved,4,"2,069,000",2026,September,9
TX,"Colorado, TX",EAST BERNARD,"Hlavinka Commodities Company, LLC",Hlavinka Commodities Elevator,Federal,I - Issued,[3-10107],[8-3800],Approved,1,"1,566,000",2026,September,9
TX,"Waller, TX",BROOKSHIRE,"Hlavinka Commodities Company, LLC",Hlavinka Commodities Elevator,Federal,I - Issued,[3-10107],[8-3800],Approved,2,"358,000",2026,September,9
MS,"Tunica, MS",TUNICA,Consolidated Grain and Barge Co.,CGB Elevators,Federal,I - Issued,[3-10192],[8-3802],Approved,1,"609,000",2026,September,9
AR,"Chicot, AR",YELLOW BEND,"Oakley Grain, Inc.",OAKLEY GRAIN ELEVATOR,Federal,I - Issued,[3-10121],[8-3812],Approved,6,"1,957,000",2026,September,9
AR,"Chicot, AR",YELLOW BEND,"Oakley Grain, Inc.",OAKLEY GRAIN ELEVATOR,Federal,I - Issued,[3-10121],[8-3812],Approved,7,"63,000",2026,September,9
AR,"Conway, AR",MORRILTON,"Oakley Grain, Inc.",OAKLEY GRAIN ELEVATOR,Federal,I - Issued,[3-10121],[8-3812],Approved,2,"509,000",2026,September,9
AR,"Desha, AR",PENDLETON,"Oakley Grain, Inc.",OAKLEY GRAIN ELEVATOR,Federal,I - Issued,[3-10121],[8-3812],Approved,4,"4,626,000",2026,September,9
AR,"Pulaski, AR",NORTH  LITTLE ROCK,"Oakley Grain, Inc.",OAKLEY GRAIN ELEVATOR,Federal,I - Issued,[3-10121],[8-3812],Approved,1,"2,241,000",2026,September,9
IA,"Tama, IA",Tama,"Werner's Grain & Feed, LLC",Werner Elevator,Federal,I - Issued,[3-10200],[8-3828],Approved,1,"1,947,000",2026,September,9
AR,"Crittenden, AR",WEST MEMPHIS,"Cargill, Incorporated",CARGILL SRR ELEVATORS,Federal,I - Issued,[3-10089],[8-3836],Approved,18,"996,000",2026,September,9
MO,"Vernon, MO",WALKER,MFA Incorporated,Producers MFA Agri Services,State,,[],[8-3842],Approved,1,"387,000",2026,September,9
IA,"Webster, IA",FT. DODGE,"Cargill, Incorporated",Cargill Ft. Dodge Elevator,Federal,I - Issued,[3-10119],[8-3843],Approved,1,"1,214,000",2026,September,9
KS,"Dickinson, KS",Carlton,"Agri Trails Coop, Inc.","Agri Trails Coop, Inc.",State,,[],[8-3844],Approved,2,"600,000",2026,September,9
KS,"Dickinson, KS",Chapman,"Agri Trails Coop, Inc.","Agri Trails Coop, Inc.",State,,[],[8-3844],Approved,3,"1,727,000",2026,September,9
KS,"Dickinson, KS",Dillon,"Agri Trails Coop, Inc.","Agri Trails Coop, Inc.",State,,[],[8-3844],Approved,4,"589,000",2026,September,9
KS,"Dickinson, KS",Herington,"Agri Trails Coop, Inc.","Agri Trails Coop, Inc.",State,,[],[8-3844],Approved,7,"558,000",2026,September,9
KS,"Dickinson, KS",Hope,"Agri Trails Coop, Inc.","Agri Trails Coop, Inc.",State,,[],[8-3844],Approved,1,"1,626,000",2026,September,9
KS,"Dickinson, KS",Navarre,"Agri Trails Coop, Inc.","Agri Trails Coop, Inc.",State,,[],[8-3844],Approved,9,"913,000",2026,September,9
KS,"Dickinson, KS",Pearl,"Agri Trails Coop, Inc.","Agri Trails Coop, Inc.",State,,[],[8-3844],Approved,10,"579,000",2026,September,9
KS,"Dickinson, KS",Woodbine,"Agri Trails Coop, Inc.","Agri Trails Coop, Inc.",State,,[],[8-3844],Approved,12,"466,000",2026,September,9
KS,"Marion, KS",Durham,"Agri Trails Coop, Inc.","Agri Trails Coop, Inc.",State,,[],[8-3844],Approved,5,"505,000",2026,September,9
KS,"Marion, KS",Lincolnville,"Agri Trails Coop, Inc.","Agri Trails Coop, Inc.",State,,[],[8-3844],Approved,8,"1,110,000",2026,September,9
KS,"Marion, KS",Tampa,"Agri Trails Coop, Inc.","Agri Trails Coop, Inc.",State,,[],[8-3844],Approved,11,"1,869,000",2026,September,9
KS,"Morris, KS",COUNCIL GROVE,"Agri Trails Coop, Inc.","Agri Trails Coop, Inc.",State,,[],[8-3844],Approved,13,"727,000",2026,September,9
KS,"Morris, KS",WHITE CITY,"Agri Trails Coop, Inc.","Agri Trails Coop, Inc.",State,,[],[8-3844],Approved,14,"820,000",2026,September,9
KS,"Saline, KS",Gypsum,"Agri Trails Coop, Inc.","Agri Trails Coop, Inc.",State,,[],[8-3844],Approved,6,"846,000",2026,September,9
KS,"Barton, KS",DARTMOUTH,The Pawnee County Cooperative Association,Pawnee Elevators,Federal,I - Issued,[3-2672],[8-3851],Approved,3,"635,000",2026,September,9
KS,"Pawnee, KS",GARFIELD,The Pawnee County Cooperative Association,Pawnee Elevators,Federal,I - Issued,[3-2672],[8-3851],Approved,2,"1,588,000",2026,September,9
KS,"Pawnee, KS",LARNED,The Pawnee County Cooperative Association,Pawnee Elevators,Federal,I - Issued,[3-2672],[8-3851],Approved,1,"4,592,000",2026,September,9
KS,"Stafford, KS",MACKSVILLE,The Pawnee County Cooperative Association,Pawnee Elevators,Federal,I - Issued,[3-2672],[8-3851],Approved,5,"647,000",2026,September,9
TX,"Parmer, TX",Friona,"J.D. Heiskell Holdings, LLC",J.D. Heiskell Elevators,Federal,I - Issued,[3-10141],[8-3860],Approved,1,"1,268,000",2026,September,9
TX,"Sherman, TX",Stratford,"J.D. Heiskell Holdings, LLC",J.D. Heiskell Elevators,Federal,I - Issued,[3-10141],[8-3860],Approved,8,"1,491,000",2026,September,9
LA,"Richland, LA",Holly Ridge,"Supreme Rice, LLC",Supreme Rice Warehouse - Holly Ridge,State,,[],[8-3875],Approved,1,"1,524,000",2026,September,9
GA,"Hall, GA",Gainesville,"Cargill, Incorporated",Cargill Gainesville Elevator,Federal,I - Issued,[3-5343],[8-3876],Approved,1,"4,431,000",2026,September,9
IA,"Calhoun, IA",KNIERIM,"New Cooperative, Inc.",Co-Op Elevators,Federal,I - Issued,[3-6152],[8-3882],Approved,8,"5,058,000",2026,September,9
IA,"Calhoun, IA",KNOKE,"New Cooperative, Inc.",Co-Op Elevators,Federal,I - Issued,[3-6152],[8-3882],Approved,13,"2,105,000",2026,September,9
IA,"Calhoun, IA",LOHRVILLE,"New Cooperative, Inc.",Co-Op Elevators,Federal,I - Issued,[3-6152],[8-3882],Approved,10,"3,705,000",2026,September,9
IA,"Calhoun, IA",POMEROY,"New Cooperative, Inc.",Co-Op Elevators,Federal,I - Issued,[3-6152],[8-3882],Approved,12,"3,242,000",2026,September,9
IA,"Calhoun, IA",RANDS,"New Cooperative, Inc.",Co-Op Elevators,Federal,I - Issued,[3-6152],[8-3882],Approved,9,"3,838,000",2026,September,9
IA,"Carroll, IA",GLIDDEN,"New Cooperative, Inc.",Co-Op Elevators,Federal,I - Issued,[3-6152],[8-3882],Approved,20,"2,103,000",2026,September,9
IA,"Carroll, IA",LANESBORO,"New Cooperative, Inc.",Co-Op Elevators,Federal,I - Issued,[3-6152],[8-3882],Approved,21,"1,292,000",2026,September,9
IA,"Carroll, IA",LIDDERDALE,"New Cooperative, Inc.",Co-Op Elevators,Federal,I - Issued,[3-6152],[8-3882],Approved,19,"4,162,000",2026,September,9
IA,"Cass, IA",ANITA,"New Cooperative, Inc.",Co-Op Elevators,Federal,I - Issued,[3-6152],[8-3882],Approved,70,"630,000",2026,September,9
IA,"Cherokee, IA",WASHTA,"New Cooperative, Inc.",Co-Op Elevators,Federal,I - Issued,[3-6152],[8-3882],Approved,32,"2,134,000",2026,September,9
IA,"Clarke, IA",OSCEOLA,"New Cooperative, Inc.",Co-Op Elevators,Federal,I - Issued,[3-6152],[8-3882],Approved,64,"2,862,000",2026,September,9
IA,"Clay, IA",DICKENS,"New Cooperative, Inc.",Co-Op Elevators,Federal,I - Issued,[3-6152],[8-3882],Approved,40,"2,173,000",2026,September,9
IA,"Clay, IA",EVERLY,"New Cooperative, Inc.",Co-Op Elevators,Federal,I - Issued,[3-6152],[8-3882],Approved,51,"3,078,000",2026,September,9
IA,"Clay, IA",FOSTORIA,"New Cooperative, Inc.",Co-Op Elevators,Federal,I - Issued,[3-6152],[8-3882],Approved,45,"2,539,000",2026,September,9
IA,"Clay, IA",GREENVILLE,"New Cooperative, Inc.",Co-Op Elevators,Federal,I - Issued,[3-6152],[8-3882],Approved,52,"448,000",2026,September,9
IA,"Clay, IA",LANGDON,"New Cooperative, Inc.",Co-Op Elevators,Federal,I - Issued,[3-6152],[8-3882],Approved,53,"1,124,000",2026,September,9
IA,"Decatur, IA",Davis City,"New Cooperative, Inc.",Co-Op Elevators,Federal,I - Issued,[3-6152],[8-3882],Approved,79,"1,530,000",2026,September,9
IA,"Decatur, IA",LAMONI,"New Cooperative, Inc.",Co-Op Elevators,Federal,I - Issued,[3-6152],[8-3882],Approved,73,"345,000",2026,September,9
IA,"Dickinson, IA",MILFORD,"New Cooperative, Inc.",Co-Op Elevators,Federal,I - Issued,[3-6152],[8-3882],Approved,55,"1,187,000",2026,September,9
IA,"Dickinson, IA",SUPERIOR,"New Cooperative, Inc.",Co-Op Elevators,Federal,I - Issued,[3-6152],[8-3882],Approved,57,"2,992,000",2026,September,9
IA,"Emmet, IA",GRUVER,"New Cooperative, Inc.",Co-Op Elevators,Federal,I - Issued,[3-6152],[8-3882],Approved,56,"4,929,000",2026,September,9
IA,"Franklin, IA",DOWS,"New Cooperative, Inc.",Co-Op Elevators,Federal,I - Issued,[3-6152],[8-3882],Approved,24,"2,664,000",2026,September,9
IA,"Greene, IA",Churdan,"New Cooperative, Inc.",Co-Op Elevators,Federal,I - Issued,[3-6152],[8-3882],Approved,78,"4,204,000",2026,September,9
IA,"Greene, IA",JEFFERSON,"New Cooperative, Inc.",Co-Op Elevators,Federal,I - Issued,[3-6152],[8-3882],Approved,59,"4,710,000",2026,September,9
IA,"Hamilton, IA",BLAIRSBURG,"New Cooperative, Inc.",Co-Op Elevators,Federal,I - Issued,[3-6152],[8-3882],Approved,18,"3,199,000",2026,September,9
IA,"Hancock, IA",BRITT,"New Cooperative, Inc.",Co-Op Elevators,Federal,I - Issued,[3-6152],[8-3882],Approved,50,"2,052,000",2026,September,9
IA,"Hancock, IA",GARNER,"New Cooperative, Inc.",Co-Op Elevators,Federal,I - Issued,[3-6152],[8-3882],Approved,49,"1,320,000",2026,September,9
IA,"Hancock, IA",KLEMME,"New Cooperative, Inc.",Co-Op Elevators,Federal,I - Issued,[3-6152],[8-3882],Approved,48,"2,011,000",2026,September,9
IA,"Humboldt, IA",BODE,"New Cooperative, Inc.",Co-Op Elevators,Federal,I - Issued,[3-6152],[8-3882],Approved,15,"2,657,000",2026,September,9
IA,"Humboldt, IA",HUMBOLDT,"New Cooperative, Inc.",Co-Op Elevators,Federal,I - Issued,[3-6152],[8-3882],Approved,14,"2,070,000",2026,September,9
IA,"Humboldt, IA",LUVERNE,"New Cooperative, Inc.",Co-Op Elevators,Federal,I - Issued,[3-6152],[8-3882],Approved,16,"3,832,000",2026,September,9
IA,"Kossuth, IA",ALGONA,"New Cooperative, Inc.",Co-Op Elevators,Federal,I - Issued,[3-6152],[8-3882],Approved,41,"848,000",2026,September,9
IA,"Kossuth, IA",WHITTEMORE,"New Cooperative, Inc.",Co-Op Elevators,Federal,I - Issued,[3-6152],[8-3882],Approved,39,"1,082,000",2026,September,9
IA,"Lucas, IA",CHARITON,"New Cooperative, Inc.",Co-Op Elevators,Federal,I - Issued,[3-6152],[8-3882],Approved,75,"1,025,000",2026,September,9
IA,"Monona, IA",BLENCOE,"New Cooperative, Inc.",Co-Op Elevators,Federal,I - Issued,[3-6152],[8-3882],Approved,26,"4,672,000",2026,September,9
IA,"Monona, IA",MAPLETON,"New Cooperative, Inc.",Co-Op Elevators,Federal,I - Issued,[3-6152],[8-3882],Approved,33,"5,136,000",2026,September,9
IA,"Monona, IA",ONAWA,"New Cooperative, Inc.",Co-Op Elevators,Federal,I - Issued,[3-6152],[8-3882],Approved,29,"2,801,000",2026,September,9
IA,"Monona, IA",UTE,"New Cooperative, Inc.",Co-Op Elevators,Federal,I - Issued,[3-6152],[8-3882],Approved,34,"4,717,000",2026,September,9
IA,"Monona, IA",WHITING,"New Cooperative, Inc.",Co-Op Elevators,Federal,I - Issued,[3-6152],[8-3882],Approved,27,"2,357,000",2026,September,9
IA,"Montgomery, IA",Red Oak,"New Cooperative, Inc.",Co-Op Elevators,Federal,I - Issued,[3-6152],[8-3882],Approved,67,"7,766,000",2026,September,9
IA,"Montgomery, IA",VILLISCA,"New Cooperative, Inc.",Co-Op Elevators,Federal,I - Issued,[3-6152],[8-3882],Approved,69,"2,460,000",2026,September,9
IA,"Montgomery, IA",VILLISCA,"New Cooperative, Inc.",Co-Op Elevators,Federal,I - Issued,[3-6152],[8-3882],Approved,71,"831,000",2026,September,9
IA,"Page, IA",ESSEX,"New Cooperative, Inc.",Co-Op Elevators,Federal,I - Issued,[3-6152],[8-3882],Approved,77,"2,868,000",2026,September,9
IA,"Palo Alto, IA",MALLARD,"New Cooperative, Inc.",Co-Op Elevators,Federal,I - Issued,[3-6152],[8-3882],Approved,38,"5,537,000",2026,September,9
IA,"Palo Alto, IA",WEST BEND,"New Cooperative, Inc.",Co-Op Elevators,Federal,I - Issued,[3-6152],[8-3882],Approved,37,"5,182,000",2026,September,9
IA,"Pocahontas, IA",PALMER,"New Cooperative, Inc.",Co-Op Elevators,Federal,I - Issued,[3-6152],[8-3882],Approved,11,"3,898,000",2026,September,9
IA,"Ringgold, IA",MOUNT AYR,"New Cooperative, Inc.",Co-Op Elevators,Federal,I - Issued,[3-6152],[8-3882],Approved,63,"1,399,000",2026,September,9
IA,"Taylor, IA",CLEARFIELD,"New Cooperative, Inc.",Co-Op Elevators,Federal,I - Issued,[3-6152],[8-3882],Approved,72,"3,603,000",2026,September,9
IA,"Union, IA",AFTON,"New Cooperative, Inc.",Co-Op Elevators,Federal,I - Issued,[3-6152],[8-3882],Approved,60,"1,749,000",2026,September,9
IA,"Union, IA",ARISPE,"New Cooperative, Inc.",Co-Op Elevators,Federal,I - Issued,[3-6152],[8-3882],Approved,62,"230,000",2026,September,9
IA,"Union, IA",CRESTON,"New Cooperative, Inc.",Co-Op Elevators,Federal,I - Issued,[3-6152],[8-3882],Approved,65,"1,920,000",2026,September,9
IA,"Wayne, IA",HUMESTON,"New Cooperative, Inc.",Co-Op Elevators,Federal,I - Issued,[3-6152],[8-3882],Approved,74,"3,514,000",2026,September,9
IA,"Webster, IA",Badger,"New Cooperative, Inc.",Co-Op Elevators,Federal,I - Issued,[3-6152],[8-3882],Approved,4,"2,154,000",2026,September,9
IA,"Webster, IA",BARNUM,"New Cooperative, Inc.",Co-Op Elevators,Federal,I - Issued,[3-6152],[8-3882],Approved,7,"1,020,000",2026,September,9
IA,"Webster, IA",CLARE,"New Cooperative, Inc.",Co-Op Elevators,Federal,I - Issued,[3-6152],[8-3882],Approved,6,"5,503,000",2026,September,9
IA,"Webster, IA",DUNCOMBE,"New Cooperative, Inc.",Co-Op Elevators,Federal,I - Issued,[3-6152],[8-3882],Approved,5,"4,544,000",2026,September,9
IA,"Webster, IA",LANYON (HARCOURT),"New Cooperative, Inc.",Co-Op Elevators,Federal,I - Issued,[3-6152],[8-3882],Approved,22,"3,590,000",2026,September,9
IA,"Webster, IA",Moorland,"New Cooperative, Inc.",Co-Op Elevators,Federal,I - Issued,[3-6152],[8-3882],Approved,2,"4,434,000",2026,September,9
IA,"Webster, IA",OTHO,"New Cooperative, Inc.",Co-Op Elevators,Federal,I - Issued,[3-6152],[8-3882],Approved,3,"2,979,000",2026,September,9
IA,"Webster, IA",Vincent,"New Cooperative, Inc.",Co-Op Elevators,Federal,I - Issued,[3-6152],[8-3882],Approved,1,"7,959,000",2026,September,9
IA,"Woodbury, IA",ANTHON,"New Cooperative, Inc.",Co-Op Elevators,Federal,I - Issued,[3-6152],[8-3882],Approved,36,"4,501,000",2026,September,9
IA,"Woodbury, IA",CORRECTIONVILLE,"New Cooperative, Inc.",Co-Op Elevators,Federal,I - Issued,[3-6152],[8-3882],Approved,31,"2,118,000",2026,September,9
IA,"Woodbury, IA",HORNICK,"New Cooperative, Inc.",Co-Op Elevators,Federal,I - Issued,[3-6152],[8-3882],Approved,25,"4,292,000",2026,September,9
IA,"Woodbury, IA",PIERSON,"New Cooperative, Inc.",Co-Op Elevators,Federal,I - Issued,[3-6152],[8-3882],Approved,30,"1,680,000",2026,September,9
IA,"Woodbury, IA",SLOAN,"New Cooperative, Inc.",Co-Op Elevators,Federal,I - Issued,[3-6152],[8-3882],Approved,28,"6,523,000",2026,September,9
IA,"Wright, IA",BELMOND,"New Cooperative, Inc.",Co-Op Elevators,Federal,I - Issued,[3-6152],[8-3882],Approved,47,"5,801,000",2026,September,9
IA,"Wright, IA",ROWAN,"New Cooperative, Inc.",Co-Op Elevators,Federal,I - Issued,[3-6152],[8-3882],Approved,23,"4,620,000",2026,September,9
IA,"Wright, IA",WOOLSTOCK,"New Cooperative, Inc.",Co-Op Elevators,Federal,I - Issued,[3-6152],[8-3882],Approved,17,"3,347,000",2026,September,9
MO,"Harrison, MO",CAINSVILLE,"New Cooperative, Inc.",Co-Op Elevators,Federal,I - Issued,[3-6152],[8-3882],Approved,76,"709,000",2026,September,9
IA,"Louisa, IA",WAPELLO,"Farmers Elevator & Exchange, Inc.",WAPELLO ELEVATOR,Federal,I - Issued,[3-6574],[8-3891],Approved,1,"4,636,000",2026,September,9
IA,"Washington, IA",Kalona,"Farmers Elevator & Exchange, Inc.",WAPELLO ELEVATOR,Federal,I - Issued,[3-6574],[8-3891],Approved,2,"1,260,000",2026,September,9
KS,,LEON,"Fleming Feed & Grain, Inc.","Fleming Feed & Grain, Inc.",State,,[],[8-3893],Approved,1,"688,000",2026,September,9
KS,"Cowley, KS",BURDEN,"Fleming Feed & Grain, Inc.","Fleming Feed & Grain, Inc.",State,,[],[8-3893],Approved,2,"625,000",2026,September,9
KS,"Cowley, KS",WINFIELD,"Fleming Feed & Grain, Inc.","Fleming Feed & Grain, Inc.",State,,[],[8-3893],Approved,3,"1,285,000",2026,September,9
AR,"Crittenden, AR",Crawfordsville,"Supreme Rice, LLC",Supreme Rice Warehouse,Federal,I - Issued,[3-10145],[8-3907],Approved,1,"289,000",2026,September,9
KS,"Anderson, KS",Westphalia,"The LeRoy Cooperative Association, Inc.","The LeRoy Cooperative Association, Inc.",State,,[],[8-3916],Approved,2,"954,000",2026,September,9
KS,"Coffey, KS",Girdley,"The LeRoy Cooperative Association, Inc.","The LeRoy Cooperative Association, Inc.",State,,[],[8-3916],Approved,3,"621,000",2026,September,9
KS,"Coffey, KS",LeRoy,"The LeRoy Cooperative Association, Inc.","The LeRoy Cooperative Association, Inc.",State,,[],[8-3916],Approved,1,"2,108,000",2026,September,9
KS,"Woodson, KS",Yates Center,"The LeRoy Cooperative Association, Inc.","The LeRoy Cooperative Association, Inc.",State,,[],[8-3916],Approved,4,"399,000",2026,September,9
OH,"Ross, OH",CHILLICOTHE,"Cargill, Incorporated",Cargill ER Elevators,Federal,I - Issued,[3-10088],[8-3920],Approved,26,"2,883,000",2026,September,9
TN,"Humphreys, TN",NEW JOHNSONVILLE,"Bunge USA Grain, LLC",Bunge Kentucky Elevators,Federal,I - Issued,[3-9856],[8-3922],Approved,4,"1,267,000",2026,September,9
ND,"Adams, ND",BUCYRUS,United Grain Corporation of Oregon,UNITED GRAIN CORPORATION ELEVATORS,Federal,I - Issued,[3-10150],[8-3928],Approved,1,"2,047,000",2026,September,9
MO,"Clark, MO",Wayland,URSA Farmers Co-operative Company,URSA FARMERS CO-OPERATIVE COMPANY,State,,[],[8-3929],Authorized,3,"7,175,000",2026,September,9
MO,"Lewis, MO",CANTON,URSA Farmers Co-operative Company,URSA FARMERS CO-OPERATIVE COMPANY,State,,[],[8-3929],Authorized,1,"6,307,000",2026,September,9
IL,"Douglas, IL",TUSCOLA,Archer-Daniels-Midland Company,ADM Grain Company,State,,[],[8-3930],Approved,1,"8,016,000",2026,September,9
IL,"Douglas, IL",TUSCOLA (EAST),Archer-Daniels-Midland Company,ADM Grain Company,State,,[],[8-3930],Approved,2,"1,048,000",2026,September,9
NE,"Otoe, NE",DUNBAR,"Elkhorn Valley Grain and Processing, LLC",Elkhorn Valley Grain Elevator,Federal,I - Issued,[3-10165],[8-3932],Approved,3,"170,000",2026,September,9
NE,"Pierce, NE",HADAR,"Elkhorn Valley Grain and Processing, LLC",Elkhorn Valley Grain Elevator,Federal,I - Issued,[3-10165],[8-3932],Approved,2,"381,000",2026,September,9
NE,"Saunders, NE",Wahoo,"Elkhorn Valley Grain and Processing, LLC",Elkhorn Valley Grain Elevator,Federal,I - Issued,[3-10165],[8-3932],Approved,1,"791,000",2026,September,9
SD,"Brown, SD",Aberdeen (West),Ag Processing Inc a Cooperative,AGP Elevator,Federal,I - Issued,[3-10168],[8-3949],Approved,2,"4,734,000",2026,September,9
SD,"Brown, SD",ABERDEEN(EAST),Ag Processing Inc a Cooperative,AGP Elevator,Federal,I - Issued,[3-10168],[8-3949],Approved,1,"4,488,000",2026,September,9
IA,"Iowa, IA",NORTH ENGLISH,"Faas Feed and Grain, Inc.",Faas Feed and Grain Elevator,Federal,I - Issued,[3-10169],[8-3950],Approved,1,"484,000",2026,September,9
IA,"Keokuk, IA",KESWICK,"Faas Feed and Grain, Inc.",Faas Feed and Grain Elevator,Federal,I - Issued,[3-10169],[8-3950],Approved,3,"501,000",2026,September,9
IA,"Keokuk, IA",SIGOURNEY,"Faas Feed and Grain, Inc.",Faas Feed and Grain Elevator,Federal,I - Issued,[3-10169],[8-3950],Approved,4,"448,000",2026,September,9
IA,"Keokuk, IA",WEBSTER,"Faas Feed and Grain, Inc.",Faas Feed and Grain Elevator,Federal,I - Issued,[3-10169],[8-3950],Approved,2,"1,470,000",2026,September,9
AR,"Craighead, AR",OTWELL,"Harvest Rice, LLC",Harvest Rice Warehouse,Federal,I - Issued,[3-10172],[8-3957],Approved,1,"3,961,000",2026,September,9
LA,"Morehouse, LA",BONITA,"Kennedy Rice Dryers, LLC","KENNEDY RICE DRYERS, LLC",State,,[],[8-3958],Approved,3,"1,487,000",2026,September,9
LA,"Morehouse, LA",MER ROUGE,"Kennedy Rice Dryers, LLC","KENNEDY RICE DRYERS, LLC",State,,[],[8-3958],Approved,1,"7,207,000",2026,September,9
LA,"Richland, LA","ALTO, RAYVILLE","Kennedy Rice Dryers, LLC","KENNEDY RICE DRYERS, LLC",State,,[],[8-3958],Approved,5,"931,000",2026,September,9
LA,"Richland, LA",RAYVILLE,"Kennedy Rice Dryers, LLC","KENNEDY RICE DRYERS, LLC",State,,[],[8-3958],Approved,4,"2,016,000",2026,September,9
LA,"West Carroll, LA",GOODWILL,"Kennedy Rice Dryers, LLC","KENNEDY RICE DRYERS, LLC",State,,[],[8-3958],Approved,2,"741,000",2026,September,9
IN,"Kosciusko, IN",MILFORD,"Cargill, Incorporated",Cargill ER Elevators,Federal,I - Issued,[3-10088],[8-3963],Approved,27,"4,746,000",2026,September,9
KS,"Gray, KS",COPELAND,Archer-Daniels-Midland Company,ADM Grain Western Region Elevators,Federal,I - Issued,[3-9670],[8-3973],Approved,5,"2,723,000",2026,September,9
KS,"Gray, KS",MONTEZUMA,Archer-Daniels-Midland Company,ADM Grain Western Region Elevators,Federal,I - Issued,[3-9670],[8-3973],Approved,4,"3,134,000",2026,September,9
KS,"Haskell, KS",COUNTRY STORE,Archer-Daniels-Midland Company,ADM Grain Western Region Elevators,Federal,I - Issued,[3-9670],[8-3973],Approved,6,"2,380,000",2026,September,9
KS,"Meade, KS",COLLANO,Archer-Daniels-Midland Company,ADM Grain Western Region Elevators,Federal,I - Issued,[3-9670],[8-3973],Approved,19,"2,398,000",2026,September,9
KS,"Meade, KS",PLAINS,Archer-Daniels-Midland Company,ADM Grain Western Region Elevators,Federal,I - Issued,[3-9670],[8-3973],Approved,20,"3,404,000",2026,September,9
KS,"Wichita, KS",LEOTI,Archer-Daniels-Midland Company,ADM Grain Western Region Elevators,Federal,I - Issued,[3-9670],[8-3973],Approved,21,"2,237,000",2026,September,9
KS,"Wichita, KS",SELKIRK,Archer-Daniels-Midland Company,ADM Grain Western Region Elevators,Federal,I - Issued,[3-9670],[8-3973],Approved,22,"1,043,000",2026,September,9
KS,"Butler, KS",BENTON,"Producer Ag, LLC",Producer Ag Elevators,Federal,I - Issued,[3-10208],[8-3979],Approved,3,"1,482,000",2026,September,9
KS,"Butler, KS",WHITEWATER,"Producer Ag, LLC",Producer Ag Elevators,Federal,I - Issued,[3-10208],[8-3979],Approved,37,"1,105,000",2026,September,9
KS,"Clay, KS",LONGFORD,"Producer Ag, LLC",Producer Ag Elevators,Federal,I - Issued,[3-10208],[8-3979],Approved,45,"261,000",2026,September,9
KS,"Dickinson, KS",Abilene,"Producer Ag, LLC",Producer Ag Elevators,Federal,I - Issued,[3-10208],[8-3979],Approved,40,"1,245,000",2026,September,9
KS,"Dickinson, KS",Abilene,"Producer Ag, LLC",Producer Ag Elevators,Federal,I - Issued,[3-10208],[8-3979],Approved,42,"717,000",2026,September,9
KS,"Harper, KS",BLUFF CITY,"Producer Ag, LLC",Producer Ag Elevators,Federal,I - Issued,[3-10208],[8-3979],Approved,69,"676,000",2026,September,9
KS,"Harper, KS",DANVILLE,"Producer Ag, LLC",Producer Ag Elevators,Federal,I - Issued,[3-10208],[8-3979],Approved,70,"1,242,000",2026,September,9
KS,"Harper, KS",NEWPORT,"Producer Ag, LLC",Producer Ag Elevators,Federal,I - Issued,[3-10208],[8-3979],Approved,74,"1,066,000",2026,September,9
KS,"Harvey, KS",NEWTON,"Producer Ag, LLC",Producer Ag Elevators,Federal,I - Issued,[3-10208],[8-3979],Approved,29,"438,000",2026,September,9
KS,"Harvey, KS",WALTON,"Producer Ag, LLC",Producer Ag Elevators,Federal,I - Issued,[3-10208],[8-3979],Approved,35,"4,158,000",2026,September,9
KS,"Jefferson, KS",NORTONVILLE,"Producer Ag, LLC",Producer Ag Elevators,Federal,I - Issued,[3-10208],[8-3979],Approved,59,"147,000",2026,September,9
KS,"Marion, KS",BURNS,"Producer Ag, LLC",Producer Ag Elevators,Federal,I - Issued,[3-10208],[8-3979],Approved,6,"1,667,000",2026,September,9
KS,"Marion, KS",FLORENCE,"Producer Ag, LLC",Producer Ag Elevators,Federal,I - Issued,[3-10208],[8-3979],Approved,13,"263,000",2026,September,9
KS,"Marion, KS",PEABODY,"Producer Ag, LLC",Producer Ag Elevators,Federal,I - Issued,[3-10208],[8-3979],Approved,33,"803,000",2026,September,9
KS,"McPherson, KS",Canton Terminal,"Producer Ag, LLC",Producer Ag Elevators,Federal,I - Issued,[3-10208],[8-3979],Approved,56,"10,330,000",2026,September,9
KS,"McPherson, KS",GALVA,"Producer Ag, LLC",Producer Ag Elevators,Federal,I - Issued,[3-10208],[8-3979],Approved,14,"646,000",2026,September,9
KS,"McPherson, KS",GROVELAND,"Producer Ag, LLC",Producer Ag Elevators,Federal,I - Issued,[3-10208],[8-3979],Approved,16,"4,558,000",2026,September,9
KS,"McPherson, KS",HILTON STATION,"Producer Ag, LLC",Producer Ag Elevators,Federal,I - Issued,[3-10208],[8-3979],Approved,20,"393,000",2026,September,9
KS,"McPherson, KS",LINDSBORG,"Producer Ag, LLC",Producer Ag Elevators,Federal,I - Issued,[3-10208],[8-3979],Approved,23,"1,333,000",2026,September,9
KS,"McPherson, KS",MARQUETTE,"Producer Ag, LLC",Producer Ag Elevators,Federal,I - Issued,[3-10208],[8-3979],Approved,25,"2,055,000",2026,September,9
KS,"McPherson, KS",MCPHERSON,"Producer Ag, LLC",Producer Ag Elevators,Federal,I - Issued,[3-10208],[8-3979],Approved,27,"658,000",2026,September,9
KS,"McPherson, KS",Moundridge,"Producer Ag, LLC",Producer Ag Elevators,Federal,I - Issued,[3-10208],[8-3979],Approved,1,"2,573,000",2026,September,9
KS,"McPherson, KS",ROXBURY,"Producer Ag, LLC",Producer Ag Elevators,Federal,I - Issued,[3-10208],[8-3979],Approved,34,"523,000",2026,September,9
KS,"Meade, KS",HOBART,"Producer Ag, LLC",Producer Ag Elevators,Federal,I - Issued,[3-10208],[8-3979],Approved,61,"6,449,000",2026,September,9
KS,"Meade, KS",PLAINS,"Producer Ag, LLC",Producer Ag Elevators,Federal,I - Issued,[3-10208],[8-3979],Approved,64,"3,602,000",2026,September,9
KS,"Meade, KS",Wild Horse (Copeland),"Producer Ag, LLC",Producer Ag Elevators,Federal,I - Issued,[3-10208],[8-3979],Approved,65,"2,811,000",2026,September,9
KS,"Montgomery, KS",COFFEYVILLE,"Producer Ag, LLC",Producer Ag Elevators,Federal,I - Issued,[3-10208],[8-3979],Approved,57,"508,000",2026,September,9
KS,"Montgomery, KS",LIBERTY,"Producer Ag, LLC",Producer Ag Elevators,Federal,I - Issued,[3-10208],[8-3979],Approved,58,"360,000",2026,September,9
KS,"Ottawa, KS",BENNINGTON,"Producer Ag, LLC",Producer Ag Elevators,Federal,I - Issued,[3-10208],[8-3979],Approved,43,"201,000",2026,September,9
KS,"Pottawatomie, KS",Onaga,"Producer Ag, LLC",Producer Ag Elevators,Federal,I - Issued,[3-10208],[8-3979],Approved,55,"1,274,000",2026,September,9
KS,"Reno, KS",BUHLER,"Producer Ag, LLC",Producer Ag Elevators,Federal,I - Issued,[3-10208],[8-3979],Approved,5,"503,000",2026,September,9
KS,"Reno, KS",CASTLETON,"Producer Ag, LLC",Producer Ag Elevators,Federal,I - Issued,[3-10208],[8-3979],Approved,9,"441,000",2026,September,9
KS,"Reno, KS",HAVEN,"Producer Ag, LLC",Producer Ag Elevators,Federal,I - Issued,[3-10208],[8-3979],Approved,18,"1,114,000",2026,September,9
KS,"Rice, KS",Sterling RR,"Producer Ag, LLC",Producer Ag Elevators,Federal,I - Issued,[3-10208],[8-3979],Approved,52,"7,552,000",2026,September,9
KS,"Riley, KS",Manhattan,"Producer Ag, LLC",Producer Ag Elevators,Federal,I - Issued,[3-10208],[8-3979],Approved,54,"1,245,000",2026,September,9
KS,"Sedgwick, KS",WICHITA,"Producer Ag, LLC",Producer Ag Elevators,Federal,I - Issued,[3-10208],[8-3979],Approved,38,"1,991,000",2026,September,9
KS,"Seward, KS",KISMET,"Producer Ag, LLC",Producer Ag Elevators,Federal,I - Issued,[3-10208],[8-3979],Approved,62,"1,655,000",2026,September,9
KS,"Seward, KS",LIBERAL,"Producer Ag, LLC",Producer Ag Elevators,Federal,I - Issued,[3-10208],[8-3979],Approved,63,"677,000",2026,September,9
KS,"Sumner, KS",ARGONIA (North),"Producer Ag, LLC",Producer Ag Elevators,Federal,I - Issued,[3-10208],[8-3979],Approved,67,"981,000",2026,September,9
KS,"Sumner, KS",Argonia (South),"Producer Ag, LLC",Producer Ag Elevators,Federal,I - Issued,[3-10208],[8-3979],Approved,68,"576,000",2026,September,9
KS,"Sumner, KS",MAYFIELD,"Producer Ag, LLC",Producer Ag Elevators,Federal,I - Issued,[3-10208],[8-3979],Approved,71,"549,000",2026,September,9
KS,"Sumner, KS",METCALF,"Producer Ag, LLC",Producer Ag Elevators,Federal,I - Issued,[3-10208],[8-3979],Approved,72,"306,000",2026,September,9
KS,"Sumner, KS",Milan Terminal (Milan),"Producer Ag, LLC",Producer Ag Elevators,Federal,I - Issued,[3-10208],[8-3979],Approved,60,"7,532,000",2026,September,9
KS,"Sumner, KS",New Haven (South Haven),"Producer Ag, LLC",Producer Ag Elevators,Federal,I - Issued,[3-10208],[8-3979],Approved,73,"535,000",2026,September,9
KS,"Sumner, KS",OXFORD,"Producer Ag, LLC",Producer Ag Elevators,Federal,I - Issued,[3-10208],[8-3979],Approved,75,"483,000",2026,September,9
KS,"Sumner, KS",ROME,"Producer Ag, LLC",Producer Ag Elevators,Federal,I - Issued,[3-10208],[8-3979],Approved,76,"754,000",2026,September,9
KS,"Sumner, KS",WELLINGTON,"Producer Ag, LLC",Producer Ag Elevators,Federal,I - Issued,[3-10208],[8-3979],Approved,78,"2,110,000",2026,September,9
KS,"Wabaunsee, KS",Alta Vista,"Producer Ag, LLC",Producer Ag Elevators,Federal,I - Issued,[3-10208],[8-3979],Approved,53,"1,186,000",2026,September,9
MO,"Bates, MO",Drexel,"Producer Ag, LLC",Producer Ag Elevators,Federal,I - Issued,[3-10208],[8-3979],Approved,51,"296,000",2026,September,9
MO,"Vernon, MO",Metz,"Producer Ag, LLC",Producer Ag Elevators,Federal,I - Issued,[3-10208],[8-3979],Approved,49,"294,000",2026,September,9
OK,"Grant, OK",ALBIN,"Producer Ag, LLC",Producer Ag Elevators,Federal,I - Issued,[3-10208],[8-3979],Approved,66,"714,000",2026,September,9
KS,,MORGANVILLE,The Farmers Co-operative Elevator Association,The Farmers Co-operative Elevator Association,State,,[],[8-3997],Approved,1,"2,692,000",2026,September,9
AR,"Ashley, AR",Portland,"Portland Gin & Warehouse, Inc.",Portland Gin Warehouse,Federal,I - Issued,[3-10175],[8-4007],Approved,1,"826,000",2026,September,9
CO,"Kiowa, CO",Haswell,The Scoular Company,The Scoular Company,State,,[],[8-4008],Approved,2,"575,000",2026,September,9
CO,"Sedgwick, CO",JULESBURG,The Scoular Company,The Scoular Company,State,,[],[8-4008],Approved,3,"1,410,000",2026,September,9
CO,"Yuma, CO",Idalia,The Scoular Company,The Scoular Company,State,,[],[8-4008],Approved,1,"1,387,000",2026,September,9
LA,"East Carroll, LA",LAKE PROVIDENCE,HOLLYBROOK ENTERPRISES LLC,HOLLYBROOK ENTERPRISES LLC,State,,[],[8-4011],Authorized,1,"1,187,000",2026,September,9
MO,"Buchanan, MO",ST JOSEPH,"Central Commodities, LLC",CenCom Elevator,Federal,I - Issued,[3-10179],[8-4012],Approved,2,"1,155,000",2026,September,9
MO,"Gentry, MO",STANBERRY,"Central Commodities, LLC",CenCom Elevator,Federal,I - Issued,[3-10179],[8-4012],Approved,1,"486,000",2026,September,9
OK,"Garfield, OK",KREMLIN,"Enterprise Grain Company, LLC",Enterprise Elevator,Federal,I - Issued,[3-10181],[8-4016],Approved,1,"737,000",2026,September,9
LA,"Evangeline, LA",Mamou,"Mamou Rice Drier and Warehouse, Inc.","Mamou Rice Drier and Warehouse, Inc.",State,,[],[8-4018],Approved,1,"1,561,000",2026,September,9
LA,"St. Landry, LA",Eunice,"Mamou Rice Drier and Warehouse, Inc.","Mamou Rice Drier and Warehouse, Inc.",State,,[],[8-4018],Approved,2,"828,000",2026,September,9
LA,"Evangeline, LA",VILLE PLATTE,Ville Platte Rice Drier Incorporated,"VILLE PLATTE RICE DRIER, INC.",State,,[],[8-4020],Approved,1,"1,031,000",2026,September,9
AR,,BRINKLEY,"Riviana Foods, Inc.",Brinkley Warehouse,Federal,I - Issued,[3-10184],[8-4023],Approved,1,"1,124,000",2026,September,9
LA,"Jefferson Davis, LA",FENTON,Fenton Rice Co-op.,FENTON RICE CO-OP.,State,,[],[8-4029],Approved,1,,2026,September,9
AR,"Desha, AR",ARKANSAS CITY,Consolidated Grain and Barge Co.,CGB Elevators,Federal,I - Issued,[3-10192],[8-4030],Approved,9,"124,000",2026,September,9
AR,"Jefferson, AR",Sherrill,Consolidated Grain and Barge Co.,CGB Elevators,Federal,I - Issued,[3-10192],[8-4030],Approved,6,"4,687,000",2026,September,9
MS,"Bolivar, MS",ROSEDALE,Consolidated Grain and Barge Co.,CGB Elevators,Federal,I - Issued,[3-10192],[8-4030],Approved,7,"3,445,000",2026,September,9
MS,"Washington, MS",Greenville,Consolidated Grain and Barge Co.,CGB Elevators,Federal,I - Issued,[3-10192],[8-4030],Approved,5,"3,188,000",2026,September,9
IA,"Des Moines, IA",Burlington,Consolidated Grain and Barge Co.,CGB Elevators,Federal,I - Issued,[3-10006],[8-4035],Approved,20,"643,000",2026,September,9
IL,"Jackson, IL",GRAND TOWER,Consolidated Grain and Barge Co.,CGB Elevators,Federal,I - Issued,[3-10191],[8-4038],Approved,14,"578,000",2026,September,9
IL,"Whiteside, IL",ALBANY,Consolidated Grain and Barge Co.,Consolidated Grain and Barge Company Terminal,Federal,I - Issued,[3-8045],[8-4039],Approved,12,"4,946,000",2026,September,9
IL,"Whiteside, IL",FULTON,Consolidated Grain and Barge Co.,Consolidated Grain and Barge Company Terminal,Federal,I - Issued,[3-8045],[8-4039],Approved,13,"1,473,000",2026,September,9
KS,"Crawford, KS",MCCUNE,"CoMark Equity Alliance, LLC",CoMark Equity Alliance Elevators,Federal,I - Issued,[3-10148],[8-4040],Approved,66,"1,264,000",2026,September,9
KY,"Daviess, KY",OWENSBORO,Consolidated Grain and Barge Co.,CGB Elevators,Federal,I - Issued,[3-9257],[8-4041],Approved,21,"792,000",2026,September,9
AR,"Mississippi, AR",HUFFMAN,"Viserion Grain, LLC",Viserion Grain Elevators,Federal,I - Issued,[3-10195],[8-4042],Approved,8,"3,477,000",2026,September,9
AR,"Mississippi, AR",OSCEOLA,"Viserion Grain, LLC",Viserion Grain Elevators,Federal,I - Issued,[3-10195],[8-4042],Approved,9,"8,703,000",2026,September,9
AR,"Phillips, AR",HELENA,"Viserion Grain, LLC",Viserion Grain Elevators,Federal,I - Issued,[3-10195],[8-4042],Approved,10,"2,497,000",2026,September,9
IL,"Gallatin, IL",OLD SHAWNEETOWN,"Viserion Grain, LLC",Viserion Grain Elevators,Federal,I - Issued,[3-10195],[8-4042],Approved,7,"3,629,000",2026,September,9
MO,"Pemiscot, MO",CARUTHERSVILLE,"Viserion Grain, LLC",Viserion Grain Elevators,Federal,I - Issued,[3-10195],[8-4042],Approved,5,"2,372,000",2026,September,9
IA,"Clayton, IA",MCGREGOR,"Viserion Grain, LLC",Viserion Grain Elevators,Federal,I - Issued,[3-10195],[8-4047],Approved,1,"1,228,000",2026,September,9
IL,"Carroll, IL",SAVANNA,"Viserion Grain, LLC",Viserion Grain Elevators,Federal,I - Issued,[3-10195],[8-4047],Approved,2,"188,000",2026,September,9
LA,"East Carroll, LA",LAKE PROVIDENCE,"Viserion Grain, LLC",Viserion Grain Elevators,Federal,I - Issued,[3-10195],[8-4048],Approved,3,"1,428,000",2026,September,9
LA,"East Carroll, LA",LAKE PROVIDENCE,"Viserion Grain, LLC",Viserion Grain Elevators,Federal,I - Issued,[3-10195],[8-4048],Approved,12,"517,000",2026,September,9
LA,"East Carroll, LA",Lake Providence,"Viserion Grain, LLC",Viserion Grain Elevators,Federal,I - Issued,[3-10195],[8-4048],Approved,13,"1,117,000",2026,September,9
LA,"Franklin, LA",CROWVILLE,"Viserion Grain, LLC",Viserion Grain Elevators,Federal,I - Issued,[3-10195],[8-4048],Approved,14,"5,683,000",2026,September,9
LA,"Pointe Coupee, LA",LETTSWORTH,"Viserion Grain, LLC",Viserion Grain Elevators,Federal,I - Issued,[3-10195],[8-4048],Approved,4,"1,580,000",2026,September,9
KS,"Barton, KS",CLAFLIN,Central Prairie Co-op,Central Prairie Co-op,State,,[],[8-4062],Approved,5,"927,000",2026,September,9
KS,"Ellsworth, KS",LORRAINE,Central Prairie Co-op,Central Prairie Co-op,State,,[],[8-4062],Approved,9,"664,000",2026,September,9
KS,"Reno, KS",Hutchinson,Central Prairie Co-op,Central Prairie Co-op,State,,[],[8-4062],Approved,8,"259,000",2026,September,9
KS,"Reno, KS",Nickerson,Central Prairie Co-op,Central Prairie Co-op,State,,[],[8-4062],Approved,11,"1,306,000",2026,September,9
KS,"Reno, KS",Partridge,Central Prairie Co-op,Central Prairie Co-op,State,,[],[8-4062],Approved,12,"738,000",2026,September,9
KS,"Reno, KS",Yoder,Central Prairie Co-op,Central Prairie Co-op,State,,[],[8-4062],Approved,16,"406,000",2026,September,9
KS,"Rice, KS",ALDEN,Central Prairie Co-op,Central Prairie Co-op,State,,[],[8-4062],Approved,2,"1,163,000",2026,September,9
KS,"Rice, KS",BUSHTON,Central Prairie Co-op,Central Prairie Co-op,State,,[],[8-4062],Approved,3,"607,000",2026,September,9
KS,"Rice, KS",CHASE,Central Prairie Co-op,Central Prairie Co-op,State,,[],[8-4062],Approved,4,"1,875,000",2026,September,9
KS,"Rice, KS",FREDERICK,Central Prairie Co-op,Central Prairie Co-op,State,,[],[8-4062],Approved,6,"1,551,000",2026,September,9
KS,"Rice, KS",GENESEO,Central Prairie Co-op,Central Prairie Co-op,State,,[],[8-4062],Approved,7,"473,000",2026,September,9
KS,"Rice, KS",Little River,Central Prairie Co-op,Central Prairie Co-op,State,,[],[8-4062],Approved,17,"1,797,000",2026,September,9
KS,"Rice, KS",LYONS,Central Prairie Co-op,Central Prairie Co-op,State,,[],[8-4062],Approved,10,"773,000",2026,September,9
KS,"Rice, KS",POLLARD,Central Prairie Co-op,Central Prairie Co-op,State,,[],[8-4062],Approved,13,"254,000",2026,September,9
KS,"Rice, KS",Sterling,Central Prairie Co-op,Central Prairie Co-op,State,,[],[8-4062],Approved,1,"1,599,000",2026,September,9
KS,"Marion, KS",Hillsboro,"CoMark Equity Alliance, LLC",CoMark Equity Alliance Elevators,Federal,I - Issued,[3-10148],[8-4063],Approved,180,"2,606,000",2026,September,9
KS,"Marion, KS",Lehigh,"CoMark Equity Alliance, LLC",CoMark Equity Alliance Elevators,Federal,I - Issued,[3-10148],[8-4063],Approved,182,"321,000",2026,September,9
KS,"Marion, KS",Marion,"CoMark Equity Alliance, LLC",CoMark Equity Alliance Elevators,Federal,I - Issued,[3-10148],[8-4063],Approved,183,"1,074,000",2026,September,9
KS,"Marion, KS",Marion,"CoMark Equity Alliance, LLC",CoMark Equity Alliance Elevators,Federal,I - Issued,[3-10148],[8-4063],Approved,184,"384,000",2026,September,9
KS,"McPherson, KS",Canton,"CoMark Equity Alliance, LLC",CoMark Equity Alliance Elevators,Federal,I - Issued,[3-10148],[8-4063],Approved,181,"597,000",2026,September,9
KS,"Ness, KS",LAIRD,"D. E. Bondurant Group Co., Inc.","D. E. BONDURANT GRAIN CO., INC.",State,,[],[8-4075],Approved,2,"836,000",2026,September,9
KS,"Ness, KS",NESS CITY,"D. E. Bondurant Group Co., Inc.","D. E. BONDURANT GRAIN CO., INC.",State,,[],[8-4075],Approved,1,"2,246,000",2026,September,9
KS,"Ness, KS",Riverside,"D. E. Bondurant Group Co., Inc.","D. E. BONDURANT GRAIN CO., INC.",State,,[],[8-4075],Approved,3,"1,004,000",2026,September,9
KS,"Harvey, KS",Burrton (Patterson),"CoMark Equity Alliance, LLC",CoMark Equity Alliance Elevators,Federal,I - Issued,[3-10148],[8-4081],Approved,178,"1,857,000",2026,September,9
KS,"Harvey, KS",Halstead,"CoMark Equity Alliance, LLC",CoMark Equity Alliance Elevators,Federal,I - Issued,[3-10148],[8-4081],Approved,176,"2,367,000",2026,September,9
KS,"Harvey, KS",Sedgwick ( Bentley),"CoMark Equity Alliance, LLC",CoMark Equity Alliance Elevators,Federal,I - Issued,[3-10148],[8-4081],Approved,179,"986,000",2026,September,9
KS,"Sedgwick, KS",Mount Hope,"CoMark Equity Alliance, LLC",CoMark Equity Alliance Elevators,Federal,I - Issued,[3-10148],[8-4081],Approved,177,"1,725,000",2026,September,9
KS,"Edwards, KS",Offerle,The Offerle Cooperative Grain and Supply Company,THE OFFERLE COOPERATIVE GRAIN AND SUPPLY COMPANY,State,,[],[8-4094],Approved,1,"2,012,000",2026,September,9
KS,"Ford, KS",Bucklin,The Offerle Cooperative Grain and Supply Company,THE OFFERLE COOPERATIVE GRAIN AND SUPPLY COMPANY,State,,[],[8-4094],Approved,3,"2,274,000",2026,September,9
KS,"Ford, KS",Spearville,The Offerle Cooperative Grain and Supply Company,THE OFFERLE COOPERATIVE GRAIN AND SUPPLY COMPANY,State,,[],[8-4094],Approved,2,"1,219,000",2026,September,9
IL,"De Kalb, IL",SOMONAUK,Leland Farmers' Company,Leland Farmers' Company,State,,[],[8-4105],Approved,2,"212,000",2026,September,9
IL,"La Salle, IL",LELAND,Leland Farmers' Company,Leland Farmers' Company,State,,[],[8-4105],Approved,1,"4,183,000",2026,September,9
KS,"Decatur, KS",JENNINGS,"CoMark Equity Alliance, LLC",CoMark Equity Alliance Elevators,Federal,I - Issued,[3-10148],[8-4108],Approved,59,"1,163,000",2026,September,9
KS,"Decatur, KS",KANONA,"CoMark Equity Alliance, LLC",CoMark Equity Alliance Elevators,Federal,I - Issued,[3-10148],[8-4108],Approved,58,"602,000",2026,September,9
KS,"Decatur, KS",NORCATUR,"CoMark Equity Alliance, LLC",CoMark Equity Alliance Elevators,Federal,I - Issued,[3-10148],[8-4108],Approved,62,"1,392,000",2026,September,9
KS,"Decatur, KS",OBERLIN,"CoMark Equity Alliance, LLC",CoMark Equity Alliance Elevators,Federal,I - Issued,[3-10148],[8-4108],Approved,57,"1,997,000",2026,September,9
KS,"Decatur, KS",OBERLIN,"CoMark Equity Alliance, LLC",CoMark Equity Alliance Elevators,Federal,I - Issued,[3-10148],[8-4108],Approved,197,"2,126,000",2026,September,9
KS,"Norton, KS",LENORA,"CoMark Equity Alliance, LLC",CoMark Equity Alliance Elevators,Federal,I - Issued,[3-10148],[8-4108],Approved,63,"688,000",2026,September,9
KS,"Rawlins, KS",HERNDON,"CoMark Equity Alliance, LLC",CoMark Equity Alliance Elevators,Federal,I - Issued,[3-10148],[8-4108],Approved,61,"1,089,000",2026,September,9
NE,"Red Willow, NE",DANBURY,"CoMark Equity Alliance, LLC",CoMark Equity Alliance Elevators,Federal,I - Issued,[3-10148],[8-4108],Approved,60,"947,000",2026,September,9
KS,"Jewell, KS",BURR OAK,Midway Co-Op Association,Midway Co-Op Association,State,,[],[8-4122],Approved,7,"692,000",2026,September,9
KS,"Jewell, KS",MANKATO,Midway Co-Op Association,Midway Co-Op Association,State,,[],[8-4122],Approved,5,"765,000",2026,September,9
KS,"Osborne, KS",ALTON,Midway Co-Op Association,Midway Co-Op Association,State,,[],[8-4122],Approved,6,"2,362,000",2026,September,9
KS,"Osborne, KS",DOWNS,Midway Co-Op Association,Midway Co-Op Association,State,,[],[8-4122],Approved,8,"289,000",2026,September,9
KS,"Osborne, KS",DOWNS (CORINTH),Midway Co-Op Association,Midway Co-Op Association,State,,[],[8-4122],Approved,9,"244,000",2026,September,9
KS,"Osborne, KS",Osborne,Midway Co-Op Association,Midway Co-Op Association,State,,[],[8-4122],Approved,1,"1,051,000",2026,September,9
KS,"Osborne, KS",OSBORNE (BLOOMINGTON),Midway Co-Op Association,Midway Co-Op Association,State,,[],[8-4122],Approved,2,"579,000",2026,September,9
KS,"Osborne, KS",PORTIS,Midway Co-Op Association,Midway Co-Op Association,State,,[],[8-4122],Approved,10,"1,418,000",2026,September,9
KS,"Russell, KS",LURAY,Midway Co-Op Association,Midway Co-Op Association,State,,[],[8-4122],Approved,4,"1,697,000",2026,September,9
KS,"Smith, KS",LEBANON,Midway Co-Op Association,Midway Co-Op Association,State,,[],[8-4122],Approved,3,"4,081,000",2026,September,9
KS,"Smith, KS",LEBANON (BELLAIRE),Midway Co-Op Association,Midway Co-Op Association,State,,[],[8-4122],Approved,11,"4,177,000",2026,September,9
KS,"Washington, KS",Palmer,"Palmer Grain, Inc.","Palmer Grain, Inc.",State,,[],[8-4128],Approved,1,"1,042,000",2026,September,9
LA,"Jefferson Davis, LA",THORNWELL,Thornwell Warehouse Association,THORNWELL WAREHOUSE ASSOCIATION,State,,[],[8-4139],Approved,1,,2026,September,9
LA,"Jefferson Davis, LA",WELSH,Thornwell Warehouse Association,THORNWELL WAREHOUSE ASSOCIATION,State,,[],[8-4139],Approved,2,,2026,September,9
KS,"Woodson, KS",PIQUA,The Piqua Farmers Cooperative Association,THE PIQUA FARMERS COOPERATIVE ASSOCIATION,State,,[],[8-4163],Approved,1,"1,543,000",2026,September,9
KS,"Marshall, KS",AXTELL,"Ag Partners Cooperative, Inc.",Ag Partners Elevators,Federal,I - Issued,[3-10116],[8-4166],Approved,25,"1,654,000",2026,September,9
KS,"Marshall, KS",VLIETS,"Ag Partners Cooperative, Inc.",Ag Partners Elevators,Federal,I - Issued,[3-10116],[8-4166],Approved,21,"1,341,000",2026,September,9
KS,"Nemaha, KS",BAILEYVILLE,"Ag Partners Cooperative, Inc.",Ag Partners Elevators,Federal,I - Issued,[3-10116],[8-4166],Approved,19,"957,000",2026,September,9
KS,"Nemaha, KS",CENTRALIA,"Ag Partners Cooperative, Inc.",Ag Partners Elevators,Federal,I - Issued,[3-10116],[8-4166],Approved,20,"690,000",2026,September,9
KS,"Nemaha, KS",CORNING,"Ag Partners Cooperative, Inc.",Ag Partners Elevators,Federal,I - Issued,[3-10116],[8-4166],Approved,18,"2,631,000",2026,September,9
KS,"Nemaha, KS",SENECA,"Ag Partners Cooperative, Inc.",Ag Partners Elevators,Federal,I - Issued,[3-10116],[8-4166],Approved,17,"1,396,000",2026,September,9
KS,"Pottawatomie, KS",BELVUE,"Ag Partners Cooperative, Inc.",Ag Partners Elevators,Federal,I - Issued,[3-10116],[8-4166],Approved,23,"1,401,000",2026,September,9
KS,"Pottawatomie, KS",ST. MARYS,"Ag Partners Cooperative, Inc.",Ag Partners Elevators,Federal,I - Issued,[3-10116],[8-4166],Approved,24,"670,000",2026,September,9
KS,"Pottawatomie, KS",WAMEGO,"Ag Partners Cooperative, Inc.",Ag Partners Elevators,Federal,I - Issued,[3-10116],[8-4166],Approved,22,"3,675,000",2026,September,9
KS,"Russell, KS",PARADISE,"Paradise Grain Company, Inc.","PARADISE GRAIN COMPANY, INC.",State,,[],[8-4170],Approved,1,"379,000",2026,September,9
LA,,ABBEVILLE,"VICTORY SUPPLY, INC.","VICTORY SUPPLY, INC.",State,,[],[8-4192],Authorized,1,"401,400",2026,September,9
KS,"Pawnee, KS",BURDETT,"Golden Valley, Inc.","GOLDEN VALLEY, INC.",State,,[],[8-4233],Approved,3,"2,088,000",2026,September,9
KS,"Pawnee, KS",Rozel,"Golden Valley, Inc.","GOLDEN VALLEY, INC.",State,,[],[8-4233],Approved,1,"1,625,000",2026,September,9
KS,"Pawnee, KS",SANFORD (Larned),"Golden Valley, Inc.","GOLDEN VALLEY, INC.",State,,[],[8-4233],Approved,2,"1,502,000",2026,September,9
KS,"Scott, KS",GRIGSTON,The Scott Cooperative Association,COOP ELEVATOR,Federal,I - Issued,[3-4363],[8-4286],Approved,4,"1,249,000",2026,September,9
KS,"Scott, KS",MANNING,The Scott Cooperative Association,COOP ELEVATOR,Federal,I - Issued,[3-4363],[8-4286],Approved,5,"703,000",2026,September,9
KS,"Scott, KS",MODOC,The Scott Cooperative Association,COOP ELEVATOR,Federal,I - Issued,[3-4363],[8-4286],Approved,6,"1,379,000",2026,September,9
KS,"Scott, KS",PENCE (SCOTT CITY),The Scott Cooperative Association,COOP ELEVATOR,Federal,I - Issued,[3-4363],[8-4286],Approved,9,"791,000",2026,September,9
KS,"Scott, KS",Scott City,The Scott Cooperative Association,COOP ELEVATOR,Federal,I - Issued,[3-4363],[8-4286],Approved,1,"4,141,000",2026,September,9
KS,"Scott, KS",SHALLOW WATER,The Scott Cooperative Association,COOP ELEVATOR,Federal,I - Issued,[3-4363],[8-4286],Approved,3,"962,000",2026,September,9
KS,"Wichita, KS",MARIENTHAL,The Scott Cooperative Association,COOP ELEVATOR,Federal,I - Issued,[3-4363],[8-4286],Approved,2,"4,565,000",2026,September,9
KS,"Wichita, KS",SELKIRK,The Scott Cooperative Association,COOP ELEVATOR,Federal,I - Issued,[3-4363],[8-4286],Approved,8,"2,407,000",2026,September,9
KS,"Rooks, KS",Stockton,The Farmers Union Mercantile and Shipping Association,The Farmers Union Mercantile and Shipping Association,State,,[],[8-4318],Approved,1,"1,056,000",2026,September,9
KS,"Rooks, KS",WOODSTON,The Farmers Union Mercantile and Shipping Association,The Farmers Union Mercantile and Shipping Association,State,,[],[8-4318],Approved,2,"669,000",2026,September,9
LA,"East Carroll, LA",LAKE PROVIDENCE,"The Andersons, Inc.",The Andersons Grain LA Elevator,Federal,I - Issued,[3-10189],[8-4321],Approved,5,"2,659,000",2026,September,9
LA,"Franklin, LA",WISNER,"The Andersons, Inc.",The Andersons Grain LA Elevator,Federal,I - Issued,[3-10189],[8-4321],Approved,1,"6,114,000",2026,September,9
LA,"Madison, LA",TALLULAH,"The Andersons, Inc.",The Andersons Grain LA Elevator,Federal,I - Issued,[3-10189],[8-4321],Approved,4,"2,616,000",2026,September,9
LA,"Morehouse, LA",OAK RIDGE,"The Andersons, Inc.",The Andersons Grain LA Elevator,Federal,I - Issued,[3-10189],[8-4321],Approved,2,"1,676,000",2026,September,9
LA,"Richland, LA",DELHI,"The Andersons, Inc.",The Andersons Grain LA Elevator,Federal,I - Issued,[3-10189],[8-4321],Approved,3,"8,216,000",2026,September,9
LA,"Tensas, LA",NEWELLTON,"The Andersons, Inc.",The Andersons Grain LA Elevator,Federal,I - Issued,[3-10189],[8-4321],Approved,6,"2,231,000",2026,September,9
KS,"Haskell, KS",SUBLETTE,"Sublette Cooperative, Inc.","Sublette Cooperative, Inc.",State,,[],[8-4323],Approved,1,"8,178,000",2026,September,9
IA,"Plymouth, IA",BRUNSVILLE,"Premium Feed and Grain, Inc.","PREMIUM FEED AND GRAIN, INC.",State,,[],[8-4332],Approved,1,"944,000",2026,September,9
IA,"Plymouth, IA",MERRILL,"Premium Feed and Grain, Inc.","PREMIUM FEED AND GRAIN, INC.",State,,[],[8-4332],Approved,2,"170,000",2026,September,9
LA,"Madison, LA",DELHI,"Farmers Grain Terminal, Inc.",Farmers Grain Warehouse,Federal,I - Issued,[3-5711],[8-4336],Approved,9,"1,613,000",2026,September,9
CO,"Cheyenne, CO",CHEYENNE WELLS,CHS Inc.,CHS Southern Plains Elevators,Federal,I - Issued,[3-10231],[8-4384],Approved,43,"3,471,000",2026,September,9
KS,"Greeley, KS",HORACE,CHS Inc.,CHS Southern Plains Elevators,Federal,I - Issued,[3-10231],[8-4384],Approved,42,"588,000",2026,September,9
KS,"Greeley, KS",KANCO,CHS Inc.,CHS Southern Plains Elevators,Federal,I - Issued,[3-10231],[8-4384],Approved,40,"301,000",2026,September,9
KS,"Greeley, KS",TRIBUNE,CHS Inc.,CHS Southern Plains Elevators,Federal,I - Issued,[3-10231],[8-4384],Approved,39,"2,618,000",2026,September,9
KS,"Wallace, KS",SHARON SPRINGS,CHS Inc.,CHS Southern Plains Elevators,Federal,I - Issued,[3-10231],[8-4384],Approved,36,"2,253,000",2026,September,9
KS,"Wallace, KS",WALLACE,CHS Inc.,CHS Southern Plains Elevators,Federal,I - Issued,[3-10231],[8-4384],Approved,37,"1,333,000",2026,September,9
KS,"Wallace, KS",WESKAN,CHS Inc.,CHS Southern Plains Elevators,Federal,I - Issued,[3-10231],[8-4384],Approved,38,"2,367,000",2026,September,9
KS,"Wichita, KS",SELKIRK,CHS Inc.,CHS Southern Plains Elevators,Federal,I - Issued,[3-10231],[8-4384],Approved,41,"1,645,000",2026,September,9
AR,"Chicot, AR",LAKE VILLAGE,"Farmers Grain Terminal, Inc.",Farmers Grain Warehouse,Federal,I - Issued,[3-5711],[8-4390],Approved,4,"1,465,000",2026,September,9
KS,"Reno, KS",Turon,"Turon Mill & Elevator, Inc.","TURON MILL & ELEVATOR, INC.",State,,[],[8-4433],Approved,1,"556,000",2026,September,9
IL,"Hancock, IL",BASCO,"Basco Elevator, Ltd.","BASCO ELEVATOR, LTD.",State,,[],[8-4458],Approved,1,"753,000",2026,September,9
IL,"Hancock, IL",ELVASTON,"Basco Elevator, Ltd.","BASCO ELEVATOR, LTD.",State,,[],[8-4458],Approved,2,"384,000",2026,September,9
KS,"Cheyenne, KS",ST. FRANCIS,Wheeler Cooperative Mercantile Equity Union,WHEELER COOP MERCANTILE EQUITY UNION,State,,[],[8-4499],Approved,1,"1,280,000",2026,September,9
KS,"Clark, KS",Ashland,"Alliance Ag and Grain, LLC",ALLIANCE AG and GRAIN LLC,State,,[],[8-4525],Approved,16,"483,000",2026,September,9
KS,"Clark, KS",Englewood,"Alliance Ag and Grain, LLC",ALLIANCE AG and GRAIN LLC,State,,[],[8-4525],Approved,21,"547,000",2026,September,9
KS,"Clark, KS",Minneola,"Alliance Ag and Grain, LLC",ALLIANCE AG and GRAIN LLC,State,,[],[8-4525],Approved,18,"1,826,000",2026,September,9
KS,"Clark, KS",Sitka,"Alliance Ag and Grain, LLC",ALLIANCE AG and GRAIN LLC,State,,[],[8-4525],Approved,13,"521,000",2026,September,9
KS,"Comanche, KS",Coldwater,"Alliance Ag and Grain, LLC",ALLIANCE AG and GRAIN LLC,State,,[],[8-4525],Approved,15,"1,305,000",2026,September,9
KS,"Comanche, KS",Protection,"Alliance Ag and Grain, LLC",ALLIANCE AG and GRAIN LLC,State,,[],[8-4525],Approved,14,"835,000",2026,September,9
KS,"Comanche, KS",Wilmore,"Alliance Ag and Grain, LLC",ALLIANCE AG and GRAIN LLC,State,,[],[8-4525],Approved,12,"353,000",2026,September,9
KS,"Edwards, KS",Belpre,"Alliance Ag and Grain, LLC",ALLIANCE AG and GRAIN LLC,State,,[],[8-4525],Approved,8,"2,802,000",2026,September,9
KS,"Edwards, KS",CENTERVIEW,"Alliance Ag and Grain, LLC",ALLIANCE AG and GRAIN LLC,State,,[],[8-4525],Approved,6,"1,547,000",2026,September,9
KS,"Edwards, KS",KINSLEY,"Alliance Ag and Grain, LLC",ALLIANCE AG and GRAIN LLC,State,,[],[8-4525],Approved,23,"1,410,000",2026,September,9
KS,"Edwards, KS",Lewis,"Alliance Ag and Grain, LLC",ALLIANCE AG and GRAIN LLC,State,,[],[8-4525],Approved,5,"3,398,000",2026,September,9
KS,"Ford, KS",Bloom,"Alliance Ag and Grain, LLC",ALLIANCE AG and GRAIN LLC,State,,[],[8-4525],Approved,19,"1,253,000",2026,September,9
KS,"Ford, KS",Spearville,"Alliance Ag and Grain, LLC",ALLIANCE AG and GRAIN LLC,State,,[],[8-4525],Approved,2,"949,000",2026,September,9
KS,"Ford, KS",Wilroads (Dodge CIty),"Alliance Ag and Grain, LLC",ALLIANCE AG and GRAIN LLC,State,,[],[8-4525],Approved,3,"870,000",2026,September,9
KS,"Ford, KS",Wright,"Alliance Ag and Grain, LLC",ALLIANCE AG and GRAIN LLC,State,,[],[8-4525],Approved,1,"3,726,000",2026,September,9
KS,"Hodgeman, KS",JETMORE,"Alliance Ag and Grain, LLC",ALLIANCE AG and GRAIN LLC,State,,[],[8-4525],Approved,22,"542,000",2026,September,9
KS,"Kiowa, KS",Brenham,"Alliance Ag and Grain, LLC",ALLIANCE AG and GRAIN LLC,State,,[],[8-4525],Approved,7,"160,000",2026,September,9
KS,"Kiowa, KS",Greensburg,"Alliance Ag and Grain, LLC",ALLIANCE AG and GRAIN LLC,State,,[],[8-4525],Approved,9,"629,000",2026,September,9
KS,"Kiowa, KS",Haviland,"Alliance Ag and Grain, LLC",ALLIANCE AG and GRAIN LLC,State,,[],[8-4525],Approved,11,"1,680,000",2026,September,9
KS,"Kiowa, KS",Joy (Mullinville),"Alliance Ag and Grain, LLC",ALLIANCE AG and GRAIN LLC,State,,[],[8-4525],Approved,10,"312,000",2026,September,9
KS,"Kiowa, KS",Mullinville,"Alliance Ag and Grain, LLC",ALLIANCE AG and GRAIN LLC,State,,[],[8-4525],Approved,4,"1,329,000",2026,September,9
KS,"Meade, KS",Fowler,"Alliance Ag and Grain, LLC",ALLIANCE AG and GRAIN LLC,State,,[],[8-4525],Approved,17,"2,963,000",2026,September,9
KS,"Meade, KS",MEADE,"Alliance Ag and Grain, LLC",ALLIANCE AG and GRAIN LLC,State,,[],[8-4525],Approved,20,"1,819,000",2026,September,9
KS,"Meade, KS",MISSLER,"Alliance Ag and Grain, LLC",ALLIANCE AG and GRAIN LLC,State,,[],[8-4525],Approved,24,"1,699,000",2026,September,9
MS,"Pontotoc, MS",PONTOTOC (GRAY),Farmers Marketing Association,FARMERS MARKETING ASSOCIATION,State,,[],[8-4526],Approved,1,"584,000",2026,September,9
KS,"Geary, KS",JUNCTION CITY,"Geary Grain, Inc.",GEARY GRAIN ELEVATOR,Federal,I - Issued,[3-7143],[8-4548],Approved,1,"2,349,000",2026,September,9
MS,"Washington, MS",GREENVILLE,"Farmers Grain Terminal, Inc.",Farmers Grain Warehouse,Federal,I - Issued,[3-5711],[8-4552],Approved,1,"12,060,000",2026,September,9
LA,"Madison, LA",TALLULAH,"Farmers Grain Terminal, Inc.",Farmers Grain Warehouse,Federal,I - Issued,[3-5711],[8-4553],Approved,8,"3,125,000",2026,September,9
KS,"Cowley, KS",Arkansas City,ADM MILLING CO.,ADM Milling Co. Elevator,Federal,I - Issued,[3-6905],[8-4580],Approved,1,"3,717,000",2026,September,9
MS,"Sunflower, MS",INDIANOLA,"Farmers Grain Terminal, Inc.",Farmers Grain Warehouse,Federal,I - Issued,[3-5711],[8-4611],Approved,3,"1,402,000",2026,September,9
KS,"Sedgwick, KS",CLEARWATER,"CoMark Equity Alliance, LLC",CoMark Equity Alliance Elevators,Federal,I - Issued,[3-10148],[8-4629],Approved,55,"842,000",2026,September,9
KS,"Sumner, KS",MULVANE,"CoMark Equity Alliance, LLC",CoMark Equity Alliance Elevators,Federal,I - Issued,[3-10148],[8-4629],Approved,53,"979,000",2026,September,9
KS,"Sumner, KS",Wellington,"CoMark Equity Alliance, LLC",CoMark Equity Alliance Elevators,Federal,I - Issued,[3-10148],[8-4657],Approved,45,"3,351,000",2026,September,9
KS,"Cowley, KS",ATLANTA,"CoMark Equity Alliance, LLC",CoMark Equity Alliance Elevators,Federal,I - Issued,[3-10148],[8-4671],Approved,31,"454,000",2026,September,9
KS,"Cowley, KS",BURDEN,"CoMark Equity Alliance, LLC",CoMark Equity Alliance Elevators,Federal,I - Issued,[3-10148],[8-4671],Approved,32,"275,000",2026,September,9
KS,"Cowley, KS",HACKNEY,"CoMark Equity Alliance, LLC",CoMark Equity Alliance Elevators,Federal,I - Issued,[3-10148],[8-4671],Approved,33,"705,000",2026,September,9
KS,"Cowley, KS",KELLOGG,"CoMark Equity Alliance, LLC",CoMark Equity Alliance Elevators,Federal,I - Issued,[3-10148],[8-4671],Approved,34,"746,000",2026,September,9
KS,"Cowley, KS",NEW SALEM,"CoMark Equity Alliance, LLC",CoMark Equity Alliance Elevators,Federal,I - Issued,[3-10148],[8-4671],Approved,35,"353,000",2026,September,9
KS,"Cowley, KS",WINFIELD,"CoMark Equity Alliance, LLC",CoMark Equity Alliance Elevators,Federal,I - Issued,[3-10148],[8-4671],Approved,36,"316,000",2026,September,9
MS,"Humphreys, MS",BELZONI,"Farmers Grain Terminal, Inc.",Farmers Grain Warehouse,Federal,I - Issued,[3-5711],[8-4673],Approved,6,"1,856,000",2026,September,9
IL,"Champaign, IL",Ludlow,Ludlow Cooperative Elevator Company,Ludlow Cooperative Elevator Company,State,,[],[8-4675],Approved,1,"1,854,000",2026,September,9
IL,"Ford, IL",PAXTON,Ludlow Cooperative Elevator Company,Ludlow Cooperative Elevator Company,State,,[],[8-4675],Approved,7,"7,837,000",2026,September,9
IL,"Ford, IL",Paxton,Ludlow Cooperative Elevator Company,Ludlow Cooperative Elevator Company,State,,[],[8-4675],Approved,3,"604,000",2026,September,9
IL,"Ford, IL",Piper City,Ludlow Cooperative Elevator Company,Ludlow Cooperative Elevator Company,State,,[],[8-4675],Approved,6,"2,119,000",2026,September,9
IL,"Iroquois, IL",BUCKLEY,Ludlow Cooperative Elevator Company,Ludlow Cooperative Elevator Company,State,,[],[8-4675],Approved,4,"3,071,000",2026,September,9
IL,"Iroquois, IL",DANFORTH,Ludlow Cooperative Elevator Company,Ludlow Cooperative Elevator Company,State,,[],[8-4675],Approved,8,"868,000",2026,September,9
IL,"Iroquois, IL",GILMAN,Ludlow Cooperative Elevator Company,Ludlow Cooperative Elevator Company,State,,[],[8-4675],Approved,9,"2,141,000",2026,September,9
IL,"Iroquois, IL",GOODWINE,Ludlow Cooperative Elevator Company,Ludlow Cooperative Elevator Company,State,,[],[8-4675],Approved,10,"1,818,000",2026,September,9
IL,"Iroquois, IL",Hoopeston,Ludlow Cooperative Elevator Company,Ludlow Cooperative Elevator Company,State,,[],[8-4675],Approved,13,"522,000",2026,September,9
IL,"Iroquois, IL",Milford,Ludlow Cooperative Elevator Company,Ludlow Cooperative Elevator Company,State,,[],[8-4675],Approved,12,"1,149,000",2026,September,9
IL,"Iroquois, IL",Thawville,Ludlow Cooperative Elevator Company,Ludlow Cooperative Elevator Company,State,,[],[8-4675],Approved,5,"529,000",2026,September,9
IL,"Iroquois, IL",Wellington,Ludlow Cooperative Elevator Company,Ludlow Cooperative Elevator Company,State,,[],[8-4675],Approved,11,"1,016,000",2026,September,9
KS,"Lyon, KS",EMPORIA,"BUNGE NORTH AMERICA (OPD WEST), INC.",BUNGE NORTH AMERICA SOY PLANT,Federal,I - Issued,[3-9186],[8-4689],Approved,1,"3,644,000",2026,September,9
KS,"Wabaunsee, KS",ALMA,Alma Cooperative Oil Association,ALMA COOPERATIVE OIL ASSOCIATION,State,,[],[8-4694],Authorized,1,"228,000",2026,September,9
KS,"Greenwood, KS",SEVERY,"SEK Coop, Inc.","SEK Coop, Inc.",State,,[],[8-4695],Approved,4,"370,000",2026,September,9
KS,"Greenwood, KS",VIRGIL,"SEK Coop, Inc.","SEK Coop, Inc.",State,,[],[8-4695],Approved,2,"190,000",2026,September,9
KS,"Wilson, KS",FREDONIA,"SEK Coop, Inc.","SEK Coop, Inc.",State,,[],[8-4695],Approved,1,"914,000",2026,September,9
KS,"Woodson, KS",YATES CENTER,"SEK Coop, Inc.","SEK Coop, Inc.",State,,[],[8-4695],Approved,3,"768,000",2026,September,9
KS,"Labette, KS",BARTLETT,Bartlett Cooperative Association,BARTLETT COOPERATIVE ASSOCIATION,State,,[],[8-4714],Approved,1,"1,057,000",2026,September,9
KS,"Labette, KS",CHETOPA,Bartlett Cooperative Association,BARTLETT COOPERATIVE ASSOCIATION,State,,[],[8-4714],Approved,5,"275,000",2026,September,9
KS,"Labette, KS",EDNA,Bartlett Cooperative Association,BARTLETT COOPERATIVE ASSOCIATION,State,,[],[8-4714],Approved,2,"320,000",2026,September,9
KS,"Labette, KS",MOUND VALLEY,Bartlett Cooperative Association,BARTLETT COOPERATIVE ASSOCIATION,State,,[],[8-4714],Approved,3,"894,000",2026,September,9
KS,"Labette, KS",OSWEGA,Bartlett Cooperative Association,BARTLETT COOPERATIVE ASSOCIATION,State,,[],[8-4714],Approved,4,"1,087,000",2026,September,9
KS,"Butler, KS",ELBING,ELBING GRAIN L. L. C.,ELBING GRAIN L. L. C.,State,,[],[8-4721],Authorized,1,"249,000",2026,September,9
LA,"Catahoula, LA",JONESVILLE,Consolidated Grain and Barge Co.,CGB Elevators,Federal,I - Issued,[3-10174],[8-4727],Approved,17,"1,721,000",2026,September,9
LA,"Concordia, LA",VIDALIA,Consolidated Grain and Barge Co.,CGB Elevators,Federal,I - Issued,[3-10174],[8-4727],Approved,16,"2,085,000",2026,September,9
LA,"Jefferson Davis, LA",JENNINGS,Consolidated Grain and Barge Co.,CGB Elevators,Federal,I - Issued,[3-10174],[8-4727],Approved,18,"1,702,000",2026,September,9
LA,"Madison, LA",TALLULAH,Consolidated Grain and Barge Co.,CGB Elevators,Federal,I - Issued,[3-10174],[8-4727],Approved,15,"2,747,000",2026,September,9
MS,"Issaquena, MS",Mayersville,Consolidated Grain and Barge Co.,CGB Elevators,Federal,I - Issued,[3-10174],[8-4727],Approved,19,"1,232,000",2026,September,9
MS,"Warren, MS",Vicksburg,Consolidated Grain and Barge Co.,CGB Elevators,Federal,I - Issued,[3-10174],[8-4727],Approved,13,"1,127,000",2026,September,9
MS,"Yazoo, MS",Yazoo City,Consolidated Grain and Barge Co.,CGB Elevators,Federal,I - Issued,[3-10174],[8-4727],Approved,12,"2,294,000",2026,September,9
MI,"Huron, MI",Owendale,Vita Plus Corporation,Vita Plus Corporation Elevator,Federal,I - Issued,[3-10048],[8-4748],Approved,3,"336,000",2026,September,9
MI,"Tuscola, MI",Gagetown,Vita Plus Corporation,Vita Plus Corporation Elevator,Federal,I - Issued,[3-10048],[8-4748],Approved,1,"1,330,000",2026,September,9
MI,"Tuscola, MI",Unionville (Colling),Vita Plus Corporation,Vita Plus Corporation Elevator,Federal,I - Issued,[3-10048],[8-4748],Approved,2,"700,000",2026,September,9
KS,"Scott, KS",SCOTT CITY,"Bartlett Grain Company, LLC",BARTLETT ELEVATOR (WESTERN),Federal,I - Issued,[3-9601],[8-4751],Approved,2,"1,320,000",2026,September,9
KS,"Sumner, KS",BELLE PLAINE,"CoMark Equity Alliance, LLC",CoMark Equity Alliance Elevators,Federal,I - Issued,[3-10148],[8-4759],Approved,37,"3,160,000",2026,September,9
KS,"Sumner, KS",CONWAY SPRINGS,"CoMark Equity Alliance, LLC",CoMark Equity Alliance Elevators,Federal,I - Issued,[3-10148],[8-4759],Approved,38,"5,026,000",2026,September,9
IL,"Clinton, IL",CARLYLE/FERRIN,"Gateway FS, Inc.","GATEWAY FS, INC.",State,,[],[8-4778],Approved,17,"1,070,000",2026,September,9
IL,"Jefferson, IL",WALTONVILLE,"Gateway FS, Inc.","GATEWAY FS, INC.",State,,[],[8-4778],Approved,16,"1,978,000",2026,September,9
IL,"Monroe, IL",FULTS/CHALFIN BRIDGE,"Gateway FS, Inc.","GATEWAY FS, INC.",State,,[],[8-4778],Approved,6,"1,729,000",2026,September,9
IL,"Monroe, IL",FULTS/KEMPERS LANDING,"Gateway FS, Inc.","GATEWAY FS, INC.",State,,[],[8-4778],Approved,7,"502,000",2026,September,9
IL,"Monroe, IL",WATERLOO,"Gateway FS, Inc.","GATEWAY FS, INC.",State,,[],[8-4778],Approved,9,"552,000",2026,September,9
IL,"Randolph, IL",BALDWIN,"Gateway FS, Inc.","GATEWAY FS, INC.",State,,[],[8-4778],Approved,2,"168,000",2026,September,9
IL,"Randolph, IL",EVANSVILLE,"Gateway FS, Inc.","GATEWAY FS, INC.",State,,[],[8-4778],Approved,5,"441,000",2026,September,9
IL,"Randolph, IL",PERCY,"Gateway FS, Inc.","GATEWAY FS, INC.",State,,[],[8-4778],Approved,10,"1,350,000",2026,September,9
IL,"Randolph, IL",PRAIRIE DUROCHE,"Gateway FS, Inc.","GATEWAY FS, INC.",State,,[],[8-4778],Approved,3,"234,000",2026,September,9
IL,"Randolph, IL",Red Bud,"Gateway FS, Inc.","GATEWAY FS, INC.",State,,[],[8-4778],Approved,4,"296,000",2026,September,9
IL,"Washington, IL",Nashville,"Gateway FS, Inc.","GATEWAY FS, INC.",State,,[],[8-4778],Approved,1,"1,537,000",2026,September,9
IL,"Washington, IL",OAKDALE,"Gateway FS, Inc.","GATEWAY FS, INC.",State,,[],[8-4778],Approved,13,"2,495,000",2026,September,9
IL,"Washington, IL",VENEDY,"Gateway FS, Inc.","GATEWAY FS, INC.",State,,[],[8-4778],Approved,14,"1,117,000",2026,September,9
IL,"Williamson, IL",Marion,"Gateway FS, Inc.","GATEWAY FS, INC.",State,,[],[8-4778],Approved,8,"91,000",2026,September,9
NE,"Cedar, NE",Fordyce,Fordyce Farmers Non-Stock Cooperative,Fordyce Co-Op Lumber & Supply,State,,[],[8-4783],Approved,1,"1,997,118",2026,September,9
KS,"Cherokee, KS",BAXTER SPRINGS,"CoMark Equity Alliance, LLC",CoMark Equity Alliance Elevators,Federal,I - Issued,[3-10148],[8-4791],Approved,43,"561,000",2026,September,9
KS,"Cherokee, KS",CHETOPA,"CoMark Equity Alliance, LLC",CoMark Equity Alliance Elevators,Federal,I - Issued,[3-10148],[8-4791],Approved,186,"2,536,000",2026,September,9
KS,"Cherokee, KS",COLUMBUS,"CoMark Equity Alliance, LLC",CoMark Equity Alliance Elevators,Federal,I - Issued,[3-10148],[8-4791],Approved,44,"1,287,000",2026,September,9
KS,"Cherokee, KS",GALENA,"CoMark Equity Alliance, LLC",CoMark Equity Alliance Elevators,Federal,I - Issued,[3-10148],[8-4791],Approved,65,"1,938,000",2026,September,9
KS,"Cherokee, KS",NORTH COLUMBUS,"CoMark Equity Alliance, LLC",CoMark Equity Alliance Elevators,Federal,I - Issued,[3-10148],[8-4791],Approved,64,"722,000",2026,September,9
IL,,ALTAMONT,Archer-Daniels-Midland Company,ARCHER DANIELS MIDLAND COMPANY,State,,[],[8-4798],Approved,1,"3,218,000",2026,September,9
NE,"Holt, NE",O'Neill,"Dowd Grain, L.L.C.",Dowd Elevator,Federal,I - Issued,[3-9694],[8-4839],Approved,1,"1,595,000",2026,September,9
NE,"Cuming, NE",BANCROFT,Bancroft Grain LLC,BANCROFT GRAIN LLC,State,,[],[8-4857],Authorized,1,"598,243",2026,September,9
KS,"Decatur, KS",JENNINGS,"Ag Valley Cooperative, Non-Stock",Ag Valley Coop,State,,[],[8-4858],Approved,19,"1,501,327",2026,September,9
KS,"Norton, KS",NORTON,"Ag Valley Cooperative, Non-Stock",Ag Valley Coop,State,,[],[8-4858],Approved,16,"3,893,441",2026,September,9
NE,"Deuel, NE",BIG SPRINGS,"Ag Valley Cooperative, Non-Stock",Ag Valley Coop,State,,[],[8-4858],Approved,12,"4,417,635",2026,September,9
NE,"Frontier, NE",EUSTIS,"Ag Valley Cooperative, Non-Stock",Ag Valley Coop,State,,[],[8-4858],Approved,18,"3,068,357",2026,September,9
NE,"Frontier, NE",MAYWOOD,"Ag Valley Cooperative, Non-Stock",Ag Valley Coop,State,,[],[8-4858],Approved,11,"4,842,826",2026,September,9
NE,"Furnas, NE",ARAPAHOE,"Ag Valley Cooperative, Non-Stock",Ag Valley Coop,State,,[],[8-4858],Approved,7,"650,030",2026,September,9
NE,"Furnas, NE",EDISON,"Ag Valley Cooperative, Non-Stock",Ag Valley Coop,State,,[],[8-4858],Approved,1,"10,975,391",2026,September,9
NE,"Furnas, NE",HOLBROOK,"Ag Valley Cooperative, Non-Stock",Ag Valley Coop,State,,[],[8-4858],Approved,4,"1,645,343",2026,September,9
NE,"Furnas, NE",OXFORD,"Ag Valley Cooperative, Non-Stock",Ag Valley Coop,State,,[],[8-4858],Approved,3,"299,700",2026,September,9
NE,"Furnas, NE",WILSONVILLE,"Ag Valley Cooperative, Non-Stock",Ag Valley Coop,State,,[],[8-4858],Approved,10,"2,397,951",2026,September,9
NE,"Harlan, NE",ORLEANS,"Ag Valley Cooperative, Non-Stock",Ag Valley Coop,State,,[],[8-4858],Approved,14,"4,907,324",2026,September,9
NE,"Lincoln, NE",HERSHEY,"Ag Valley Cooperative, Non-Stock",Ag Valley Coop,State,,[],[8-4858],Approved,21,"1,562,568",2026,September,9
NE,"Lincoln, NE",NORTH PLATTE,"Ag Valley Cooperative, Non-Stock",Ag Valley Coop,State,,[],[8-4858],Approved,13,"3,229,008",2026,September,9
NE,"Logan, NE",Stapleton,"Ag Valley Cooperative, Non-Stock",Ag Valley Coop,State,,[],[8-4858],Approved,5,"1,324,566",2026,September,9
NE,"Phelps, NE",Atlanta,"Ag Valley Cooperative, Non-Stock",Ag Valley Coop,State,,[],[8-4858],Approved,20,"771,737",2026,September,9
NE,"Red Willow, NE",BARTLEY,"Ag Valley Cooperative, Non-Stock",Ag Valley Coop,State,,[],[8-4858],Approved,6,"5,158,009",2026,September,9
NE,"Burt, NE",TEKAMAH,"Prinz Grain & Feed, Inc.","Prinz Grain & Feed, Inc.",State,,[],[8-4869],Approved,2,,2026,September,9
NE,"Cuming, NE",WEST POINT,"Prinz Grain & Feed, Inc.","Prinz Grain & Feed, Inc.",State,,[],[8-4869],Approved,1,,2026,September,9
NE,"Dawson, NE",LEXINGTON,"Bunge USA Grain, LLC",Bunge Nebraska Elevators,Federal,I - Issued,[3-9860],[8-4875],Approved,15,"4,292,000",2026,September,9
NE,"Dundy, NE",BENKELMAN,"Bunge USA Grain, LLC",Bunge Nebraska Elevators,Federal,I - Issued,[3-9860],[8-4875],Approved,16,"4,226,000",2026,September,9
NE,"Washington, NE",BLAIR,Tyson's Inc.,Tyson's Inc. dba Tyson Elevator,State,,[],[8-4892],Approved,1,,2026,September,9
NE,"Adams, NE",Hastings,"AGP GRAIN MARKETING, LLC",AGP GRAIN MARKETING ELEVATOR,Federal,I - Issued,[3-9732],[8-4922],Approved,13,"7,230,000",2026,September,9
NE,"Clay, NE",Anan Siding,"AGP GRAIN MARKETING, LLC",AGP GRAIN MARKETING ELEVATOR,Federal,I - Issued,[3-9732],[8-4922],Approved,4,"629,000",2026,September,9
NE,"Clay, NE",Fairfield,"AGP GRAIN MARKETING, LLC",AGP GRAIN MARKETING ELEVATOR,Federal,I - Issued,[3-9732],[8-4922],Approved,7,"1,393,000",2026,September,9
NE,"Thayer, NE",Chester,"AGP GRAIN MARKETING, LLC",AGP GRAIN MARKETING ELEVATOR,Federal,I - Issued,[3-9732],[8-4922],Approved,12,"2,533,000",2026,September,9
NE,"Webster, NE",Cowles,"AGP GRAIN MARKETING, LLC",AGP GRAIN MARKETING ELEVATOR,Federal,I - Issued,[3-9732],[8-4922],Approved,6,"782,000",2026,September,9
NE,"Webster, NE",Rosemont,"AGP GRAIN MARKETING, LLC",AGP GRAIN MARKETING ELEVATOR,Federal,I - Issued,[3-9732],[8-4922],Approved,11,"594,000",2026,September,9
NE,"Boyd, NE",LYNCH,FARMERS UNION COOP ASSN,FARMERS UNION COOP ASSN,State,,[],[8-4951],Authorized,1,"41,760",2026,September,9
NE,"Madison, NE",MADISON,"Ochsner Grain Co., Inc.","OCHSNER GRAIN CO., INC.",State,,[],[8-4955],Approved,1,,2026,September,9
NE,"Chase, NE",Imperial,"A.K. Acres Popcorn, Co.",A. K.  ACRES POPCORN CO. ELEVATOR,Federal,I - Issued,[1-0265],[8-4959],Approved,1,"1,474,000",2026,September,9
KS,"Republic, KS",REPUBLIC,Aurora Cooperative Elevator Company,Aurora Cooperative Elevator,Federal,I - Issued,[3-9950],[8-5022],Approved,16,"1,109,000",2026,September,9
NE,"Clay, NE",CLAY CENTER,Aurora Cooperative Elevator Company,Aurora Cooperative Elevator,Federal,I - Issued,[3-9950],[8-5022],Approved,7,"1,912,000",2026,September,9
NE,"Clay, NE",HARVARD,Aurora Cooperative Elevator Company,Aurora Cooperative Elevator,Federal,I - Issued,[3-9950],[8-5022],Approved,6,"3,063,000",2026,September,9
NE,"Fillmore, NE",GENEVA,Aurora Cooperative Elevator Company,Aurora Cooperative Elevator,Federal,I - Issued,[3-9950],[8-5022],Approved,8,"870,000",2026,September,9
NE,"Hall, NE",GRAND ISLAND,Aurora Cooperative Elevator Company,Aurora Cooperative Elevator,Federal,I - Issued,[3-9950],[8-5022],Approved,4,"3,350,000",2026,September,9
NE,"Hamilton, NE",Aurora,Aurora Cooperative Elevator Company,Aurora Cooperative Elevator,Federal,I - Issued,[3-9950],[8-5022],Approved,1,"1,954,000",2026,September,9
NE,"Hamilton, NE",MARQUETTE,Aurora Cooperative Elevator Company,Aurora Cooperative Elevator,Federal,I - Issued,[3-9950],[8-5022],Approved,3,"1,394,000",2026,September,9
NE,"Hamilton, NE",MURPHY,Aurora Cooperative Elevator Company,Aurora Cooperative Elevator,Federal,I - Issued,[3-9950],[8-5022],Approved,2,"3,485,000",2026,September,9
NE,"Kearney, NE",KEENE,Aurora Cooperative Elevator Company,Aurora Cooperative Elevator,Federal,I - Issued,[3-9950],[8-5022],Approved,18,"5,553,000",2026,September,9
NE,"Merrick, NE",CENTRAL CITY,Aurora Cooperative Elevator Company,Aurora Cooperative Elevator,Federal,I - Issued,[3-9950],[8-5022],Approved,17,"1,818,000",2026,September,9
NE,"Merrick, NE",CHAPMAN,Aurora Cooperative Elevator Company,Aurora Cooperative Elevator,Federal,I - Issued,[3-9950],[8-5022],Approved,5,"2,648,000",2026,September,9
NE,"Nuckolls, NE",SEDAN,Aurora Cooperative Elevator Company,Aurora Cooperative Elevator,Federal,I - Issued,[3-9950],[8-5022],Approved,11,"5,951,000",2026,September,9
NE,"Nuckolls, NE",SUPERIOR,Aurora Cooperative Elevator Company,Aurora Cooperative Elevator,Federal,I - Issued,[3-9950],[8-5022],Approved,15,"867,000",2026,September,9
NE,"Nuckolls, NE",SUPERIOR EAST,Aurora Cooperative Elevator Company,Aurora Cooperative Elevator,Federal,I - Issued,[3-9950],[8-5022],Approved,20,"6,872,000",2026,September,9
NE,"Thayer, NE",BYRON,Aurora Cooperative Elevator Company,Aurora Cooperative Elevator,Federal,I - Issued,[3-9950],[8-5022],Approved,12,"858,000",2026,September,9
NE,"Thayer, NE",HUBBELL,Aurora Cooperative Elevator Company,Aurora Cooperative Elevator,Federal,I - Issued,[3-9950],[8-5022],Approved,14,"1,916,000",2026,September,9
NE,"Antelope, NE",Neligh,"Battle Creek Farmers Cooperative, Non-Stock",Farmers Pride,State,,[],[8-5055],Approved,4,,2026,September,9
NE,"Knox, NE",Bloomfield,"Battle Creek Farmers Cooperative, Non-Stock",Farmers Pride,State,,[],[8-5055],Approved,2,,2026,September,9
NE,"Madison, NE",Battle Creek,"Battle Creek Farmers Cooperative, Non-Stock",Farmers Pride,State,,[],[8-5055],Approved,3,,2026,September,9
NE,"Madison, NE",Newman Grove,"Battle Creek Farmers Cooperative, Non-Stock",Farmers Pride,State,,[],[8-5055],Approved,6,,2026,September,9
NE,"Pierce, NE",Osmond,"Battle Creek Farmers Cooperative, Non-Stock",Farmers Pride,State,,[],[8-5055],Approved,1,,2026,September,9
NE,"Washington, NE",BLAIR,Mathiesen Grain Company,Mathiesen Grain Company,State,,[],[8-5079],Approved,1,,2026,September,9
NE,"Butler, NE",BRUNO,Frontier Cooperative Company,Frontier Cooperative Elevator,State,,[],[8-5090],Approved,50,"445,585",2026,September,9
NE,"Cass, NE",AVOCA,Frontier Cooperative Company,Frontier Cooperative Elevator,State,,[],[8-5090],Approved,21,"211,120",2026,September,9
NE,"Cass, NE",EAGLE,Frontier Cooperative Company,Frontier Cooperative Elevator,State,,[],[8-5090],Approved,26,"409,844",2026,September,9
NE,"Cass, NE",ELMWOOD,Frontier Cooperative Company,Frontier Cooperative Elevator,State,,[],[8-5090],Approved,28,"3,222,458",2026,September,9
NE,"Cass, NE",GREENWOOD,Frontier Cooperative Company,Frontier Cooperative Elevator,State,,[],[8-5090],Approved,29,"4,298,351",2026,September,9
NE,"Cass, NE",MANLEY,Frontier Cooperative Company,Frontier Cooperative Elevator,State,,[],[8-5090],Approved,30,"1,029,547",2026,September,9
NE,"Cass, NE",MURDOCK,Frontier Cooperative Company,Frontier Cooperative Elevator,State,,[],[8-5090],Approved,32,"721,616",2026,September,9
NE,"Cass, NE",PLATTSMOUTH (MYNARD WEST),Frontier Cooperative Company,Frontier Cooperative Elevator,State,,[],[8-5090],Approved,33,"2,367,694",2026,September,9
NE,"Gage, NE",ADAMS,Frontier Cooperative Company,Frontier Cooperative Elevator,State,,[],[8-5090],Approved,20,"710,008",2026,September,9
NE,"Johnson, NE",COOK,Frontier Cooperative Company,Frontier Cooperative Elevator,State,,[],[8-5090],Approved,24,"175,384",2026,September,9
NE,"Johnson, NE",ELK CREEK,Frontier Cooperative Company,Frontier Cooperative Elevator,State,,[],[8-5090],Approved,27,"1,166,745",2026,September,9
NE,"Johnson, NE",ST. MARY,Frontier Cooperative Company,Frontier Cooperative Elevator,State,,[],[8-5090],Approved,39,"470,571",2026,September,9
NE,"Johnson, NE",TECUMSEH,Frontier Cooperative Company,Frontier Cooperative Elevator,State,,[],[8-5090],Approved,43,"1,342,487",2026,September,9
NE,"Johnson, NE",TECUMSEH (NORTH),Frontier Cooperative Company,Frontier Cooperative Elevator,State,,[],[8-5090],Approved,42,"1,472,192",2026,September,9
NE,"Lancaster, NE",BENNET,Frontier Cooperative Company,Frontier Cooperative Elevator,State,,[],[8-5090],Approved,22,"1,403,917",2026,September,9
NE,"Lancaster, NE",LINCOLN,Frontier Cooperative Company,Frontier Cooperative Elevator,State,,[],[8-5090],Approved,51,"1,605,974",2026,September,9
NE,"Lancaster, NE",MARTELL,Frontier Cooperative Company,Frontier Cooperative Elevator,State,,[],[8-5090],Approved,31,"55,422",2026,September,9
NE,"Lancaster, NE",PRAIRIE HOME,Frontier Cooperative Company,Frontier Cooperative Elevator,State,,[],[8-5090],Approved,38,"178,059",2026,September,9
NE,"Lancaster, NE",WALTON,Frontier Cooperative Company,Frontier Cooperative Elevator,State,,[],[8-5090],Approved,45,"685,332",2026,September,9
NE,"Lancaster, NE",WAVERLY,Frontier Cooperative Company,Frontier Cooperative Elevator,State,,[],[8-5090],Approved,46,"3,171,046",2026,September,9
NE,"Otoe, NE",BURR,Frontier Cooperative Company,Frontier Cooperative Elevator,State,,[],[8-5090],Approved,23,"1,043,042",2026,September,9
NE,"Otoe, NE",NEBRASKA CITY,Frontier Cooperative Company,Frontier Cooperative Elevator,State,,[],[8-5090],Approved,34,"646,035",2026,September,9
NE,"Otoe, NE",OTOE,Frontier Cooperative Company,Frontier Cooperative Elevator,State,,[],[8-5090],Approved,36,"2,308,551",2026,September,9
NE,"Otoe, NE",PALMYRA,Frontier Cooperative Company,Frontier Cooperative Elevator,State,,[],[8-5090],Approved,37,"1,758,573",2026,September,9
NE,"Otoe, NE",SYRACUSE (SE),Frontier Cooperative Company,Frontier Cooperative Elevator,State,,[],[8-5090],Approved,41,"4,152,460",2026,September,9
NE,"Saunders, NE",CEDAR BLUFFS,Frontier Cooperative Company,Frontier Cooperative Elevator,State,,[],[8-5090],Approved,47,"1,417,150",2026,September,9
NE,"Saunders, NE",PRAGUE,Frontier Cooperative Company,Frontier Cooperative Elevator,State,,[],[8-5090],Approved,48,"1,579,303",2026,September,9
NE,"Saunders, NE",WAHOO,Frontier Cooperative Company,Frontier Cooperative Elevator,State,,[],[8-5090],Approved,49,"758,737",2026,September,9
NE,"Fillmore, NE",Fairmont,Manning Grain Company,Manning Grain Company,State,,[],[8-5111],Approved,1,,2026,September,9
NE,"Fillmore, NE",Fairmont,Manning Grain Company,Manning Grain Company,State,,[],[8-5111],Approved,2,,2026,September,9
NE,"Thayer, NE",BELVIDERE,"Bruning Grain & Feed Co., Inc.","Bruning Grain & Feed Co., Inc.",State,,[],[8-5126],Approved,2,"523,800",2026,September,9
NE,"Thayer, NE",BRUNING,"Bruning Grain & Feed Co., Inc.","Bruning Grain & Feed Co., Inc.",State,,[],[8-5126],Approved,1,"4,091,067",2026,September,9
NE,"Thayer, NE",Hebron,"Bruning Grain & Feed Co., Inc.","Bruning Grain & Feed Co., Inc.",State,,[],[8-5126],Approved,3,"945,052",2026,September,9
NE,"Pierce, NE",BRESLAU,"Schaefer Grain & Feed, Inc.","SCHAEFER GRAIN & FEED, INC.",State,,[],[8-5129],Approved,1,"200,404",2026,September,9
NE,"Pierce, NE",PLAINVIEW,"Schaefer Grain & Feed, Inc.","SCHAEFER GRAIN & FEED, INC.",State,,[],[8-5129],Approved,2,"1,412,525",2026,September,9
NE,,BIG SPRINGS,FARMERS COOPERATIVE ELEVATOR ASSOCIATION,FARMERS COOPERATIVE ELEVATOR ASSOCIATION,State,,[],[8-5135],Approved,1,,2026,September,9
NE,"Antelope, NE",Orchard,"J. E. Meuret Grain Co., Inc.","J E MEURET GRAIN CO., INC.",State,,[],[8-5136],Approved,1,,2026,September,9
NE,"Antelope, NE",Plainview,"J. E. Meuret Grain Co., Inc.","J E MEURET GRAIN CO., INC.",State,,[],[8-5136],Approved,4,,2026,September,9
NE,"Dakota, NE",Dakota City,"J. E. Meuret Grain Co., Inc.","J E MEURET GRAIN CO., INC.",State,,[],[8-5136],Approved,6,"2,575,556",2026,September,9
NE,"Holt, NE",Atkinson,"J. E. Meuret Grain Co., Inc.","J E MEURET GRAIN CO., INC.",State,,[],[8-5136],Approved,3,,2026,September,9
NE,"Knox, NE",Creighton,"J. E. Meuret Grain Co., Inc.","J E MEURET GRAIN CO., INC.",State,,[],[8-5136],Approved,2,,2026,September,9
NE,"Knox, NE",Crofton,"J. E. Meuret Grain Co., Inc.","J E MEURET GRAIN CO., INC.",State,,[],[8-5136],Approved,7,"1,556,520",2026,September,9
NE,"Pierce, NE",Pierce,"J. E. Meuret Grain Co., Inc.","J E MEURET GRAIN CO., INC.",State,,[],[8-5136],Approved,5,"1,126,740",2026,September,9
KS,"Ellis, KS",ELLIS,"CoMark Equity Alliance, LLC",CoMark Equity Alliance Elevators,Federal,I - Issued,[3-10148],[8-5182],Approved,160,"508,000",2026,September,9
KS,"Ellis, KS",RIGA,"CoMark Equity Alliance, LLC",CoMark Equity Alliance Elevators,Federal,I - Issued,[3-10148],[8-5182],Approved,161,"2,107,000",2026,September,9
NE,"Colfax, NE",Clarkson,Farmers Union Cooperative Supply Company,Farmers Union Cooperative Supply Company,State,,[],[8-5183],Approved,1,,2026,September,9
NE,"Colfax, NE",HOWELLS,Farmers Union Cooperative Supply Company,Farmers Union Cooperative Supply Company,State,,[],[8-5183],Approved,3,"1,378,085",2026,September,9
NE,"Stanton, NE",STANTON,Farmers Union Cooperative Supply Company,Farmers Union Cooperative Supply Company,State,,[],[8-5183],Approved,2,,2026,September,9
NE,"Custer, NE",Callaway,Seven Valleys Grain Company,SEVEN VALLEYS GRAIN COMPANY,State,,[],[8-5189],Approved,1,"2,037,177",2026,September,9
NE,"Cedar, NE",RANDOLPH,Dixon Elevator Co.,DIXON ELEVATOR CO.,State,,[],[8-5214],Approved,2,,2026,September,9
NE,"Dixon, NE",Dixon,Dixon Elevator Co.,DIXON ELEVATOR CO.,State,,[],[8-5214],Approved,1,,2026,September,9
KS,"Barton, KS",Albert,The Great Bend Cooperative Association,The Great Bend Cooperative Association,State,,[],[8-5226],Approved,6,"1,613,000",2026,September,9
KS,"Barton, KS",Boyd (Hoisington),The Great Bend Cooperative Association,The Great Bend Cooperative Association,State,,[],[8-5226],Approved,2,"654,000",2026,September,9
KS,"Barton, KS",DUNDEE,The Great Bend Cooperative Association,The Great Bend Cooperative Association,State,,[],[8-5226],Approved,5,"2,233,000",2026,September,9
KS,"Barton, KS",Ellinwood,The Great Bend Cooperative Association,The Great Bend Cooperative Association,State,,[],[8-5226],Approved,3,"833,000",2026,September,9
KS,"Barton, KS",GREAT BEND,The Great Bend Cooperative Association,The Great Bend Cooperative Association,State,,[],[8-5226],Approved,1,"2,195,000",2026,September,9
KS,"Barton, KS",Pawnee Rock,The Great Bend Cooperative Association,The Great Bend Cooperative Association,State,,[],[8-5226],Approved,4,"1,951,000",2026,September,9
KS,"Barton, KS",SUSANK,The Great Bend Cooperative Association,The Great Bend Cooperative Association,State,,[],[8-5226],Approved,11,"1,066,000",2026,September,9
KS,"Russell, KS",DORRANCE,The Great Bend Cooperative Association,The Great Bend Cooperative Association,State,,[],[8-5226],Approved,10,"1,015,000",2026,September,9
KS,"Russell, KS",RUSSELL,The Great Bend Cooperative Association,The Great Bend Cooperative Association,State,,[],[8-5226],Approved,9,"1,290,000",2026,September,9
KS,"Stafford, KS",Radium,The Great Bend Cooperative Association,The Great Bend Cooperative Association,State,,[],[8-5226],Approved,7,"2,602,000",2026,September,9
KS,"Stafford, KS",Seward,The Great Bend Cooperative Association,The Great Bend Cooperative Association,State,,[],[8-5226],Approved,8,"1,616,000",2026,September,9
OK,"Alfalfa, OK",ALINE,The Great Bend Cooperative Association,The Great Bend Cooperative Association,State,,[],[8-5226],Approved,12,"374,000",2026,September,9
OK,"Alfalfa, OK",CARMEN,The Great Bend Cooperative Association,The Great Bend Cooperative Association,State,,[],[8-5226],Approved,14,"349,000",2026,September,9
OK,"Alfalfa, OK",CHEROKEE,The Great Bend Cooperative Association,The Great Bend Cooperative Association,State,,[],[8-5226],Approved,15,"1,159,000",2026,September,9
OK,"Garfield, OK",DRUMMOND,The Great Bend Cooperative Association,The Great Bend Cooperative Association,State,,[],[8-5226],Approved,16,"595,000",2026,September,9
OK,"Major, OK",AMES,The Great Bend Cooperative Association,The Great Bend Cooperative Association,State,,[],[8-5226],Approved,13,"605,000",2026,September,9
CA,"Sutter, CA",WHEATLAND,Nelson Dryer,Nelson Dryer,Unlicensed,,[],[8-5230],Approved,1,"137,000",2026,September,9
CA,"Butte, CA",DURHAM,"Rancho Esquon, Inc.",ESQUON DRYER,Unlicensed,,[],[8-5238],Approved,1,"1,206,000",2026,September,9
CA,"Yuba, CA",MARYSVILLE,"Shintaffer Farms, Inc.","SHINTAFFER FARMS, INC",Unlicensed,,[],[8-5242],Approved,1,"1,351,000",2026,September,9
NE,"Colfax, NE",HOWELLS,"Cooperative Supply, Inc., Nonstock","Cooperative Supply, Inc., Nonstock",State,,[],[8-5280],Approved,2,,2026,September,9
NE,"Colfax, NE",LEIGH,"Cooperative Supply, Inc., Nonstock","Cooperative Supply, Inc., Nonstock",State,,[],[8-5280],Approved,3,,2026,September,9
NE,"Colfax, NE",RICHLAND,"Cooperative Supply, Inc., Nonstock","Cooperative Supply, Inc., Nonstock",State,,[],[8-5280],Approved,4,,2026,September,9
NE,"Dodge, NE",DODGE,"Cooperative Supply, Inc., Nonstock","Cooperative Supply, Inc., Nonstock",State,,[],[8-5280],Approved,1,,2026,September,9
CA,"Sutter, CA",PLEASANT GROVE,"Van Dyke's Rice Dryer, Inc.",Van Dykes Rice Dryer,Unlicensed,,[],[8-5335],Approved,1,"3,481,000",2026,September,9
CA,"Colusa, CA",Boyer,"Erdman Warehouse, Inc.",Erdman Warehouse,Unlicensed,,[],[8-5336],Approved,1,"897,000",2026,September,9
NE,"Saline, NE",FRIEND,Farmers Union Co-operative Company,Farmers Union Co-operative Company,State,,[],[8-5343],Approved,1,,2026,September,9
CA,"Sutter, CA",PLEASANT GROVE,"Catlett Warehouse, A California Limited Partnership",Catlett Warehouse,Unlicensed,,[],[8-5346],Approved,1,"1,528,000",2026,September,9
CA,"Yolo, CA",WOODLAND,Farmers' Rice Cooperative,Pacific International Rice Mills,Unlicensed,,[],[8-5353],Approved,1,"4,193,000",2026,September,9
CA,"Sutter, CA",SUTTER,Farmers' Rice Cooperative,Hi and Dry Warehouse,Unlicensed,,[],[8-5360],Approved,1,"3,679,000",2026,September,9
NE,"Fillmore, NE",Geneva,"Geneva Milling Co., Inc.","Geneva Milling Co., Inc.",State,,[],[8-5363],Approved,1,,2026,September,9
CA,"Sutter, CA",SUTTER,Sutter Rice Company,SUTTER RICE CO. WAREHOUSE,Unlicensed,,[],[8-5370],Approved,1,"2,838,000",2026,September,9
CA,"Glenn, CA",PRINCETON,Glenn Growers,GLENN GROWERS WAREHOUSE,Unlicensed,,[],[8-5374],Approved,1,"3,975,000",2026,September,9
CA,"Butte, CA",DURHAM,"Wehah Farm, Inc.",Lundberg Family Farms,Unlicensed,,[],[8-5376],Approved,3,"365,000",2026,September,9
CA,"Butte, CA",DURHAM,"Wehah Farm, Inc.",Lundberg Family Farms,Unlicensed,,[],[8-5376],Approved,4,"276,000",2026,September,9
CA,"Butte, CA",RICHVALE,"Wehah Farm, Inc.",Lundberg Family Farms,Unlicensed,,[],[8-5376],Approved,1,"4,024,000",2026,September,9
CA,"Colusa, CA",Cortena Siding,De Pue Warehouse Company,De Pue Warehouse,Unlicensed,,[],[8-5379],Approved,3,"2,944,000",2026,September,9
CA,"Colusa, CA",DELEVAN,De Pue Warehouse Company,De Pue Warehouse,Unlicensed,,[],[8-5379],Approved,2,"1,103,000",2026,September,9
CA,"Colusa, CA",MAXWELL,De Pue Warehouse Company,De Pue Warehouse,Unlicensed,,[],[8-5379],Approved,4,"4,984,000",2026,September,9
CA,"Colusa, CA",WILLIAMS,De Pue Warehouse Company,De Pue Warehouse,Unlicensed,,[],[8-5379],Approved,1,"2,573,000",2026,September,9
CA,"Glenn, CA",Glenn,De Pue Warehouse Company,De Pue Warehouse,Unlicensed,,[],[8-5379],Approved,6,"140,000",2026,September,9
CA,"Colusa, CA",Colusa,"Colusa Rice Company, Inc.",Colusa Rice Company,Unlicensed,,[],[8-5427],Approved,1,"3,090,000",2026,September,9
CA,"Colusa, CA",Colusa,"Colusa Rice Company, Inc.",Colusa Rice Company,Unlicensed,,[],[8-5427],Approved,2,"1,327,000",2026,September,9
CA,"Colusa, CA",GRIMES,"Barrett's Landing Warehouse, LLC",BARRETT'S LANDING WAREHOUSE,Unlicensed,,[],[8-5442],Approved,1,"809,000",2026,September,9
NE,"Buffalo, NE",Elm Creek,CHS Inc.,CHS Southern Plains Elevators,Federal,I - Issued,[3-10231],[8-5443],Approved,29,"3,684,000",2026,September,9
NE,"Dawson, NE",OVERTON,CHS Inc.,CHS Southern Plains Elevators,Federal,I - Issued,[3-10231],[8-5443],Approved,31,"3,826,000",2026,September,9
NE,"Gosper, NE",SMITHFIELD,CHS Inc.,CHS Southern Plains Elevators,Federal,I - Issued,[3-10231],[8-5443],Approved,32,"2,014,000",2026,September,9
NE,"Harlan, NE",ALMA,CHS Inc.,CHS Southern Plains Elevators,Federal,I - Issued,[3-10231],[8-5443],Approved,27,"3,700,000",2026,September,9
NE,"Phelps, NE",BERTRAND,CHS Inc.,CHS Southern Plains Elevators,Federal,I - Issued,[3-10231],[8-5443],Approved,28,"1,950,000",2026,September,9
NE,"Phelps, NE",HOLDREGE,CHS Inc.,CHS Southern Plains Elevators,Federal,I - Issued,[3-10231],[8-5443],Approved,26,"569,000",2026,September,9
NE,"Phelps, NE",HOLDREGE,CHS Inc.,CHS Southern Plains Elevators,Federal,I - Issued,[3-10231],[8-5443],Approved,34,"6,487,000",2026,September,9
NE,"Phelps, NE",HOLDREGE,CHS Inc.,CHS Southern Plains Elevators,Federal,I - Issued,[3-10231],[8-5443],Approved,35,"4,041,000",2026,September,9
NE,"Phelps, NE",LOOMIS,CHS Inc.,CHS Southern Plains Elevators,Federal,I - Issued,[3-10231],[8-5443],Approved,30,"4,402,000",2026,September,9
NE,"Box Butte, NE",ALLIANCE,Legacy Cooperative,Legacy Cooperative Elevators,Federal,I - Issued,[3-3299],[8-5462],Approved,6,"1,042,000",2026,September,9
NE,"Box Butte, NE",Alliance,Legacy Cooperative,Legacy Cooperative Elevators,Federal,I - Issued,[3-3299],[8-5462],Approved,9,"3,769,000",2026,September,9
NE,"Box Butte, NE",HEMINGFORD,Legacy Cooperative,Legacy Cooperative Elevators,Federal,I - Issued,[3-3299],[8-5462],Approved,1,"5,690,000",2026,September,9
NE,"Dawes, NE",Chadron,Legacy Cooperative,Legacy Cooperative Elevators,Federal,I - Issued,[3-3299],[8-5462],Approved,8,"514,000",2026,September,9
NE,"Sheridan, NE",Clinton,Legacy Cooperative,Legacy Cooperative Elevators,Federal,I - Issued,[3-3299],[8-5462],Approved,10,"708,000",2026,September,9
NE,"Sheridan, NE",GORDON,Legacy Cooperative,Legacy Cooperative Elevators,Federal,I - Issued,[3-3299],[8-5462],Approved,2,"2,366,000",2026,September,9
NE,"Sheridan, NE",HAY SPRINGS,Legacy Cooperative,Legacy Cooperative Elevators,Federal,I - Issued,[3-3299],[8-5462],Approved,3,"1,519,000",2026,September,9
NE,"Sheridan, NE",RURAL HAY SPRINGS,Legacy Cooperative,Legacy Cooperative Elevators,Federal,I - Issued,[3-3299],[8-5462],Approved,4,"1,302,000",2026,September,9
SD,"Bennett, SD",MARTIN,Legacy Cooperative,Legacy Cooperative Elevators,Federal,I - Issued,[3-3299],[8-5462],Approved,5,"1,242,000",2026,September,9
SD,"Oglala Lakota, SD",Batesland,Legacy Cooperative,Legacy Cooperative Elevators,Federal,I - Issued,[3-3299],[8-5462],Approved,11,"486,000",2026,September,9
IL,"Bond, IL",GREENVILLE,"South Central FS, Inc.","South Central FS, Inc.",State,,[],[8-5470],Approved,1,,2026,September,9
IL,"Bond, IL",HOOKDALE,"South Central FS, Inc.","South Central FS, Inc.",State,,[],[8-5470],Approved,3,,2026,September,9
IL,"Bond, IL",KEYESPORT,"South Central FS, Inc.","South Central FS, Inc.",State,,[],[8-5470],Approved,2,,2026,September,9
IL,"Bond, IL",MULBERRY GROVE,"South Central FS, Inc.","South Central FS, Inc.",State,,[],[8-5470],Approved,5,,2026,September,9
IL,"Fayette, IL",HAGERSTOWN,"South Central FS, Inc.","South Central FS, Inc.",State,,[],[8-5470],Approved,4,,2026,September,9
NE,"Webster, NE",Guide Rock,"Ely's, Incorporated","Ely's, Incorporated",State,,[],[8-5471],Approved,1,"1,484,900",2026,September,9
NE,"Chase, NE",ENDERS,"Frenchman Valley Farmers Cooperative, Inc.",Farmers Elevator,Federal,I - Issued,[1-0282],[8-5491],Approved,7,"653,000",2026,September,9
NE,"Chase, NE",IMPERIAL,"Frenchman Valley Farmers Cooperative, Inc.",Farmers Elevator,Federal,I - Issued,[1-0282],[8-5491],Approved,1,"12,304,000",2026,September,9
NE,"Chase, NE",WAUNETA,"Frenchman Valley Farmers Cooperative, Inc.",Farmers Elevator,Federal,I - Issued,[1-0282],[8-5491],Approved,5,"3,161,000",2026,September,9
NE,"Cheyenne, NE",LODGEPOLE,"Frenchman Valley Farmers Cooperative, Inc.",Farmers Elevator,Federal,I - Issued,[1-0282],[8-5491],Approved,17,"650,000",2026,September,9
NE,"Deuel, NE",CHAPPELL,"Frenchman Valley Farmers Cooperative, Inc.",Farmers Elevator,Federal,I - Issued,[1-0282],[8-5491],Approved,14,"7,647,000",2026,September,9
NE,"Deuel, NE",CHAPPELL NORTH,"Frenchman Valley Farmers Cooperative, Inc.",Farmers Elevator,Federal,I - Issued,[1-0282],[8-5491],Approved,22,"1,727,000",2026,September,9
NE,"Dundy, NE",BENKELMAN,"Frenchman Valley Farmers Cooperative, Inc.",Farmers Elevator,Federal,I - Issued,[1-0282],[8-5491],Approved,6,"880,000",2026,September,9
NE,"Garden, NE",OSHKOSH,"Frenchman Valley Farmers Cooperative, Inc.",Farmers Elevator,Federal,I - Issued,[1-0282],[8-5491],Approved,23,"378,000",2026,September,9
NE,"Hayes, NE",HAMLET,"Frenchman Valley Farmers Cooperative, Inc.",Farmers Elevator,Federal,I - Issued,[1-0282],[8-5491],Approved,11,"239,000",2026,September,9
NE,"Hitchcock, NE",CULBERTSON,"Frenchman Valley Farmers Cooperative, Inc.",Farmers Elevator,Federal,I - Issued,[1-0282],[8-5491],Approved,4,"1,153,000",2026,September,9
NE,"Hitchcock, NE",CULBERTSON WEST,"Frenchman Valley Farmers Cooperative, Inc.",Farmers Elevator,Federal,I - Issued,[1-0282],[8-5491],Approved,21,"7,117,000",2026,September,9
NE,"Hitchcock, NE",PALISADE,"Frenchman Valley Farmers Cooperative, Inc.",Farmers Elevator,Federal,I - Issued,[1-0282],[8-5491],Approved,12,"3,643,000",2026,September,9
NE,"Kimball, NE",DIX,"Frenchman Valley Farmers Cooperative, Inc.",Farmers Elevator,Federal,I - Issued,[1-0282],[8-5491],Approved,15,"359,000",2026,September,9
NE,"Kimball, NE",KIMBALL,"Frenchman Valley Farmers Cooperative, Inc.",Farmers Elevator,Federal,I - Issued,[1-0282],[8-5491],Approved,16,"5,274,000",2026,September,9
NE,"Perkins, NE",GRANT,"Frenchman Valley Farmers Cooperative, Inc.",Farmers Elevator,Federal,I - Issued,[1-0282],[8-5491],Approved,8,"5,678,000",2026,September,9
NE,"Perkins, NE",VENANGO,"Frenchman Valley Farmers Cooperative, Inc.",Farmers Elevator,Federal,I - Issued,[1-0282],[8-5491],Approved,9,"1,785,000",2026,September,9
NE,"Red Willow, NE",MCCOOK,"Frenchman Valley Farmers Cooperative, Inc.",Farmers Elevator,Federal,I - Issued,[1-0282],[8-5491],Approved,2,"1,407,000",2026,September,9
NE,"Red Willow, NE",PERRY SIDING,"Frenchman Valley Farmers Cooperative, Inc.",Farmers Elevator,Federal,I - Issued,[1-0282],[8-5491],Approved,3,"3,229,000",2026,September,9
WY,"Laramie, WY",BURNS,"Frenchman Valley Farmers Cooperative, Inc.",Farmers Elevator,Federal,I - Issued,[1-0282],[8-5491],Approved,18,"342,000",2026,September,9
WY,"Laramie, WY",PINE BLUFFS,"Frenchman Valley Farmers Cooperative, Inc.",Farmers Elevator,Federal,I - Issued,[1-0282],[8-5491],Approved,20,"682,000",2026,September,9
CA,"Sutter, CA",DINGVILLE,Montna Farms Dryer LLC,Montna Farms Dryer LLC,Unlicensed,,[],[8-5493],Approved,1,"1,219,000",2026,September,9
NE,"Nemaha, NE",JOHNSON,Clark Grain Company,Clark Grain Company,State,,[],[8-5497],Approved,1,,2026,September,9
CA,"Yolo, CA",Knights Landing,Tyndall Mound Warehouse LLC,Tyndall Mound Warehouse LLC,Unlicensed,,[],[8-5498],Approved,1,"2,713,000",2026,September,9
NE,"Adams, NE",Hansen,"Cooperative Producers, Inc.",CPI Elevator,Federal,I - Issued,[3-10206],[8-5505],Approved,4,"1,666,000",2026,September,9
NE,"Adams, NE",Holstein,"Cooperative Producers, Inc.",CPI Elevator,Federal,I - Issued,[3-10206],[8-5505],Approved,7,"2,427,000",2026,September,9
NE,"Adams, NE",Junita,"Cooperative Producers, Inc.",CPI Elevator,Federal,I - Issued,[3-10206],[8-5505],Approved,6,"2,368,000",2026,September,9
NE,"Adams, NE",ROSELAND,"Cooperative Producers, Inc.",CPI Elevator,Federal,I - Issued,[3-10206],[8-5505],Approved,30,"3,959,000",2026,September,9
NE,"Clay, NE",Harvard,"Cooperative Producers, Inc.",CPI Elevator,Federal,I - Issued,[3-10206],[8-5505],Approved,29,"5,520,000",2026,September,9
NE,"Clay, NE",Saronville,"Cooperative Producers, Inc.",CPI Elevator,Federal,I - Issued,[3-10206],[8-5505],Approved,24,"466,000",2026,September,9
NE,"Clay, NE",Sutton,"Cooperative Producers, Inc.",CPI Elevator,Federal,I - Issued,[3-10206],[8-5505],Approved,22,"3,429,000",2026,September,9
NE,"Clay, NE",Trumbull,"Cooperative Producers, Inc.",CPI Elevator,Federal,I - Issued,[3-10206],[8-5505],Approved,2,"2,862,000",2026,September,9
NE,"Fillmore, NE",Fairmont,"Cooperative Producers, Inc.",CPI Elevator,Federal,I - Issued,[3-10206],[8-5505],Approved,15,"6,606,000",2026,September,9
NE,"Franklin, NE",Bloomington,"Cooperative Producers, Inc.",CPI Elevator,Federal,I - Issued,[3-10206],[8-5505],Approved,27,"1,099,000",2026,September,9
NE,"Franklin, NE",Campbell,"Cooperative Producers, Inc.",CPI Elevator,Federal,I - Issued,[3-10206],[8-5505],Approved,17,"3,766,000",2026,September,9
NE,"Franklin, NE",Franklin,"Cooperative Producers, Inc.",CPI Elevator,Federal,I - Issued,[3-10206],[8-5505],Approved,16,"2,997,000",2026,September,9
NE,"Franklin, NE",Hildreth,"Cooperative Producers, Inc.",CPI Elevator,Federal,I - Issued,[3-10206],[8-5505],Approved,9,"2,515,000",2026,September,9
NE,"Hall, NE",Prosser,"Cooperative Producers, Inc.",CPI Elevator,Federal,I - Issued,[3-10206],[8-5505],Approved,5,"9,759,000",2026,September,9
NE,"Hall, NE",Wood River,"Cooperative Producers, Inc.",CPI Elevator,Federal,I - Issued,[3-10206],[8-5505],Approved,28,"2,077,000",2026,September,9
NE,"Hamilton, NE",Giltner,"Cooperative Producers, Inc.",CPI Elevator,Federal,I - Issued,[3-10206],[8-5505],Approved,3,"5,228,000",2026,September,9
NE,"Harlan, NE",Ragan,"Cooperative Producers, Inc.",CPI Elevator,Federal,I - Issued,[3-10206],[8-5505],Approved,13,"6,038,000",2026,September,9
NE,"Harlan, NE",Republican City,"Cooperative Producers, Inc.",CPI Elevator,Federal,I - Issued,[3-10206],[8-5505],Approved,14,"282,000",2026,September,9
NE,"Kearney, NE",Axtell,"Cooperative Producers, Inc.",CPI Elevator,Federal,I - Issued,[3-10206],[8-5505],Approved,10,"2,247,000",2026,September,9
NE,"Kearney, NE",Minden,"Cooperative Producers, Inc.",CPI Elevator,Federal,I - Issued,[3-10206],[8-5505],Approved,8,"5,463,000",2026,September,9
NE,"Kearney, NE",Wilcox,"Cooperative Producers, Inc.",CPI Elevator,Federal,I - Issued,[3-10206],[8-5505],Approved,12,"2,734,000",2026,September,9
NE,"Nuckolls, NE",Ruskin,"Cooperative Producers, Inc.",CPI Elevator,Federal,I - Issued,[3-10206],[8-5505],Approved,19,"4,713,000",2026,September,9
NE,"Phelps, NE",Funk,"Cooperative Producers, Inc.",CPI Elevator,Federal,I - Issued,[3-10206],[8-5505],Approved,11,"8,612,000",2026,September,9
NE,"Webster, NE",BLADEN,"Cooperative Producers, Inc.",CPI Elevator,Federal,I - Issued,[3-10206],[8-5505],Approved,31,"2,966,000",2026,September,9
NE,"Webster, NE",Red Cloud,"Cooperative Producers, Inc.",CPI Elevator,Federal,I - Issued,[3-10206],[8-5505],Approved,21,"8,630,000",2026,September,9
NE,"Buffalo, NE",GIBBON,"Cargill, Incorporated",Cargill West Elevators,Federal,I - Issued,[3-10091],[8-5522],Approved,14,"8,528,000",2026,September,9
NE,"Fillmore, NE",Milligan,"Kassik Milling Co., Inc.","Kassik Milling Co., Inc.",State,,[],[8-5535],Approved,1,,2026,September,9
CA,"Colusa, CA",ARBUCKLE,"Strain Ranches, Inc.","STRAIN RANCHES, INC.",Unlicensed,,[],[8-5547],Approved,1,"3,427,000",2026,September,9
CA,"Sutter, CA",ROBBINS,"Sutter Basin Corporation, Ltd.","SUTTER BASIN CORPORATION, LTD.",Unlicensed,,[],[8-5559],Approved,1,"1,018,000",2026,September,9
CA,"Butte, CA",BIGGS,Red Top Rice Growers,RED TOP WAREHOUSE,Unlicensed,,[],[8-5627],Approved,1,"5,519,000",2026,September,9
NE,"Lincoln, NE",WALLACE,The Scoular Company,The Scoular Company,State,,[],[8-5638],Approved,3,"1,231,112",2026,September,9
NE,"Perkins, NE",MADRID,The Scoular Company,The Scoular Company,State,,[],[8-5638],Approved,1,"3,681,396",2026,September,9
NE,"Perkins, NE",WALLACE (GRAINTON),The Scoular Company,The Scoular Company,State,,[],[8-5638],Approved,5,"10,788,008",2026,September,9
CA,"Glenn, CA",Willows,"ACC-GWG, LLC","ACC-GWG, LLC WILLOWS WHSE",Unlicensed,,[],[8-5649],Approved,1,"2,156,000",2026,September,9
CA,"Butte, CA",RICHVALE,Butte County Rice Growers Association,Butte County Rice Growers Association,Unlicensed,,[],[8-5652],Approved,1,"11,539,000",2026,September,9
CA,"Colusa, CA",Williams,"ACC-GWG, LLC","ACC-GWG, LLC WILLIAMS WAREHOUSE",Unlicensed,,[],[8-5654],Approved,1,"2,914,000",2026,September,9
CA,"Butte, CA",GRIDLEY,"Boeger Rice Dryer, Inc.",Boeger Rice Dryer,Unlicensed,,[],[8-5675],Approved,1,"555,000",2026,September,9
CO,"Weld, CO",Greeley,"West Plains, LLC",West Plains Elevator,Federal,I - Issued,[3-10007],[8-5699],Approved,10,"1,621,000",2026,September,9
CO,"Yuma, CO",Yuma,"West Plains, LLC",West Plains Elevator,Federal,I - Issued,[3-10007],[8-5699],Approved,26,"2,628,000",2026,September,9
NE,"Scotts Bluff, NE",Gering,"West Plains, LLC",West Plains Elevator,Federal,I - Issued,[3-10007],[8-5699],Approved,12,"4,794,000",2026,September,9
NE,"Scotts Bluff, NE",Mitchell,"West Plains, LLC",West Plains Elevator,Federal,I - Issued,[3-10007],[8-5699],Approved,13,"1,209,000",2026,September,9
WY,"Goshen, WY",Lingle,"West Plains, LLC",West Plains Elevator,Federal,I - Issued,[3-10007],[8-5699],Approved,14,"381,000",2026,September,9
NE,"Antelope, NE",ELGIN,Central Valley Ag Cooperative,CVA Coop Elevators,Federal,I - Issued,[3-10113],[8-5707],Approved,5,"2,666,000",2026,September,9
NE,"Antelope, NE",ROYAL,Central Valley Ag Cooperative,CVA Coop Elevators,Federal,I - Issued,[3-10113],[8-5707],Approved,4,"7,712,000",2026,September,9
NE,"Antelope, NE",TILDEN,Central Valley Ag Cooperative,CVA Coop Elevators,Federal,I - Issued,[3-10113],[8-5707],Approved,6,"3,186,000",2026,September,9
NE,"Boone, NE",PETERSBURG,Central Valley Ag Cooperative,CVA Coop Elevators,Federal,I - Issued,[3-10113],[8-5707],Approved,7,"1,358,000",2026,September,9
NE,"Boone, NE",ST EDWARD,Central Valley Ag Cooperative,CVA Coop Elevators,Federal,I - Issued,[3-10113],[8-5707],Approved,10,"1,940,000",2026,September,9
NE,"Brown, NE",Ainsworth,Central Valley Ag Cooperative,CVA Coop Elevators,Federal,I - Issued,[3-10113],[8-5707],Approved,40,"393,000",2026,September,9
NE,"Burt, NE",Oakland (East Hub),Central Valley Ag Cooperative,CVA Coop Elevators,Federal,I - Issued,[3-10113],[8-5707],Approved,19,"9,503,000",2026,September,9
NE,"Butler, NE",Rising City,Central Valley Ag Cooperative,CVA Coop Elevators,Federal,I - Issued,[3-10113],[8-5707],Approved,36,"2,810,000",2026,September,9
NE,"Butler, NE",ULYSSES,Central Valley Ag Cooperative,CVA Coop Elevators,Federal,I - Issued,[3-10113],[8-5707],Approved,35,"2,120,000",2026,September,9
NE,"Cedar, NE",BOW VALLEY,Central Valley Ag Cooperative,CVA Coop Elevators,Federal,I - Issued,[3-10113],[8-5707],Approved,9,"957,000",2026,September,9
NE,"Cedar, NE",Laurel,Central Valley Ag Cooperative,CVA Coop Elevators,Federal,I - Issued,[3-10113],[8-5707],Approved,39,"3,715,000",2026,September,9
NE,"Dixon, NE",WAKEFIELD,Central Valley Ag Cooperative,CVA Coop Elevators,Federal,I - Issued,[3-10113],[8-5707],Approved,8,"1,780,000",2026,September,9
NE,"Dodge, NE",SCRIBNER,Central Valley Ag Cooperative,CVA Coop Elevators,Federal,I - Issued,[3-10113],[8-5707],Approved,22,"884,000",2026,September,9
NE,"Hamilton, NE",Hampton,Central Valley Ag Cooperative,CVA Coop Elevators,Federal,I - Issued,[3-10113],[8-5707],Approved,37,"3,088,000",2026,September,9
NE,"Hamilton, NE",HORDVILLE,Central Valley Ag Cooperative,CVA Coop Elevators,Federal,I - Issued,[3-10113],[8-5707],Approved,26,"1,948,000",2026,September,9
NE,"Jefferson, NE",Daykin,Central Valley Ag Cooperative,CVA Coop Elevators,Federal,I - Issued,[3-10113],[8-5707],Approved,42,"1,752,000",2026,September,9
NE,"Nance, NE",FULLERTON,Central Valley Ag Cooperative,CVA Coop Elevators,Federal,I - Issued,[3-10113],[8-5707],Approved,11,"3,032,000",2026,September,9
NE,"Platte, NE",DUNCAN,Central Valley Ag Cooperative,CVA Coop Elevators,Federal,I - Issued,[3-10113],[8-5707],Approved,13,"67,000",2026,September,9
NE,"Platte, NE",HUMPHREY,Central Valley Ag Cooperative,CVA Coop Elevators,Federal,I - Issued,[3-10113],[8-5707],Approved,15,"2,697,000",2026,September,9
NE,"Platte, NE",MONROE,Central Valley Ag Cooperative,CVA Coop Elevators,Federal,I - Issued,[3-10113],[8-5707],Approved,12,"8,147,000",2026,September,9
NE,"Polk, NE",POLK,Central Valley Ag Cooperative,CVA Coop Elevators,Federal,I - Issued,[3-10113],[8-5707],Approved,25,"3,009,000",2026,September,9
NE,"Polk, NE",Shelby,Central Valley Ag Cooperative,CVA Coop Elevators,Federal,I - Issued,[3-10113],[8-5707],Approved,28,"5,463,000",2026,September,9
NE,"Polk, NE",STROMSBURG,Central Valley Ag Cooperative,CVA Coop Elevators,Federal,I - Issued,[3-10113],[8-5707],Approved,24,"3,388,000",2026,September,9
NE,"Seward, NE",BEE,Central Valley Ag Cooperative,CVA Coop Elevators,Federal,I - Issued,[3-10113],[8-5707],Approved,34,"1,262,000",2026,September,9
NE,"Seward, NE",TAMORA,Central Valley Ag Cooperative,CVA Coop Elevators,Federal,I - Issued,[3-10113],[8-5707],Approved,32,"5,736,000",2026,September,9
NE,"Seward, NE",UTICA,Central Valley Ag Cooperative,CVA Coop Elevators,Federal,I - Issued,[3-10113],[8-5707],Approved,31,"1,234,000",2026,September,9
NE,"York, NE",BENEDICT,Central Valley Ag Cooperative,CVA Coop Elevators,Federal,I - Issued,[3-10113],[8-5707],Approved,27,"1,577,000",2026,September,9
NE,"York, NE",Bradshaw,Central Valley Ag Cooperative,CVA Coop Elevators,Federal,I - Issued,[3-10113],[8-5707],Approved,38,"5,314,000",2026,September,9
NE,"York, NE",GRESHAM,Central Valley Ag Cooperative,CVA Coop Elevators,Federal,I - Issued,[3-10113],[8-5707],Approved,29,"890,000",2026,September,9
NE,"York, NE",WACO,Central Valley Ag Cooperative,CVA Coop Elevators,Federal,I - Issued,[3-10113],[8-5707],Approved,30,"2,144,000",2026,September,9
NE,"Dodge, NE",NORTH BEND,"North Bend Grain Company, Inc.",NORTH BEND ELEVATOR,Federal,I - Issued,[3-4432],[8-5709],Approved,1,"1,635,000",2026,September,9
NE,"Stanton, NE",Pilger,Farmers Co-operative,Farmers Co-operative,State,,[],[8-5737],Approved,1,,2026,September,9
NE,"Wayne, NE",Wayne,Farmers Co-operative,Farmers Co-operative,State,,[],[8-5737],Approved,3,"1,286,742",2026,September,9
NE,"Wayne, NE",WINSIDE,Farmers Co-operative,Farmers Co-operative,State,,[],[8-5737],Approved,2,,2026,September,9
NE,"Cedar, NE",LAUREL,North Side Grain Co.,North Side Grain Co. Elevator,Federal,I - Issued,[3-8498],[8-5741],Approved,1,"1,065,000",2026,September,9
KS,"Marshall, KS",Beattie,Farmers Cooperative,Farmers Cooperative,State,,[],[8-5758],Approved,49,"1,612,393",2026,September,9
KS,"Marshall, KS",Blue Rapids,Farmers Cooperative,Farmers Cooperative,State,,[],[8-5758],Approved,50,"1,293,250",2026,September,9
KS,"Marshall, KS",Frankfort,Farmers Cooperative,Farmers Cooperative,State,,[],[8-5758],Approved,4,"1,800,837",2026,September,9
KS,"Marshall, KS",Frankfort,Farmers Cooperative,Farmers Cooperative,State,,[],[8-5758],Approved,51,"6,248,529",2026,September,9
KS,"Marshall, KS",Marysville,Farmers Cooperative,Farmers Cooperative,State,,[],[8-5758],Approved,41,"1,309,581",2026,September,9
KS,"Marshall, KS",Marysville,Farmers Cooperative,Farmers Cooperative,State,,[],[8-5758],Approved,45,"455,961",2026,September,9
KS,"Marshall, KS",Oketo,Farmers Cooperative,Farmers Cooperative,State,,[],[8-5758],Approved,52,"1,592,644",2026,September,9
KS,"Marshall, KS",Waterville,Farmers Cooperative,Farmers Cooperative,State,,[],[8-5758],Approved,53,"351,864",2026,September,9
KS,"Washington, KS",BARNES,Farmers Cooperative,Farmers Cooperative,State,,[],[8-5758],Approved,55,"4,803,097",2026,September,9
KS,"Washington, KS",Hanover,Farmers Cooperative,Farmers Cooperative,State,,[],[8-5758],Approved,33,"5,810,559",2026,September,9
NE,"Fillmore, NE",Exeter,Farmers Cooperative,Farmers Cooperative,State,,[],[8-5758],Approved,18,"3,753,589",2026,September,9
NE,"Fillmore, NE",Fairmont,Farmers Cooperative,Farmers Cooperative,State,,[],[8-5758],Approved,19,"1,018,772",2026,September,9
NE,"Fillmore, NE",Milligan,Farmers Cooperative,Farmers Cooperative,State,,[],[8-5758],Approved,21,"3,514,458",2026,September,9
NE,"Fillmore, NE",Ohiowa,Farmers Cooperative,Farmers Cooperative,State,,[],[8-5758],Approved,22,"2,206,707",2026,September,9
NE,"Gage, NE",Barneston,Farmers Cooperative,Farmers Cooperative,State,,[],[8-5758],Approved,7,"1,358,362",2026,September,9
NE,"Gage, NE",Beatrice,Farmers Cooperative,Farmers Cooperative,State,,[],[8-5758],Approved,2,"715,618",2026,September,9
NE,"Gage, NE",Beatrice,Farmers Cooperative,Farmers Cooperative,State,,[],[8-5758],Approved,15,"3,734,778",2026,September,9
NE,"Gage, NE",Blue Springs,Farmers Cooperative,Farmers Cooperative,State,,[],[8-5758],Approved,29,"788,731",2026,September,9
NE,"Gage, NE",Filley,Farmers Cooperative,Farmers Cooperative,State,,[],[8-5758],Approved,40,"263,732",2026,September,9
NE,"Gage, NE",Odell,Farmers Cooperative,Farmers Cooperative,State,,[],[8-5758],Approved,6,"2,744,767",2026,September,9
NE,"Gage, NE",Pickrell,Farmers Cooperative,Farmers Cooperative,State,,[],[8-5758],Approved,37,"1,087,258",2026,September,9
NE,"Gage, NE",Virginia,Farmers Cooperative,Farmers Cooperative,State,,[],[8-5758],Approved,48,"1,801,612",2026,September,9
NE,"Gage, NE",Wymore,Farmers Cooperative,Farmers Cooperative,State,,[],[8-5758],Approved,30,"255,581",2026,September,9
NE,"Jefferson, NE",Daykin,Farmers Cooperative,Farmers Cooperative,State,,[],[8-5758],Approved,5,"3,148,104",2026,September,9
NE,"Jefferson, NE",Jansen,Farmers Cooperative,Farmers Cooperative,State,,[],[8-5758],Approved,11,"6,150,644",2026,September,9
NE,"Jefferson, NE",Plymouth,Farmers Cooperative,Farmers Cooperative,State,,[],[8-5758],Approved,14,"3,660,589",2026,September,9
NE,"Jefferson, NE",Reynolds,Farmers Cooperative,Farmers Cooperative,State,,[],[8-5758],Approved,28,"3,259,758",2026,September,9
NE,"Johnson, NE",Sterling,Farmers Cooperative,Farmers Cooperative,State,,[],[8-5758],Approved,47,"1,310,488",2026,September,9
NE,"Lancaster, NE",Crete,Farmers Cooperative,Farmers Cooperative,State,,[],[8-5758],Approved,10,"908,074",2026,September,9
NE,"Lancaster, NE",Emerald,Farmers Cooperative,Farmers Cooperative,State,,[],[8-5758],Approved,17,"1,791,121",2026,September,9
NE,"Lancaster, NE",Firth,Farmers Cooperative,Farmers Cooperative,State,,[],[8-5758],Approved,34,"540,615",2026,September,9
NE,"Lancaster, NE",Hallam,Farmers Cooperative,Farmers Cooperative,State,,[],[8-5758],Approved,27,"1,740,597",2026,September,9
NE,"Lancaster, NE",LINCOLN,Farmers Cooperative,Farmers Cooperative,State,,[],[8-5758],Approved,54,"8,493,739",2026,September,9
NE,"Lancaster, NE",Raymond,Farmers Cooperative,Farmers Cooperative,State,,[],[8-5758],Approved,26,"2,486,098",2026,September,9
NE,"Pawnee, NE",Burchard,Farmers Cooperative,Farmers Cooperative,State,,[],[8-5758],Approved,9,"2,582,621",2026,September,9
NE,"Pawnee, NE",Pawnee City,Farmers Cooperative,Farmers Cooperative,State,,[],[8-5758],Approved,38,"3,877,063",2026,September,9
NE,"Saline, NE",Dorchester,Farmers Cooperative,Farmers Cooperative,State,,[],[8-5758],Approved,1,"6,855,106",2026,September,9
NE,"Saline, NE",Swanton,Farmers Cooperative,Farmers Cooperative,State,,[],[8-5758],Approved,13,"1,286,931",2026,September,9
NE,"Saline, NE",Wilber,Farmers Cooperative,Farmers Cooperative,State,,[],[8-5758],Approved,8,"2,736,130",2026,September,9
NE,"Seward, NE",Cordova,Farmers Cooperative,Farmers Cooperative,State,,[],[8-5758],Approved,16,"1,390,486",2026,September,9
NE,"Seward, NE",Milford,Farmers Cooperative,Farmers Cooperative,State,,[],[8-5758],Approved,24,"4,030,364",2026,September,9
NE,"Seward, NE",Pleasant Dale,Farmers Cooperative,Farmers Cooperative,State,,[],[8-5758],Approved,25,"779,497",2026,September,9
NE,"York, NE",Henderson,Farmers Cooperative,Farmers Cooperative,State,,[],[8-5758],Approved,31,"1,748,092",2026,September,9
NE,"York, NE",McCool Junction,Farmers Cooperative,Farmers Cooperative,State,,[],[8-5758],Approved,32,"1,700,546",2026,September,9
NE,"Platte, NE",LINDSAY,Farmers Co-op Association,Farmers Co-Op Association,State,,[],[8-5765],Approved,1,,2026,September,9
NE,"Cheyenne, NE",SIDNEY,The Scoular Company,THE SCOULAR COMPANY,State,,[],[8-5767],Approved,1,"5,002,810",2026,September,9
CA,"Sutter, CA",KNIGHTS LANDING,Sutter Basin Growers' Cooperative,SUTTER BASIN GROWERS COOPERATIVE WHSE,Unlicensed,,[],[8-5770],Approved,1,"5,244,000",2026,September,9
CA,"Yolo, CA",W SACRAMENTO,Farmers' Rice Cooperative,Farmers Rice Cooperative Warehouse,Unlicensed,,[],[8-5780],Approved,1,"5,364,000",2026,September,9
CA,"Colusa, CA",ARBUCKLE,"California Family Foods, LLC",CALIFORNIA FAMILY FOODS,Unlicensed,,[],[8-5807],Approved,1,"4,463,000",2026,September,9
CA,"Colusa, CA",COLUSA,"California Family Foods, LLC",CALIFORNIA FAMILY FOODS,Unlicensed,,[],[8-5807],Approved,2,"1,202,000",2026,September,9
CA,"Colusa, CA",WILLIAMS,"California Family Foods, LLC",CALIFORNIA FAMILY FOODS,Unlicensed,,[],[8-5807],Approved,3,"184,000",2026,September,9
NE,"Dodge, NE",Scribner,Scribner Grain & Lumber Company,Scribner Elevator,Federal,I - Issued,[3-5817],[8-5809],Approved,1,"3,071,000",2026,September,9
NE,"Boone, NE",Cedar Rapids,Country Partners Cooperative,Country Partners Cooperative,State,,[],[8-5812],Approved,5,"2,511,050",2026,September,9
NE,"Custer, NE",Anselmo,Country Partners Cooperative,Country Partners Cooperative,State,,[],[8-5812],Approved,11,"5,337,570",2026,September,9
NE,"Custer, NE",Merna,Country Partners Cooperative,Country Partners Cooperative,State,,[],[8-5812],Approved,10,"2,770,162",2026,September,9
NE,"Dawson, NE",Farnam,Country Partners Cooperative,Country Partners Cooperative,State,,[],[8-5812],Approved,9,"3,075,703",2026,September,9
NE,"Dawson, NE",Gothenburg,Country Partners Cooperative,Country Partners Cooperative,State,,[],[8-5812],Approved,8,"7,116,155",2026,September,9
NE,"Greeley, NE",Spalding,Country Partners Cooperative,Country Partners Cooperative,State,,[],[8-5812],Approved,4,"1,241,098",2026,September,9
NE,"Valley, NE",North Loup,Country Partners Cooperative,Country Partners Cooperative,State,,[],[8-5812],Approved,1,"4,164,646",2026,September,9
NE,"Valley, NE",Ord,Country Partners Cooperative,Country Partners Cooperative,State,,[],[8-5812],Approved,3,"1,112,539",2026,September,9
KY,"Logan, KY",(SOUTH UNION) AUBURN,"Hopkinsville Elevator Co., Inc.",Hopkinsville Elevator,Federal,I - Issued,[3-6755],[8-5819],Approved,3,"2,845,000",2026,September,9
NE,"Richardson, NE",STELLA,"Bartlett Grain Company, LLC",Bartlett Elevator (Eastern),Federal,I - Issued,[3-9602],[8-5828],Approved,8,"757,000",2026,September,9
IN,"Allen, IN",ARCOLA,Farmers Grain and Feed Company Inc.,FARMERS GRAIN AND FEED COMPANY INC,State,,[],[8-5840],Approved,3,,2026,September,9
IN,"Noble, IN",ALBION (WOLF LAKE),Farmers Grain and Feed Company Inc.,FARMERS GRAIN AND FEED COMPANY INC,State,,[],[8-5840],Approved,2,,2026,September,9
IN,"Whitley, IN",COLUMBIA CITY,Farmers Grain and Feed Company Inc.,FARMERS GRAIN AND FEED COMPANY INC,State,,[],[8-5840],Approved,1,,2026,September,9
NE,"Boone, NE",ALBION,"Cargill, Incorporated",Cargill West Elevators,Federal,I - Issued,[3-10091],[8-5842],Approved,19,"4,740,000",2026,September,9
CO,"Morgan, CO",FORT MORGAN,Crossroads Cooperative Association,Crossroads Cooperative Elevator,Federal,I - Issued,[3-10178],[8-5860],Approved,13,"408,000",2026,September,9
NE,"Cheyenne, NE",DALTON,Crossroads Cooperative Association,Crossroads Cooperative Elevator,Federal,I - Issued,[3-10178],[8-5860],Approved,6,"549,000",2026,September,9
NE,"Cheyenne, NE",GURLEY,Crossroads Cooperative Association,Crossroads Cooperative Elevator,Federal,I - Issued,[3-10178],[8-5860],Approved,3,"2,955,000",2026,September,9
NE,"Cheyenne, NE",HUNTSMAN,Crossroads Cooperative Association,Crossroads Cooperative Elevator,Federal,I - Issued,[3-10178],[8-5860],Approved,2,"450,000",2026,September,9
NE,"Cheyenne, NE",LORENZO,Crossroads Cooperative Association,Crossroads Cooperative Elevator,Federal,I - Issued,[3-10178],[8-5860],Approved,4,"1,046,000",2026,September,9
NE,"Cheyenne, NE",POTTER,Crossroads Cooperative Association,Crossroads Cooperative Elevator,Federal,I - Issued,[3-10178],[8-5860],Approved,5,"1,206,000",2026,September,9
NE,"Cheyenne, NE",SIDNEY,Crossroads Cooperative Association,Crossroads Cooperative Elevator,Federal,I - Issued,[3-10178],[8-5860],Approved,1,"1,569,000",2026,September,9
NE,"Garden, NE",LISCO,Crossroads Cooperative Association,Crossroads Cooperative Elevator,Federal,I - Issued,[3-10178],[8-5860],Approved,9,"542,000",2026,September,9
NE,"Morrill, NE",BRIDGEPORT,Crossroads Cooperative Association,Crossroads Cooperative Elevator,Federal,I - Issued,[3-10178],[8-5860],Approved,8,"2,231,000",2026,September,9
NE,"Scotts Bluff, NE",GERING,Crossroads Cooperative Association,Crossroads Cooperative Elevator,Federal,I - Issued,[3-10178],[8-5860],Approved,10,"4,372,000",2026,September,9
NE,"Scotts Bluff, NE",LYMAN,Crossroads Cooperative Association,Crossroads Cooperative Elevator,Federal,I - Issued,[3-10178],[8-5860],Approved,7,"2,028,000",2026,September,9
NE,"Scotts Bluff, NE",MITCHELL,Crossroads Cooperative Association,Crossroads Cooperative Elevator,Federal,I - Issued,[3-10178],[8-5860],Approved,12,"1,562,000",2026,September,9
WY,"Goshen, WY",TORRINGTON,Crossroads Cooperative Association,Crossroads Cooperative Elevator,Federal,I - Issued,[3-10178],[8-5860],Approved,11,"689,000",2026,September,9
NE,"Holt, NE",O'NEILL,"Cargill, Incorporated",Cargill West Elevators,Federal,I - Issued,[3-10091],[8-5880],Approved,24,"5,228,000",2026,September,9
CA,"Colusa, CA",STEGEMAN STATION,Farmers' Rice Cooperative,FARMERS RICE COOPERATIVE WAREHOUSE,Unlicensed,,[],[8-5895],Approved,1,"2,433,000",2026,September,9
CA,"Colusa, CA",WILLIAMS,Farmers' Rice Cooperative,FARMERS RICE COOPERATIVE WAREHOUSE,Unlicensed,,[],[8-5895],Approved,2,"1,087,000",2026,September,9
NE,"Hitchcock, NE",Stratton,Farmers Cooperative Grain and Supply Company,Farmers Cooperative Grain and Supply Company,State,,[],[8-5897],Approved,2,"965,673",2026,September,9
NE,"Hitchcock, NE",Trenton,Farmers Cooperative Grain and Supply Company,Farmers Cooperative Grain and Supply Company,State,,[],[8-5897],Approved,1,"1,062,956",2026,September,9
NE,"Otoe, NE",Talmage,Farmers Cooperative Company,Farmers Cooperative Company,State,,[],[8-5899],Approved,1,,2026,September,9
NE,"Custer, NE",Ansley,"Trotter, Incorporated","Trotter, Incorporated",State,,[],[8-5903],Approved,6,"43,411",2026,September,9
NE,"Custer, NE",Sargent,"Trotter, Incorporated","Trotter, Incorporated",State,,[],[8-5903],Approved,3,"1,959,478",2026,September,9
NE,"Sherman, NE",Ashton,"Trotter, Incorporated","Trotter, Incorporated",State,,[],[8-5903],Approved,2,"629,177",2026,September,9
NE,"Sherman, NE",Litchfield,"Trotter, Incorporated","Trotter, Incorporated",State,,[],[8-5903],Approved,4,"545,230",2026,September,9
NE,"Sherman, NE",Loup City,"Trotter, Incorporated","Trotter, Incorporated",State,,[],[8-5903],Approved,5,"821,177",2026,September,9
NE,"Valley, NE",Arcadia,"Trotter, Incorporated","Trotter, Incorporated",State,,[],[8-5903],Approved,1,"959,110",2026,September,9
NE,"Fillmore, NE",SHICKLEY,Shickley Grain Company,SHICKLEY GRAIN COMPANY,State,,[],[8-5908],Approved,1,,2026,September,9
NE,"Chase, NE",LAMAR,The Scoular Company,The Scoular Company,State,,[],[8-5928],Approved,3,"6,748,013",2026,September,9
NE,"Perkins, NE",BIG SPRINGS,The Scoular Company,The Scoular Company,State,,[],[8-5928],Approved,4,"481,640",2026,September,9
NE,"Perkins, NE",BRANDON,The Scoular Company,The Scoular Company,State,,[],[8-5928],Approved,2,"2,070,801",2026,September,9
NE,"Perkins, NE",VENANGO,The Scoular Company,The Scoular Company,State,,[],[8-5928],Approved,1,"9,304,079",2026,September,9
CA,"Yuba, CA",Marysville,"Charles J. Mathews, Jr. & Frederick J. Mathews Co-Partners dba Mathews Rice Dryer",MATHEWS RICE DRYER,Unlicensed,,[],[8-5935],Approved,1,"2,908,000",2026,September,9
NE,"Knox, NE",VERDIGREE,Herbert Feed & Grain Co.,Herbert Feed & Grain Co.,State,,[],[8-5998],Approved,1,"1,472,463",2026,September,9
NE,"Cuming, NE",WEST POINT,"Grain States Soya, Incorporated","GRAIN STATES SOYA, INCORPORATED",State,,[],[8-5999],Approved,1,,2026,September,9
OK,"Dewey, OK",CAMARGO,Consolidated Grain and Barge Co.,CGB Elevators,Federal,I - Issued,[3-10134],[8-6027],Approved,14,"357,000",2026,September,9
OK,"Ellis, OK",FARGO,Consolidated Grain and Barge Co.,CGB Elevators,Federal,I - Issued,[3-10134],[8-6027],Approved,16,"332,000",2026,September,9
OK,"Ellis, OK",SHATTUCK,Consolidated Grain and Barge Co.,CGB Elevators,Federal,I - Issued,[3-10134],[8-6027],Approved,12,"3,240,000",2026,September,9
OK,"Woodward, OK",FORT SUPPLY,Consolidated Grain and Barge Co.,CGB Elevators,Federal,I - Issued,[3-10134],[8-6027],Approved,15,"169,000",2026,September,9
OK,"Woodward, OK",MUTUAL,Consolidated Grain and Barge Co.,CGB Elevators,Federal,I - Issued,[3-10134],[8-6027],Approved,13,"791,000",2026,September,9
OK,"Wagoner, OK",WAGONER,Consolidated Grain and Barge Co.,CGB ELEVATORS,Federal,I - Issued,[3-10064],[8-6033],Approved,2,"1,009,000",2026,September,9
OK,"Washita, OK",Bessie,Farmers' Co-operative Exchange,FARMERS' CO-OPERATIVE EXCHANGE,State,,[],[8-6041],Approved,1,,2026,September,9
OK,"Washita, OK",CORDELL,Farmers' Co-operative Exchange,FARMERS' CO-OPERATIVE EXCHANGE,State,,[],[8-6041],Approved,2,,2026,September,9
OK,"Garfield, OK",Bison,Bison Cooperative Association,Bison Coop Elevator,Federal,I - Issued,[3-10153],[8-6043],Approved,1,"618,000",2026,September,9
OK,"Garfield, OK",Enid,Bison Cooperative Association,Bison Coop Elevator,Federal,I - Issued,[3-10153],[8-6043],Approved,2,"590,000",2026,September,9
OK,"Noble, OK",BILLINGS,Consolidated Grain and Barge Co.,CGB Elevators,Federal,I - Issued,[3-10134],[8-6044],Approved,2,"1,131,000",2026,September,9
OK,"Noble, OK",CERES,Consolidated Grain and Barge Co.,CGB Elevators,Federal,I - Issued,[3-10134],[8-6044],Approved,3,"86,000",2026,September,9
OK,"Comanche, OK",HULEN,Walters Cooperative Elevator Association,Walters Cooperative Elevator,Federal,I - Issued,[3-6500],[8-6051],Approved,4,"138,000",2026,September,9
OK,"Cotton, OK",AHPEATONE,Walters Cooperative Elevator Association,Walters Cooperative Elevator,Federal,I - Issued,[3-6500],[8-6051],Approved,2,"464,000",2026,September,9
OK,"Cotton, OK",TEMPLE,Walters Cooperative Elevator Association,Walters Cooperative Elevator,Federal,I - Issued,[3-6500],[8-6051],Approved,3,"1,045,000",2026,September,9
OK,"Cotton, OK",Walters,Walters Cooperative Elevator Association,Walters Cooperative Elevator,Federal,I - Issued,[3-6500],[8-6051],Approved,1,"647,000",2026,September,9
OK,"Jefferson, OK",RYAN,Walters Cooperative Elevator Association,Walters Cooperative Elevator,Federal,I - Issued,[3-6500],[8-6051],Approved,5,"333,000",2026,September,9
OK,"Caddo, OK",EAKLY,"CoMark Equity Alliance, LLC",CoMark Equity Alliance Elevators,Federal,I - Issued,[3-10148],[8-6055],Approved,129,"199,000",2026,September,9
OK,"Custer, OK",WEATHERFORD,"CoMark Equity Alliance, LLC",CoMark Equity Alliance Elevators,Federal,I - Issued,[3-10148],[8-6055],Approved,108,"1,051,000",2026,September,9
OK,"Washita, OK",CORN,"CoMark Equity Alliance, LLC",CoMark Equity Alliance Elevators,Federal,I - Issued,[3-10148],[8-6055],Approved,73,"859,000",2026,September,9
OK,"Alfalfa, OK",AMORITA,"CoMark Equity Alliance, LLC",CoMark Equity Alliance Elevators,Federal,I - Issued,[3-10148],[8-6057],Approved,68,"640,000",2026,September,9
OK,"Alfalfa, OK",BURLINGTON,"CoMark Equity Alliance, LLC",CoMark Equity Alliance Elevators,Federal,I - Issued,[3-10148],[8-6057],Approved,70,"1,774,000",2026,September,9
OK,"Jackson, OK",Eldorado,Farmers Cooperative Association,Farmers Cooperative Elevator,Federal,I - Issued,[3-9612],[8-6063],Approved,1,"2,092,000",2026,September,9
OK,"Alfalfa, OK",ASHLEY,"CoMark Equity Alliance, LLC",CoMark Equity Alliance Elevators,Federal,I - Issued,[3-10148],[8-6098],Approved,149,"300,000",2026,September,9
OK,"Harper, OK",BUFFALO,"CoMark Equity Alliance, LLC",CoMark Equity Alliance Elevators,Federal,I - Issued,[3-10148],[8-6098],Approved,152,"695,000",2026,September,9
OK,"Harper, OK",SELMAN,"CoMark Equity Alliance, LLC",CoMark Equity Alliance Elevators,Federal,I - Issued,[3-10148],[8-6098],Approved,153,"459,000",2026,September,9
OK,"Woods, OK",ALVA,"CoMark Equity Alliance, LLC",CoMark Equity Alliance Elevators,Federal,I - Issued,[3-10148],[8-6098],Approved,147,"3,024,000",2026,September,9
OK,"Woods, OK",CAPRON,"CoMark Equity Alliance, LLC",CoMark Equity Alliance Elevators,Federal,I - Issued,[3-10148],[8-6098],Approved,148,"490,000",2026,September,9
OK,"Woods, OK",HOPETON,"CoMark Equity Alliance, LLC",CoMark Equity Alliance Elevators,Federal,I - Issued,[3-10148],[8-6098],Approved,151,"242,000",2026,September,9
OK,"Garfield, OK",CARRIER,Carrier Mill and Elevator Company,CARRIER MILL AND ELEVATOR COMPANY,State,,[],[8-6103],Approved,1,"1,097,000",2026,September,9
OK,"Custer, OK",BUTLER,Farmers Cooperative of Western Oklahoma,FARMERS ELEVATOR,Federal,I - Issued,[3-2054],[8-6120],Approved,3,"809,000",2026,September,9
OK,"Custer, OK",CLINTON,Farmers Cooperative of Western Oklahoma,FARMERS ELEVATOR,Federal,I - Issued,[3-2054],[8-6120],Approved,4,"1,272,000",2026,September,9
OK,"Custer, OK",CUSTER CITY,Farmers Cooperative of Western Oklahoma,FARMERS ELEVATOR,Federal,I - Issued,[3-2054],[8-6120],Approved,1,"1,482,000",2026,September,9
OK,"Dewey, OK",PUTNAM,Farmers Cooperative of Western Oklahoma,FARMERS ELEVATOR,Federal,I - Issued,[3-2054],[8-6120],Approved,2,"692,000",2026,September,9
MS,"Clay, MS",WEST POINT,Tom Soya Grain Company,TOM SOYA ELEVATOR,Federal,I - Issued,[3-8232],[8-6133],Approved,1,"567,000",2026,September,9
MS,"Lowndes, MS",CRAWFORD,Tom Soya Grain Company,TOM SOYA ELEVATOR,Federal,I - Issued,[3-8232],[8-6134],Approved,5,"412,000",2026,September,9
MS,"Monroe, MS",MULDON,Tom Soya Grain Company,TOM SOYA ELEVATOR,Federal,I - Issued,[3-8232],[8-6134],Approved,2,"1,154,000",2026,September,9
OK,"Alfalfa, OK",JET,"CoMark Equity Alliance, LLC",CoMark Equity Alliance Elevators,Federal,I - Issued,[3-10148],[8-6164],Approved,90,"849,000",2026,September,9
OK,"Woods, OK",DACOMA,"CoMark Equity Alliance, LLC",CoMark Equity Alliance Elevators,Federal,I - Issued,[3-10148],[8-6164],Approved,76,"1,106,000",2026,September,9
OK,"Woods, OK",FREEDOM,"CoMark Equity Alliance, LLC",CoMark Equity Alliance Elevators,Federal,I - Issued,[3-10148],[8-6164],Approved,82,"281,000",2026,September,9
OK,"Woods, OK",WAYNOKA,"CoMark Equity Alliance, LLC",CoMark Equity Alliance Elevators,Federal,I - Issued,[3-10148],[8-6164],Approved,107,"574,000",2026,September,9
OK,"Woodward, OK",MOORELAND,"CoMark Equity Alliance, LLC",CoMark Equity Alliance Elevators,Federal,I - Issued,[3-10148],[8-6164],Approved,99,"743,000",2026,September,9
OK,"Canadian, OK",EL RENO,Schroeder Grain Company,SCHROEDER GRAIN COMPANY,State,,[],[8-6176],Removed,1,"911,000",2026,September,9
OK,"Caddo, OK",CARNEGIE,Consolidated Grain and Barge Co.,CGB Elevators,Federal,I - Issued,[3-10134],[8-6212],Approved,11,"1,095,000",2026,September,9
OK,"Major, OK",ORIENTA,Consolidated Grain and Barge Co.,CGB Elevators,Federal,I - Issued,[3-10134],[8-6212],Approved,10,"536,000",2026,September,9
OK,"Alfalfa, OK",GOLTRY,"CoMark Equity Alliance, LLC",CoMark Equity Alliance Elevators,Federal,I - Issued,[3-10148],[8-6245],Approved,84,"466,000",2026,September,9
OK,"Alfalfa, OK",HELENA,"CoMark Equity Alliance, LLC",CoMark Equity Alliance Elevators,Federal,I - Issued,[3-10148],[8-6245],Approved,85,"609,000",2026,September,9
OK,"Alfalfa, OK",MCWILLIE,"CoMark Equity Alliance, LLC",CoMark Equity Alliance Elevators,Federal,I - Issued,[3-10148],[8-6245],Approved,96,"511,000",2026,September,9
OK,"Texas, OK",GOODWELL,"Farmers Elevator of Goodwell, OK, Inc.",Farmers Elevator,Federal,I - Issued,[3-4590],[8-6246],Approved,1,"1,374,000",2026,September,9
OK,"Garfield, OK",COVINGTON,Garber Cooperative Association,Garber Cooperative Association,State,,[],[8-6262],Approved,2,"223,000",2026,September,9
OK,"Garfield, OK",FAIRMONT,Garber Cooperative Association,Garber Cooperative Association,State,,[],[8-6262],Approved,3,"197,000",2026,September,9
OK,"Garfield, OK",GARBER,Garber Cooperative Association,Garber Cooperative Association,State,,[],[8-6262],Approved,1,"719,000",2026,September,9
MI,"Ottawa, MI",ZEELAND,"Zeeland Farm Services, Inc.","ZEELAND FARM SERVICE, INC.",State,,[],[8-6265],Approved,1,,2026,September,9
OK,"Rogers, OK",INOLA,Consolidated Grain and Barge Co.,CGB ELEVATORS,Federal,I - Issued,[3-10064],[8-6381],Approved,1,"1,840,000",2026,September,9
OK,"Grant, OK",RENFROW,Consolidated Grain and Barge Co.,CGB Elevators,Federal,I - Issued,[3-10134],[8-6384],Approved,8,"311,000",2026,September,9
OK,"Grant, OK",WAKITA,Consolidated Grain and Barge Co.,CGB Elevators,Federal,I - Issued,[3-10134],[8-6384],Approved,7,"837,000",2026,September,9
LA,"Vermilion, LA",GUEYDAN,DIXIE DRIER LLC,DIXIE DRIER LLC,State,,[],[8-6389],Authorized,1,"821,000",2026,September,9
OK,"Comanche, OK",CHATTANOOGA,"Coop Services, Inc.",COOPERATIVE ELEVATOR A,Federal,I - Issued,[3-3587],[8-6391],Approved,2,"986,000",2026,September,9
OK,"Comanche, OK",LAWTON,"Coop Services, Inc.",COOPERATIVE ELEVATOR A,Federal,I - Issued,[3-3587],[8-6391],Approved,1,"402,000",2026,September,9
OK,"Cotton, OK",Devol,"Coop Services, Inc.",COOPERATIVE ELEVATOR A,Federal,I - Issued,[3-3587],[8-6391],Approved,4,"305,000",2026,September,9
OK,"Tillman, OK",GRANDFIELD,"Coop Services, Inc.",COOPERATIVE ELEVATOR A,Federal,I - Issued,[3-3587],[8-6391],Approved,3,"988,000",2026,September,9
OK,"Garfield, OK",DOUGLAS,"CoMark Equity Alliance, LLC",CoMark Equity Alliance Elevators,Federal,I - Issued,[3-10148],[8-6396],Approved,78,"558,000",2026,September,9
OK,"Garfield, OK",WAUKOMIS,"CoMark Equity Alliance, LLC",CoMark Equity Alliance Elevators,Federal,I - Issued,[3-10148],[8-6396],Approved,110,"423,000",2026,September,9
OK,"Logan, OK",MARSHALL,"CoMark Equity Alliance, LLC",CoMark Equity Alliance Elevators,Federal,I - Issued,[3-10148],[8-6396],Approved,95,"519,000",2026,September,9
OK,"Blaine, OK",HOMESTEAD,Shawnee Milling Company,OKEENE MILLING COMPANY,State,,[],[8-6446],Approved,3,"419,000",2026,September,9
OK,"Blaine, OK",NEW DARROW,Shawnee Milling Company,OKEENE MILLING COMPANY,State,,[],[8-6446],Approved,2,"437,000",2026,September,9
OK,"Blaine, OK",OKEENE,Shawnee Milling Company,OKEENE MILLING COMPANY,State,,[],[8-6446],Approved,1,"2,214,000",2026,September,9
OK,"Blaine, OK",Hitchcock,Sooner Plains Ag,Sooner Plains Ag,State,,[],[8-6456],Approved,3,"152,000",2026,September,9
OK,"Blaine, OK",Homestead,Sooner Plains Ag,Sooner Plains Ag,State,,[],[8-6456],Approved,4,"258,000",2026,September,9
OK,"Blaine, OK",Okeene,Sooner Plains Ag,Sooner Plains Ag,State,,[],[8-6456],Approved,1,"303,000",2026,September,9
OK,"Blaine, OK",Okeene,Sooner Plains Ag,Sooner Plains Ag,State,,[],[8-6456],Approved,9,"363,000",2026,September,9
OK,"Garfield, OK",Enid,Sooner Plains Ag,Sooner Plains Ag,State,,[],[8-6456],Approved,5,"157,000",2026,September,9
OK,"Garfield, OK",Lahoma,Sooner Plains Ag,Sooner Plains Ag,State,,[],[8-6456],Approved,6,"461,000",2026,September,9
OK,"Kingfisher, OK",Loyal,Sooner Plains Ag,Sooner Plains Ag,State,,[],[8-6456],Approved,7,"416,000",2026,September,9
OK,"Major, OK",Fairview,Sooner Plains Ag,Sooner Plains Ag,State,,[],[8-6456],Approved,2,"550,000",2026,September,9
OK,"Major, OK",Meno,Sooner Plains Ag,Sooner Plains Ag,State,,[],[8-6456],Approved,8,"467,000",2026,September,9
OK,"Major, OK",Ringwood,Sooner Plains Ag,Sooner Plains Ag,State,,[],[8-6456],Approved,10,"338,000",2026,September,9
OK,"Muskogee, OK",WEBBERS FALLS,Consolidated Grain and Barge Co.,CGB ELEVATORS,Federal,I - Issued,[3-10064],[8-6465],Approved,3,"1,230,000",2026,September,9
KS,"Sumner, KS",CALDWELL,"CoMark Equity Alliance, LLC",CoMark Equity Alliance Elevators,Federal,I - Issued,[3-10148],[8-6474],Approved,5,"2,235,000",2026,September,9
KS,"Sumner, KS",WELLINGTON,"CoMark Equity Alliance, LLC",CoMark Equity Alliance Elevators,Federal,I - Issued,[3-10148],[8-6474],Approved,195,"4,144,000",2026,September,9
KS,"Sumner, KS",WELLINGTON,"CoMark Equity Alliance, LLC",CoMark Equity Alliance Elevators,Federal,I - Issued,[3-10148],[8-6474],Approved,196,"1,038,000",2026,September,9
OK,"Garfield, OK",HILLSDALE,"CoMark Equity Alliance, LLC",CoMark Equity Alliance Elevators,Federal,I - Issued,[3-10148],[8-6474],Approved,86,"325,000",2026,September,9
OK,"Garfield, OK",HUNTER,"CoMark Equity Alliance, LLC",CoMark Equity Alliance Elevators,Federal,I - Issued,[3-10148],[8-6474],Approved,87,"836,000",2026,September,9
OK,"Garfield, OK",KREMLIN,"CoMark Equity Alliance, LLC",CoMark Equity Alliance Elevators,Federal,I - Issued,[3-10148],[8-6474],Approved,91,"637,000",2026,September,9
OK,"Grant, OK",CLYDE,"CoMark Equity Alliance, LLC",CoMark Equity Alliance Elevators,Federal,I - Issued,[3-10148],[8-6474],Approved,72,"509,000",2026,September,9
OK,"Grant, OK",DEER CREEK,"CoMark Equity Alliance, LLC",CoMark Equity Alliance Elevators,Federal,I - Issued,[3-10148],[8-6474],Approved,77,"207,000",2026,September,9
OK,"Grant, OK",JEFFERSON,"CoMark Equity Alliance, LLC",CoMark Equity Alliance Elevators,Federal,I - Issued,[3-10148],[8-6474],Approved,89,"96,000",2026,September,9
OK,"Grant, OK",LAMONT,"CoMark Equity Alliance, LLC",CoMark Equity Alliance Elevators,Federal,I - Issued,[3-10148],[8-6474],Approved,93,"1,024,000",2026,September,9
OK,"Grant, OK",MEDFORD,"CoMark Equity Alliance, LLC",CoMark Equity Alliance Elevators,Federal,I - Issued,[3-10148],[8-6474],Approved,97,"538,000",2026,September,9
OK,"Grant, OK",Medford,"CoMark Equity Alliance, LLC",CoMark Equity Alliance Elevators,Federal,I - Issued,[3-10148],[8-6474],Approved,194,"2,780,000",2026,September,9
OK,"Grant, OK",NASH,"CoMark Equity Alliance, LLC",CoMark Equity Alliance Elevators,Federal,I - Issued,[3-10148],[8-6474],Approved,101,"772,000",2026,September,9
OK,"Grant, OK",POND CREEK,"CoMark Equity Alliance, LLC",CoMark Equity Alliance Elevators,Federal,I - Issued,[3-10148],[8-6474],Approved,103,"1,005,000",2026,September,9
OK,"Grant, OK",RENFROW,"CoMark Equity Alliance, LLC",CoMark Equity Alliance Elevators,Federal,I - Issued,[3-10148],[8-6474],Approved,104,"509,000",2026,September,9
OK,"Grant, OK",WAKITA,"CoMark Equity Alliance, LLC",CoMark Equity Alliance Elevators,Federal,I - Issued,[3-10148],[8-6474],Approved,106,"383,000",2026,September,9
OK,"Kay, OK",NARDIN,"CoMark Equity Alliance, LLC",CoMark Equity Alliance Elevators,Federal,I - Issued,[3-10148],[8-6474],Approved,100,"1,074,000",2026,September,9
OK,,CALUMET,"COFFEY GRAIN, INC.","COFFEY GRAIN, INC.",State,,[],[8-6485],Authorized,1,"840,000",2026,September,9
OK,"Canadian, OK",OKARCHE,Shawnee Milling Company,Shawnee Elevator,Federal,I - Issued,[3-2930],[8-6518],Approved,3,"809,000",2026,September,9
OK,"Grady, OK",MINCO,Shawnee Milling Company,Shawnee Elevator,Federal,I - Issued,[3-2930],[8-6518],Approved,2,"543,000",2026,September,9
OK,"Grady, OK",POCASSET,Shawnee Milling Company,Shawnee Elevator,Federal,I - Issued,[3-2930],[8-6518],Approved,9,"320,000",2026,September,9
OK,"Kingfisher, OK",CASHION,Shawnee Milling Company,Shawnee Elevator,Federal,I - Issued,[3-2930],[8-6518],Approved,8,"324,000",2026,September,9
OK,"Kingfisher, OK",Kingfisher,Shawnee Milling Company,Shawnee Elevator,Federal,I - Issued,[3-2930],[8-6518],Approved,4,"195,000",2026,September,9
OK,"Pottawatomie, OK",Shawnee,Shawnee Milling Company,Shawnee Elevator,Federal,I - Issued,[3-2930],[8-6518],Approved,1,"2,573,000",2026,September,9
OK,"Murray, OK",DAVIS,"Stillwater Milling Company, LLC","STILLWATER MILLING COMPANY, LLC",State,,[],[8-6520],Approved,2,"109,000",2026,September,9
OK,"Noble, OK",Perry,"Stillwater Milling Company, LLC","STILLWATER MILLING COMPANY, LLC",State,,[],[8-6520],Approved,3,"106,000",2026,September,9
OK,"Payne, OK",Stillwater,"Stillwater Milling Company, LLC","STILLWATER MILLING COMPANY, LLC",State,,[],[8-6520],Approved,1,"681,000",2026,September,9
OK,"Kay, OK",BLACKWELL,"CoMark Equity Alliance, LLC",CoMark Equity Alliance Elevators,Federal,I - Issued,[3-10148],[8-6552],Approved,136,"534,000",2026,September,9
OK,"Kay, OK",BLACKWELL,"CoMark Equity Alliance, LLC",CoMark Equity Alliance Elevators,Federal,I - Issued,[3-10148],[8-6552],Approved,189,"582,000",2026,September,9
OK,"Kay, OK",BRAMAN,"CoMark Equity Alliance, LLC",CoMark Equity Alliance Elevators,Federal,I - Issued,[3-10148],[8-6552],Approved,137,"939,000",2026,September,9
OK,"Kay, OK",KILDARE,"CoMark Equity Alliance, LLC",CoMark Equity Alliance Elevators,Federal,I - Issued,[3-10148],[8-6552],Approved,138,"825,000",2026,September,9
OK,"Kay, OK",RANCH DRIVE,"CoMark Equity Alliance, LLC",CoMark Equity Alliance Elevators,Federal,I - Issued,[3-10148],[8-6552],Approved,134,"1,165,000",2026,September,9
OK,"Kay, OK",Tonkawa,"CoMark Equity Alliance, LLC",CoMark Equity Alliance Elevators,Federal,I - Issued,[3-10148],[8-6552],Approved,133,"1,226,000",2026,September,9
OK,"Noble, OK",Perry,"CoMark Equity Alliance, LLC",CoMark Equity Alliance Elevators,Federal,I - Issued,[3-10148],[8-6552],Approved,135,"514,000",2026,September,9
OH,"Sandusky, OH",GIBSONBURG,"Countyline Co-op, Inc.","COUNTYLINE CO-OP, INC.",State,,[],[8-6569],Approved,2,"123,000",2026,September,9
OH,"Sandusky, OH",RISING SUN,"Countyline Co-op, Inc.","COUNTYLINE CO-OP, INC.",State,,[],[8-6569],Approved,3,"887,000",2026,September,9
OH,"Seneca, OH",Kansas,"Countyline Co-op, Inc.","COUNTYLINE CO-OP, INC.",State,,[],[8-6569],Approved,5,"203,000",2026,September,9
OH,"Wood, OH",Pemberville,"Countyline Co-op, Inc.","COUNTYLINE CO-OP, INC.",State,,[],[8-6569],Approved,1,"968,000",2026,September,9
OH,"Wood, OH",WAYNE,"Countyline Co-op, Inc.","COUNTYLINE CO-OP, INC.",State,,[],[8-6569],Approved,4,"135,000",2026,September,9
OH,,DEERFIELD,"Deerfield Ag Services, Inc.","Deerfield Ag Services, Inc.",State,,[],[8-6570],Approved,1,"1,875,000",2026,September,9
OH,"Stark, OH",Louisville,"Deerfield Ag Services, Inc.","Deerfield Ag Services, Inc.",State,,[],[8-6570],Approved,2,"1,098,000",2026,September,9
OH,"Stark, OH",Massillon,"Deerfield Ag Services, Inc.","Deerfield Ag Services, Inc.",State,,[],[8-6570],Approved,4,"542,000",2026,September,9
OH,"Trumbull, OH",Kinsman,"Deerfield Ag Services, Inc.","Deerfield Ag Services, Inc.",State,,[],[8-6570],Approved,3,"1,223,000",2026,September,9
OK,"Blaine, OK",CANTON,"Wheeler Brothers Grain Company, L.L.C.",Wheeler Brothers Grain Co.,Federal,I - Issued,[3-6265],[8-6581],Approved,6,"963,000",2026,September,9
OK,"Blaine, OK",EAGLE CITY,"Wheeler Brothers Grain Company, L.L.C.",Wheeler Brothers Grain Co.,Federal,I - Issued,[3-6265],[8-6581],Approved,3,"22,000",2026,September,9
OK,"Blaine, OK",GEARY,"Wheeler Brothers Grain Company, L.L.C.",Wheeler Brothers Grain Co.,Federal,I - Issued,[3-6265],[8-6581],Approved,18,"2,016,000",2026,September,9
OK,"Blaine, OK",GREENFIELD,"Wheeler Brothers Grain Company, L.L.C.",Wheeler Brothers Grain Co.,Federal,I - Issued,[3-6265],[8-6581],Approved,5,"872,000",2026,September,9
OK,"Blaine, OK",WATONGA,"Wheeler Brothers Grain Company, L.L.C.",Wheeler Brothers Grain Co.,Federal,I - Issued,[3-6265],[8-6581],Approved,1,"2,978,000",2026,September,9
OK,"Caddo, OK",HYDRO,"Wheeler Brothers Grain Company, L.L.C.",Wheeler Brothers Grain Co.,Federal,I - Issued,[3-6265],[8-6581],Approved,19,"1,084,000",2026,September,9
OK,"Custer, OK",THOMAS,"Wheeler Brothers Grain Company, L.L.C.",Wheeler Brothers Grain Co.,Federal,I - Issued,[3-6265],[8-6581],Approved,17,"2,502,000",2026,September,9
OK,"Dewey, OK",FAY,"Wheeler Brothers Grain Company, L.L.C.",Wheeler Brothers Grain Co.,Federal,I - Issued,[3-6265],[8-6581],Approved,14,"261,000",2026,September,9
OK,"Dewey, OK",SEILING,"Wheeler Brothers Grain Company, L.L.C.",Wheeler Brothers Grain Co.,Federal,I - Issued,[3-6265],[8-6581],Approved,15,"864,000",2026,September,9
OK,"Dewey, OK",TALOGA,"Wheeler Brothers Grain Company, L.L.C.",Wheeler Brothers Grain Co.,Federal,I - Issued,[3-6265],[8-6581],Approved,16,"959,000",2026,September,9
OK,"Kingfisher, OK",KINGFISHER,"Wheeler Brothers Grain Company, L.L.C.",Wheeler Brothers Grain Co.,Federal,I - Issued,[3-6265],[8-6581],Approved,8,"1,398,000",2026,September,9
OK,"Kingfisher, OK",LOYAL,"Wheeler Brothers Grain Company, L.L.C.",Wheeler Brothers Grain Co.,Federal,I - Issued,[3-6265],[8-6581],Approved,4,"693,000",2026,September,9
OK,"Kingfisher, OK",OMEGA,"Wheeler Brothers Grain Company, L.L.C.",Wheeler Brothers Grain Co.,Federal,I - Issued,[3-6265],[8-6581],Approved,2,"487,000",2026,September,9
OK,"Kingfisher, OK",REEDING,"Wheeler Brothers Grain Company, L.L.C.",Wheeler Brothers Grain Co.,Federal,I - Issued,[3-6265],[8-6581],Approved,9,"335,000",2026,September,9
OK,"Washita, OK",CORDELL,"Wheeler Brothers Grain Company, L.L.C.",Wheeler Brothers Grain Co.,Federal,I - Issued,[3-6265],[8-6581],Approved,12,"644,000",2026,September,9
OK,"Washita, OK",DILL CITY,"Wheeler Brothers Grain Company, L.L.C.",Wheeler Brothers Grain Co.,Federal,I - Issued,[3-6265],[8-6581],Approved,13,"449,000",2026,September,9
OK,"Washita, OK",Dill City,"Wheeler Brothers Grain Company, L.L.C.",Wheeler Brothers Grain Co.,Federal,I - Issued,[3-6265],[8-6581],Approved,22,"130,000",2026,September,9
OK,"Washita, OK",Rocky,"Wheeler Brothers Grain Company, L.L.C.",Wheeler Brothers Grain Co.,Federal,I - Issued,[3-6265],[8-6581],Approved,20,"1,049,000",2026,September,9
OK,"Washita, OK",SENTINEL,"Wheeler Brothers Grain Company, L.L.C.",Wheeler Brothers Grain Co.,Federal,I - Issued,[3-6265],[8-6581],Approved,21,"762,000",2026,September,9
OK,"Woods, OK",ALVA,"Wheeler Brothers Grain Company, L.L.C.",Wheeler Brothers Grain Co.,Federal,I - Issued,[3-6265],[8-6581],Approved,11,"1,900,000",2026,September,9
OH,"Fulton, OH",Fayette,"Ridgeville Elevator, Inc.","RIDGEVILLE ELEVATOR, INC.",State,,[],[8-6605],Approved,3,"657,000",2026,September,9
OH,"Henry, OH",Malinta,"Ridgeville Elevator, Inc.","RIDGEVILLE ELEVATOR, INC.",State,,[],[8-6605],Approved,2,"857,000",2026,September,9
OH,"Henry, OH",McClure,"Ridgeville Elevator, Inc.","RIDGEVILLE ELEVATOR, INC.",State,,[],[8-6605],Approved,4,"106,000",2026,September,9
OH,"Henry, OH",Ridgeville Corners,"Ridgeville Elevator, Inc.","RIDGEVILLE ELEVATOR, INC.",State,,[],[8-6605],Approved,1,,2026,September,9
OK,"Caddo, OK",CARNEGIE,Farmers Co-Operative Mill and Elevator Association,FARMERS CO-OPERATIVE MILL AND ELEVATOR ASSOCIATION,State,,[],[8-6613],Approved,1,,2026,September,9
OK,"Kiowa, OK",HOBART,Farmers Co-Operative Mill and Elevator Association,FARMERS CO-OPERATIVE MILL AND ELEVATOR ASSOCIATION,State,,[],[8-6613],Approved,3,"64,000",2026,September,9
OK,"Kiowa, OK",MOUNTAIN VIEW,Farmers Co-Operative Mill and Elevator Association,FARMERS CO-OPERATIVE MILL AND ELEVATOR ASSOCIATION,State,,[],[8-6613],Approved,2,,2026,September,9
OH,"Defiance, OH",Defiance,Legacy Farmers Cooperative,LEGACY FARMERS COOPERATIVE,State,,[],[8-6616],Approved,6,"2,436,000",2026,September,9
OH,"Hancock, OH",Findlay,Legacy Farmers Cooperative,LEGACY FARMERS COOPERATIVE,State,,[],[8-6616],Approved,11,"841,000",2026,September,9
OH,"Hancock, OH",FINDLAY (NORTH),Legacy Farmers Cooperative,LEGACY FARMERS COOPERATIVE,State,,[],[8-6616],Approved,10,"98,000",2026,September,9
OH,"Hancock, OH",FINDLAY (WEST),Legacy Farmers Cooperative,LEGACY FARMERS COOPERATIVE,State,,[],[8-6616],Approved,4,"4,914,000",2026,September,9
OH,"Hancock, OH",FOSTORIA,Legacy Farmers Cooperative,LEGACY FARMERS COOPERATIVE,State,,[],[8-6616],Approved,5,"9,513,000",2026,September,9
OH,"Hancock, OH",MCCOMB,Legacy Farmers Cooperative,LEGACY FARMERS COOPERATIVE,State,,[],[8-6616],Approved,9,"835,000",2026,September,9
OH,"Hancock, OH",MT. BLANCHARD,Legacy Farmers Cooperative,LEGACY FARMERS COOPERATIVE,State,,[],[8-6616],Approved,7,"835,000",2026,September,9
OH,"Hancock, OH",MT. CORY,Legacy Farmers Cooperative,LEGACY FARMERS COOPERATIVE,State,,[],[8-6616],Approved,8,"878,000",2026,September,9
OH,"Henry, OH",DESHLER,Legacy Farmers Cooperative,LEGACY FARMERS COOPERATIVE,State,,[],[8-6616],Approved,2,,2026,September,9
OH,"Henry, OH",MCCOMB (SHAWTOWN),Legacy Farmers Cooperative,LEGACY FARMERS COOPERATIVE,State,,[],[8-6616],Approved,3,,2026,September,9
OH,"Wood, OH",CUSTAR,Legacy Farmers Cooperative,LEGACY FARMERS COOPERATIVE,State,,[],[8-6616],Approved,1,,2026,September,9
OK,"Canadian, OK",BANNER,"CoMark Equity Alliance, LLC",CoMark Equity Alliance Elevators,Federal,I - Issued,[3-10148],[8-6669],Approved,141,"1,003,000",2026,September,9
OK,"Canadian, OK",UNION CITY,"CoMark Equity Alliance, LLC",CoMark Equity Alliance Elevators,Federal,I - Issued,[3-10148],[8-6669],Approved,142,"451,000",2026,September,9
OK,"Grady, OK",Tuttle,"CoMark Equity Alliance, LLC",CoMark Equity Alliance Elevators,Federal,I - Issued,[3-10148],[8-6669],Approved,159,"304,000",2026,September,9
OK,"Cimarron, OK",BOISE CITY,Boise City Farmers Cooperative,Consumers Elevator,Federal,I - Issued,[3-3612],[8-6678],Approved,1,"1,207,000",2026,September,9
OK,"Cimarron, OK",BOISE CITY,Boise City Farmers Cooperative,Consumers Elevator,Federal,I - Issued,[3-3612],[8-6678],Approved,3,"771,000",2026,September,9
OK,"Cimarron, OK",FELT,Boise City Farmers Cooperative,Consumers Elevator,Federal,I - Issued,[3-3612],[8-6678],Approved,2,"171,000",2026,September,9
TX,"Dallam, TX",KERRICK,Boise City Farmers Cooperative,Consumers Elevator,Federal,I - Issued,[3-3612],[8-6678],Approved,4,"2,029,000",2026,September,9
OK,"Caddo, OK",APACHE,"CoMark Equity Alliance, LLC",CoMark Equity Alliance Elevators,Federal,I - Issued,[3-10148],[8-6713],Approved,69,"1,394,000",2026,September,9
OK,"Caddo, OK",FORT COBB,"CoMark Equity Alliance, LLC",CoMark Equity Alliance Elevators,Federal,I - Issued,[3-10148],[8-6713],Approved,81,"551,000",2026,September,9
OK,"Comanche, OK",ELGIN,"CoMark Equity Alliance, LLC",CoMark Equity Alliance Elevators,Federal,I - Issued,[3-10148],[8-6713],Approved,79,"188,000",2026,September,9
OK,"Grady, OK",CHICKASHA,"CoMark Equity Alliance, LLC",CoMark Equity Alliance Elevators,Federal,I - Issued,[3-10148],[8-6713],Approved,71,"558,000",2026,September,9
OK,"Jackson, OK",ALTUS,Farmers Union Cooperative Gin,FARMERS UNION COOPERATIVE GIN,State,,[],[8-6728],Approved,1,"713,000",2026,September,9
OK,"Jackson, OK",OLUSTEE,Farmers Union Cooperative Gin,FARMERS UNION COOPERATIVE GIN,State,,[],[8-6728],Approved,3,"297,000",2026,September,9
OK,"Tillman, OK",TIPTON,Farmers Union Cooperative Gin,FARMERS UNION COOPERATIVE GIN,State,,[],[8-6728],Approved,2,"543,000",2026,September,9
OK,"Craig, OK",WELCH,"Beachner Grain, Inc.","Beachner Grain, Inc.",State,,[],[8-6772],Approved,3,"475,000",2026,September,9
OK,"Ottawa, OK",AFTON,"Beachner Grain, Inc.","Beachner Grain, Inc.",State,,[],[8-6772],Approved,1,"754,000",2026,September,9
OK,"Ottawa, OK",MIAMI,"Beachner Grain, Inc.","Beachner Grain, Inc.",State,,[],[8-6772],Approved,2,"779,000",2026,September,9
OK,"Beckham, OK",Carter,"CoMark Equity Alliance, LLC",CoMark Equity Alliance Elevators,Federal,I - Issued,[3-10148],[8-6781],Approved,170,"765,000",2026,September,9
OK,"Greer, OK",Brinkman,"CoMark Equity Alliance, LLC",CoMark Equity Alliance Elevators,Federal,I - Issued,[3-10148],[8-6781],Approved,171,"604,000",2026,September,9
OK,"Greer, OK",Granite,"CoMark Equity Alliance, LLC",CoMark Equity Alliance Elevators,Federal,I - Issued,[3-10148],[8-6781],Approved,169,"255,000",2026,September,9
OK,"Jackson, OK",Altus,"CoMark Equity Alliance, LLC",CoMark Equity Alliance Elevators,Federal,I - Issued,[3-10148],[8-6781],Approved,173,"679,000",2026,September,9
OK,"Jackson, OK",ALTUS,"CoMark Equity Alliance, LLC",CoMark Equity Alliance Elevators,Federal,I - Issued,[3-10148],[8-6781],Approved,174,"1,602,000",2026,September,9
OK,"Jackson, OK",ALTUS,"CoMark Equity Alliance, LLC",CoMark Equity Alliance Elevators,Federal,I - Issued,[3-10148],[8-6781],Approved,193,"1,414,000",2026,September,9
OK,"Jackson, OK",Duke,"CoMark Equity Alliance, LLC",CoMark Equity Alliance Elevators,Federal,I - Issued,[3-10148],[8-6781],Approved,172,"1,242,000",2026,September,9
OK,"Kiowa, OK",Gotebo,"CoMark Equity Alliance, LLC",CoMark Equity Alliance Elevators,Federal,I - Issued,[3-10148],[8-6781],Approved,168,"559,000",2026,September,9
OK,"Kiowa, OK",Hobart,"CoMark Equity Alliance, LLC",CoMark Equity Alliance Elevators,Federal,I - Issued,[3-10148],[8-6781],Approved,166,"1,410,000",2026,September,9
OK,"Kiowa, OK",Lone Wolf,"CoMark Equity Alliance, LLC",CoMark Equity Alliance Elevators,Federal,I - Issued,[3-10148],[8-6781],Approved,165,"1,893,000",2026,September,9
OK,"Kiowa, OK",Roosevelt,"CoMark Equity Alliance, LLC",CoMark Equity Alliance Elevators,Federal,I - Issued,[3-10148],[8-6781],Approved,167,"1,209,000",2026,September,9
OH,"Darke, OH",HORATIO (GREENVILLE),"Keller Grain & Feed, Inc.","KELLER GRAIN & FEED, INC.",State,,[],[8-6813],Approved,1,"1,636,000",2026,September,9
OH,"Auglaize, OH",NEW KNOXVILLE,"Bambauer Fertilizer and Feed, Inc.","BAMBAUER FERTILIZER AND FEED, INC.",State,,[],[8-6850],Approved,2,"1,659,000",2026,September,9
OH,"Shelby, OH",PEMBERTON,"Bambauer Fertilizer and Feed, Inc.","BAMBAUER FERTILIZER AND FEED, INC.",State,,[],[8-6850],Approved,1,"2,512,000",2026,September,9
IA,"Allamakee, IA",Waukon,Innovative Ag Services Co.,Innovative Ag Services Elevators,Federal,I - Issued,[3-9958],[8-6888],Approved,15,"3,893,000",2026,September,9
IA,"Buchanan, IA",Independence,Innovative Ag Services Co.,Innovative Ag Services Elevators,Federal,I - Issued,[3-9958],[8-6888],Approved,6,"1,270,000",2026,September,9
IA,"Butler, IA",Aplington,Innovative Ag Services Co.,Innovative Ag Services Elevators,Federal,I - Issued,[3-9958],[8-6888],Approved,39,"1,483,000",2026,September,9
IA,"Clayton, IA",Elkader,Innovative Ag Services Co.,Innovative Ag Services Elevators,Federal,I - Issued,[3-9958],[8-6888],Approved,16,"1,335,000",2026,September,9
IA,"Clayton, IA",Monona,Innovative Ag Services Co.,Innovative Ag Services Elevators,Federal,I - Issued,[3-9958],[8-6888],Approved,14,"1,301,000",2026,September,9
IA,"Delaware, IA",Manchester,Innovative Ag Services Co.,Innovative Ag Services Elevators,Federal,I - Issued,[3-9958],[8-6888],Approved,1,"639,000",2026,September,9
IA,"Dubuque, IA",Farley,Innovative Ag Services Co.,Innovative Ag Services Elevators,Federal,I - Issued,[3-9958],[8-6888],Approved,4,"1,147,000",2026,September,9
IA,"Fayette, IA",Oran,Innovative Ag Services Co.,Innovative Ag Services Elevators,Federal,I - Issued,[3-9958],[8-6888],Approved,17,"1,114,000",2026,September,9
IA,"Franklin, IA",Ackley,Innovative Ag Services Co.,Innovative Ag Services Elevators,Federal,I - Issued,[3-9958],[8-6888],Approved,29,"2,362,000",2026,September,9
IA,"Franklin, IA",Ackley,Innovative Ag Services Co.,Innovative Ag Services Elevators,Federal,I - Issued,[3-9958],[8-6888],Approved,37,"487,000",2026,September,9
IA,"Hamilton, IA",Ellsworth,Innovative Ag Services Co.,Innovative Ag Services Elevators,Federal,I - Issued,[3-9958],[8-6888],Approved,27,"2,555,000",2026,September,9
IA,"Hamilton, IA",Williams,Innovative Ag Services Co.,Innovative Ag Services Elevators,Federal,I - Issued,[3-9958],[8-6888],Approved,28,"983,000",2026,September,9
IA,"Hardin, IA",Alden,Innovative Ag Services Co.,Innovative Ag Services Elevators,Federal,I - Issued,[3-9958],[8-6888],Approved,26,"5,952,000",2026,September,9
IA,"Hardin, IA",Cleves,Innovative Ag Services Co.,Innovative Ag Services Elevators,Federal,I - Issued,[3-9958],[8-6888],Approved,31,"1,582,000",2026,September,9
IA,"Hardin, IA",Garden City,Innovative Ag Services Co.,Innovative Ag Services Elevators,Federal,I - Issued,[3-9958],[8-6888],Approved,22,"2,416,000",2026,September,9
IA,"Hardin, IA",Hubbard,Innovative Ag Services Co.,Innovative Ag Services Elevators,Federal,I - Issued,[3-9958],[8-6888],Approved,21,"1,544,000",2026,September,9
IA,"Hardin, IA",Hubbard,Innovative Ag Services Co.,Innovative Ag Services Elevators,Federal,I - Issued,[3-9958],[8-6888],Approved,38,"2,688,000",2026,September,9
IA,"Hardin, IA",New Providence,Innovative Ag Services Co.,Innovative Ag Services Elevators,Federal,I - Issued,[3-9958],[8-6888],Approved,23,"1,067,000",2026,September,9
IA,"Hardin, IA",Owasa,Innovative Ag Services Co.,Innovative Ag Services Elevators,Federal,I - Issued,[3-9958],[8-6888],Approved,25,"694,000",2026,September,9
IA,"Hardin, IA",Steamboat Rock Pine Lake,Innovative Ag Services Co.,Innovative Ag Services Elevators,Federal,I - Issued,[3-9958],[8-6888],Approved,36,"1,374,000",2026,September,9
IA,"Hardin, IA",Union,Innovative Ag Services Co.,Innovative Ag Services Elevators,Federal,I - Issued,[3-9958],[8-6888],Approved,24,"4,201,000",2026,September,9
IA,"Howard, IA",Elma,Innovative Ag Services Co.,Innovative Ag Services Elevators,Federal,I - Issued,[3-9958],[8-6888],Approved,11,"2,188,000",2026,September,9
IA,"Jones, IA",Monticello,Innovative Ag Services Co.,Innovative Ag Services Elevators,Federal,I - Issued,[3-9958],[8-6888],Approved,8,"3,875,000",2026,September,9
IA,"Linn, IA",Central City,Innovative Ag Services Co.,Innovative Ag Services Elevators,Federal,I - Issued,[3-9958],[8-6888],Approved,3,"4,042,000",2026,September,9
WI,"Lafayette, WI",Cuba City,Innovative Ag Services Co.,Innovative Ag Services Elevators,Federal,I - Issued,[3-9958],[8-6888],Approved,20,"257,000",2026,September,9
OK,"Jackson, OK",HEADRICK,"CoMark Equity Alliance, LLC",CoMark Equity Alliance Elevators,Federal,I - Issued,[3-10148],[8-6903],Approved,132,"241,000",2026,September,9
OK,"Kiowa, OK",SNYDER,"CoMark Equity Alliance, LLC",CoMark Equity Alliance Elevators,Federal,I - Issued,[3-10148],[8-6903],Approved,130,"777,000",2026,September,9
OK,"Kiowa, OK",SNYDER,"CoMark Equity Alliance, LLC",CoMark Equity Alliance Elevators,Federal,I - Issued,[3-10148],[8-6903],Approved,131,"377,000",2026,September,9
IA,"Jefferson, IA",Libertyville,"Farmers Cooperative Association (Keota, IA)",Farmers Cooperative Association,State,,[],[8-6909],Approved,3,"260,000",2026,September,9
IA,"Keokuk, IA",Keota,"Farmers Cooperative Association (Keota, IA)",Farmers Cooperative Association,State,,[],[8-6909],Approved,2,"82,000",2026,September,9
IA,"Keokuk, IA",Sigourney,"Farmers Cooperative Association (Keota, IA)",Farmers Cooperative Association,State,,[],[8-6909],Approved,4,"16,000",2026,September,9
IA,"Washington, IA",Ainsworth,"Farmers Cooperative Association (Keota, IA)",Farmers Cooperative Association,State,,[],[8-6909],Approved,1,"685,000",2026,September,9
IN,,BROOKSTON,Archer-Daniels-Midland Company,ARCHER-DANIELS-MIDLAND COMPANY,State,,[],[8-6913],Approved,1,,2026,September,9
IN,"Allen, IN",NEW HAVEN,Archer-Daniels-Midland Company,ARCHER-DANIELS-MIDLAND COMPANY,State,,[],[8-6913],Approved,3,"14,628,000",2026,September,9
IN,"Blackford, IN",MONTPELIER,Archer-Daniels-Midland Company,ARCHER-DANIELS-MIDLAND COMPANY,State,,[],[8-6913],Approved,2,"16,878,000",2026,September,9
IA,"O'Brien, IA",ARCHER,Archer Cooperative Grain Company,ARCHER ELEVATOR,Federal,I - Issued,[3-6222],[8-6916],Approved,1,"2,820,000",2026,September,9
OH,"Williams, OH",EDGERTON,Edon Farmers Cooperative Association,Edon Farmers Cooperative Association,State,,[],[8-6934],Approved,3,"206,000",2026,September,9
OH,"Williams, OH",EDON,Edon Farmers Cooperative Association,Edon Farmers Cooperative Association,State,,[],[8-6934],Approved,1,"3,163,000",2026,September,9
OH,"Williams, OH",MONTPELIER,Edon Farmers Cooperative Association,Edon Farmers Cooperative Association,State,,[],[8-6934],Approved,2,"6,369,000",2026,September,9
OH,"Ashtabula, OH",Orwell,"T. Y., G. B., & J. Y., Inc.","T. Y., G. B., & J. Y., Inc.",State,,[],[8-6936],Approved,1,"1,748,000",2026,September,9
OH,"Defiance, OH",HICKSVILLE,Jewell Grain Company,Jewell Grain Company,State,,[],[8-6958],Approved,4,"1,598,000",2026,September,9
OH,"Defiance, OH",JEWELL,Jewell Grain Company,Jewell Grain Company,State,,[],[8-6958],Approved,1,"1,032,000",2026,September,9
OH,"Defiance, OH",NEY,Jewell Grain Company,Jewell Grain Company,State,,[],[8-6958],Approved,3,"769,000",2026,September,9
OH,"Henry, OH",NAPOLEON (OKOLONA),Jewell Grain Company,Jewell Grain Company,State,,[],[8-6958],Approved,2,"659,000",2026,September,9
TX,"Baylor, TX",RED SPRINGS,"Myers Grain and Fertilizer, Inc.","MYERS GRAIN & FERTILIZER, INC.",State,,[],[8-7009],Approved,6,,2026,September,9
TX,"Foard, TX",CROWELL,"Myers Grain and Fertilizer, Inc.","MYERS GRAIN & FERTILIZER, INC.",State,,[],[8-7009],Approved,5,,2026,September,9
TX,"Knox, TX",BENJAMIN,"Myers Grain and Fertilizer, Inc.","MYERS GRAIN & FERTILIZER, INC.",State,,[],[8-7009],Approved,3,,2026,September,9
TX,"Knox, TX",GILLILAND,"Myers Grain and Fertilizer, Inc.","MYERS GRAIN & FERTILIZER, INC.",State,,[],[8-7009],Approved,4,,2026,September,9
TX,"Knox, TX",KNOX CITY,"Myers Grain and Fertilizer, Inc.","MYERS GRAIN & FERTILIZER, INC.",State,,[],[8-7009],Approved,2,,2026,September,9
TX,"Knox, TX",RHINELAND,"Myers Grain and Fertilizer, Inc.","MYERS GRAIN & FERTILIZER, INC.",State,,[],[8-7009],Approved,1,,2026,September,9
TX,"San Patricio, TX",EDROY,"Planter's Grain Cooperative of Odem, Texas",Planter's Cooperative Elevators,Federal,I - Issued,[3-10129],[8-7125],Approved,3,"1,904,000",2026,September,9
TX,"San Patricio, TX",Odem,"Planter's Grain Cooperative of Odem, Texas",Planter's Cooperative Elevators,Federal,I - Issued,[3-10129],[8-7125],Approved,1,"268,000",2026,September,9
TX,"San Patricio, TX",SINTON,"Planter's Grain Cooperative of Odem, Texas",Planter's Cooperative Elevators,Federal,I - Issued,[3-10129],[8-7125],Approved,2,"2,813,000",2026,September,9
TX,"San Patricio, TX",TAFT,"Planter's Grain Cooperative of Odem, Texas",Planter's Cooperative Elevators,Federal,I - Issued,[3-10129],[8-7125],Approved,6,"2,141,000",2026,September,9
TX,"Moore, TX",CACTUS(ETTER),"Bunge USA Grain, LLC",Bunge West-Texas Elevators,Federal,I - Issued,[3-10014],[8-7139],Approved,1,"5,246,000",2026,September,9
TX,"Matagorda, TX",BLESSING,"Rice Belt Warehouse, Inc.",RICE BELT WAREHOUSE,Federal,I - Issued,[3-6342],[8-7163],Approved,1,"1,203,000",2026,September,9
TX,"Floyd, TX",BOOTH SPUR,Producers Cooperative Elevator,PRODUCERS COOPERATIVE ELEVATOR,State,,[],[8-7174],Approved,4,,2026,September,9
TX,"Floyd, TX",CEDAR HILL,Producers Cooperative Elevator,PRODUCERS COOPERATIVE ELEVATOR,State,,[],[8-7174],Approved,3,,2026,September,9
TX,"Floyd, TX",DOUGHERTY,Producers Cooperative Elevator,PRODUCERS COOPERATIVE ELEVATOR,State,,[],[8-7174],Approved,2,,2026,September,9
TX,"Floyd, TX",FLOYDADA,Producers Cooperative Elevator,PRODUCERS COOPERATIVE ELEVATOR,State,,[],[8-7174],Approved,1,,2026,September,9
TX,"Floyd, TX",LAKEVIEW,Producers Cooperative Elevator,PRODUCERS COOPERATIVE ELEVATOR,State,,[],[8-7174],Approved,6,,2026,September,9
TX,"Floyd, TX",MCCOY,Producers Cooperative Elevator,PRODUCERS COOPERATIVE ELEVATOR,State,,[],[8-7174],Approved,5,,2026,September,9
TX,"Matagorda, TX",BAY CITY,"BU Growers, Ltd.","BU GROWERS, LTD.",State,,[],[8-7182],Approved,1,"2,153,000",2026,September,9
AZ,"Pinal, AZ",CASA GRANDE,"Arizona Grain, Inc.",Arizona Grain Warehouse,Federal,I - Issued,[3-9125],[8-7203],Approved,1,"2,385,000",2026,September,9
AZ,"Pinal, AZ",MARICOPA,"Arizona Grain, Inc.",Arizona Grain Warehouse,Federal,I - Issued,[3-9125],[8-7203],Approved,4,"1,759,000",2026,September,9
AZ,"Yuma, AZ",YUMA,"Arizona Grain, Inc.",Arizona Grain Warehouse,Federal,I - Issued,[3-9125],[8-7203],Approved,3,"699,000",2026,September,9
TX,,WALLER,"WALLER RICE DRIER, INC.",WALLER RICE DRIER,State,,[],[8-7212],Authorized,1,"699,000",2026,September,9
TX,"Jefferson, TX",BEAUMONT,Doguet's Rice Milling Company,DOGUETS RICE MILLING COMPANY,State,,[],[8-7233],Approved,1,"342,000",2026,September,9
TX,"Jefferson, TX",BEAUMONT,Doguet's Rice Milling Company,DOGUETS RICE MILLING COMPANY,State,,[],[8-7233],Approved,2,"887,000",2026,September,9
TX,"Armstrong, TX",WAYSIDE,"Grain Investors, Inc.",FARMERS ELEVATOR OF HAPPY,State,,[],[8-7234],Approved,2,,2026,September,9
TX,"Swisher, TX",HAPPY,"Grain Investors, Inc.",FARMERS ELEVATOR OF HAPPY,State,,[],[8-7234],Approved,1,,2026,September,9
TX,"Hill, TX",BRANDON,Farmers Cooperative Gin of Malone,Farmers Cooperative Gin of Malone,State,,[],[8-7258],Approved,2,"175,000",2026,September,9
TX,"Hill, TX",BYNUM,Farmers Cooperative Gin of Malone,Farmers Cooperative Gin of Malone,State,,[],[8-7258],Approved,3,"281,000",2026,September,9
TX,"Hill, TX",MALONE,Farmers Cooperative Gin of Malone,Farmers Cooperative Gin of Malone,State,,[],[8-7258],Approved,1,"1,060,000",2026,September,9
TX,"Colorado, TX",GARWOOD,Garwood Implement and Supply Co.,Garwood Implement & Supply Company,State,,[],[8-7298],Approved,1,"1,208,000",2026,September,9
TX,"Hale, TX",HALE CENTER,"Flatlands Grain, LLC",FLATLANDS GRAIN ELEVATOR,Federal,I - Issued,[3-10160],[8-7305],Approved,2,"2,165,000",2026,September,9
TX,"Swisher, TX",KRESS,"Flatlands Grain, LLC",FLATLANDS GRAIN ELEVATOR,Federal,I - Issued,[3-10160],[8-7305],Approved,1,"1,371,000",2026,September,9
TX,"Waller, TX",BROOKSHIRE,"Brookshire Drying Co., Inc.",Brookshire Drying Co. Elevator,State,,[],[8-7334],Approved,1,"907,000",2026,September,9
IA,"Van Buren, IA",STOCKPORT,"Roquette America, Inc.",THE STOCKPORT ELEVATOR,Federal,I - Issued,[3-9192],[8-7347],Approved,1,"587,000",2026,September,9
TX,"Floyd, TX",MUNCY SWITCH,Muncy Elevator Inc.,MUNCY ELEVATOR INC.,State,,[],[8-7352],Approved,1,,2026,September,9
TX,"Floyd, TX",SANDHILL,Muncy Elevator Inc.,MUNCY ELEVATOR INC.,State,,[],[8-7352],Approved,2,,2026,September,9
TX,"Colorado, TX",ALTAIR,"Kallina Dryer, Inc.","KALLINA DRYER, INC.",State,,[],[8-7375],Approved,1,"578,000",2026,September,9
KS,"Seward, KS",LIBERAL,"CoMark Equity Alliance, LLC",CoMark Equity Alliance Elevators,Federal,I - Issued,[3-10148],[8-7388],Approved,118,"1,971,000",2026,September,9
KS,"Stevens, KS",PRAIRIEOLA,"CoMark Equity Alliance, LLC",CoMark Equity Alliance Elevators,Federal,I - Issued,[3-10148],[8-7388],Approved,119,"2,816,000",2026,September,9
OK,"Beaver, OK",BRYANS CORNER,"CoMark Equity Alliance, LLC",CoMark Equity Alliance Elevators,Federal,I - Issued,[3-10148],[8-7388],Approved,113,"487,000",2026,September,9
OK,"Beaver, OK",TURPIN,"CoMark Equity Alliance, LLC",CoMark Equity Alliance Elevators,Federal,I - Issued,[3-10148],[8-7388],Approved,117,"3,448,000",2026,September,9
OK,"Texas, OK",BAKER,"CoMark Equity Alliance, LLC",CoMark Equity Alliance Elevators,Federal,I - Issued,[3-10148],[8-7388],Approved,111,"483,000",2026,September,9
TX,"Hale, TX",PETERSBURG,"CoMark Equity Alliance, LLC",CoMark Equity Alliance Elevators,Federal,I - Issued,[3-10148],[8-7388],Approved,140,"751,000",2026,September,9
TX,"Hansford, TX",MORSE,"CoMark Equity Alliance, LLC",CoMark Equity Alliance Elevators,Federal,I - Issued,[3-10148],[8-7388],Approved,125,"262,000",2026,September,9
TX,"Hansford, TX",SPEARMAN,"CoMark Equity Alliance, LLC",CoMark Equity Alliance Elevators,Federal,I - Issued,[3-10148],[8-7388],Approved,128,"772,000",2026,September,9
TX,"Hutchinson, TX",HOLT,"CoMark Equity Alliance, LLC",CoMark Equity Alliance Elevators,Federal,I - Issued,[3-10148],[8-7388],Approved,123,"837,000",2026,September,9
TX,"Hutchinson, TX",PRINGLE,"CoMark Equity Alliance, LLC",CoMark Equity Alliance Elevators,Federal,I - Issued,[3-10148],[8-7388],Approved,143,"1,913,000",2026,September,9
TX,"Lipscomb, TX",BOOKER,"CoMark Equity Alliance, LLC",CoMark Equity Alliance Elevators,Federal,I - Issued,[3-10148],[8-7388],Approved,164,"1,138,000",2026,September,9
TX,"Lipscomb, TX",DARROUZETT,"CoMark Equity Alliance, LLC",CoMark Equity Alliance Elevators,Federal,I - Issued,[3-10148],[8-7388],Approved,139,"943,000",2026,September,9
TX,"Ochiltree, TX",CONLEY,"CoMark Equity Alliance, LLC",CoMark Equity Alliance Elevators,Federal,I - Issued,[3-10148],[8-7388],Approved,120,"640,000",2026,September,9
TX,"Ochiltree, TX",FARNSWORTH,"CoMark Equity Alliance, LLC",CoMark Equity Alliance Elevators,Federal,I - Issued,[3-10148],[8-7388],Approved,121,"646,000",2026,September,9
TX,"Ochiltree, TX",HUNTOON,"CoMark Equity Alliance, LLC",CoMark Equity Alliance Elevators,Federal,I - Issued,[3-10148],[8-7388],Approved,124,"655,000",2026,September,9
TX,"Ochiltree, TX",PERRYTON,"CoMark Equity Alliance, LLC",CoMark Equity Alliance Elevators,Federal,I - Issued,[3-10148],[8-7388],Approved,126,"666,000",2026,September,9
TX,"Ochiltree, TX",TWICHELL,"CoMark Equity Alliance, LLC",CoMark Equity Alliance Elevators,Federal,I - Issued,[3-10148],[8-7388],Approved,115,"2,127,000",2026,September,9
TX,"Ochiltree, TX",WAKA,"CoMark Equity Alliance, LLC",CoMark Equity Alliance Elevators,Federal,I - Issued,[3-10148],[8-7388],Approved,102,"332,000",2026,September,9
TX,,FROST,"Williams Gin & Grain, Inc.","WILLIAMS GIN & GRAIN, INC.",State,,[],[8-7423],Approved,1,"1,258,000",2026,September,9
TX,"Hill, TX",HILLSBORO,"Williams Gin & Grain, Inc.","WILLIAMS GIN & GRAIN, INC.",State,,[],[8-7423],Approved,3,"523,000",2026,September,9
TX,"Navarro, TX",MERTENS,"Williams Gin & Grain, Inc.","WILLIAMS GIN & GRAIN, INC.",State,,[],[8-7423],Approved,2,"485,000",2026,September,9
TX,"Runnels, TX",BALLINGER,Wingate Gin Corporation,WINGATE GIN CORPORATION,State,,[],[8-7427],Approved,2,,2026,September,9
TX,"Runnels, TX",WINGATE,Wingate Gin Corporation,WINGATE GIN CORPORATION,State,,[],[8-7427],Approved,1,,2026,September,9
TX,"Sherman, TX",STRATFORD,Stratford Grain Co.,STRATFORD GRAIN CO.,State,,[],[8-7454],Approved,1,,2026,September,9
TX,"Sherman, TX",STRATFORD (LAUTZ SWITCH),Stratford Grain Co.,STRATFORD GRAIN CO.,State,,[],[8-7454],Approved,2,,2026,September,9
OK,"Texas, OK",GUYMON,"CoMark Equity Alliance, LLC",CoMark Equity Alliance Elevators,Federal,I - Issued,[3-10148],[8-7484],Approved,163,"2,219,000",2026,September,9
TX,"Sherman, TX",TEXHOMA,"CoMark Equity Alliance, LLC",CoMark Equity Alliance Elevators,Federal,I - Issued,[3-10148],[8-7484],Approved,162,"7,663,000",2026,September,9
TX,"Hale, TX",COTTON CENTER,"Cotton Center Grain, Ltd.","Cotton Center Grain, Ltd.",State,,[],[8-7487],Approved,1,,2026,September,9
OH,"Henry, OH",Holgate,"Farmers Elevator, Grain and Supply Association of New Bavaria","Farmers Elevator, Grain and Supply Association of New Bavaria",State,,[],[8-7522],Approved,4,"963,000",2026,September,9
OH,"Henry, OH",New Bavaria,"Farmers Elevator, Grain and Supply Association of New Bavaria","Farmers Elevator, Grain and Supply Association of New Bavaria",State,,[],[8-7522],Approved,3,"2,073,000",2026,September,9
OH,"Putnam, OH",Continental,"Farmers Elevator, Grain and Supply Association of New Bavaria","Farmers Elevator, Grain and Supply Association of New Bavaria",State,,[],[8-7522],Approved,2,"1,146,000",2026,September,9
IA,"Cerro Gordo, IA",Mason City,Ag Processing Inc a Cooperative,AGP Elevator,Federal,I - Issued,[3-8226],[8-7527],Approved,1,"2,128,000",2026,September,9
TX,"Fort Bend, TX",Beasley,"Coastal Warehouse, LTD.",Coastal Warehouse,Federal,I - Issued,[3-8072],[8-7544],Approved,6,"234,000",2026,September,9
TX,"Jackson, TX",Edna,"Coastal Warehouse, LTD.",Coastal Warehouse,Federal,I - Issued,[3-8072],[8-7544],Approved,9,"211,000",2026,September,9
TX,"Wharton, TX",Egypt,"Coastal Warehouse, LTD.",Coastal Warehouse,Federal,I - Issued,[3-8072],[8-7544],Approved,2,"160,000",2026,September,9
TX,"Wharton, TX",El Campo,"Coastal Warehouse, LTD.",Coastal Warehouse,Federal,I - Issued,[3-8072],[8-7544],Approved,3,"711,000",2026,September,9
TX,"Wharton, TX",El Campo,"Coastal Warehouse, LTD.",Coastal Warehouse,Federal,I - Issued,[3-8072],[8-7544],Approved,8,"1,409,000",2026,September,9
TX,"Wharton, TX",Hungerford,"Coastal Warehouse, LTD.",Coastal Warehouse,Federal,I - Issued,[3-8072],[8-7544],Approved,4,"1,052,000",2026,September,9
TX,"Wharton, TX",Hungerford,"Coastal Warehouse, LTD.",Coastal Warehouse,Federal,I - Issued,[3-8072],[8-7544],Approved,5,"142,000",2026,September,9
TX,"Wharton, TX",Wharton,"Coastal Warehouse, LTD.",Coastal Warehouse,Federal,I - Issued,[3-8072],[8-7544],Approved,1,"1,544,000",2026,September,9
TX,"Wharton, TX",Wharton,"Coastal Warehouse, LTD.",Coastal Warehouse,Federal,I - Issued,[3-8072],[8-7544],Approved,7,"62,000",2026,September,9
OK,"Jackson, OK",MARTHA,Farmers Cooperative Association,Farmers Cooperative Elevator,Federal,I - Issued,[3-9612],[8-7597],Approved,3,"495,000",2026,September,9
TX,"Hardeman, TX",Goodlett,Farmers Cooperative Association,Farmers Cooperative Elevator,Federal,I - Issued,[3-9612],[8-7597],Approved,2,"560,000",2026,September,9
IA,"Clayton, IA",GARNAVILLO,Consolidated Grain and Barge Co.,Consolidated Grain and Barge Company Terminal,Federal,I - Issued,[3-8045],[8-7610P],Pending,17,"11,753,000",2026,September,9
TX,"Wharton, TX",EL CAMPO,"Rice Belt Warehouse, Inc.",RICE BELT WAREHOUSE,Federal,I - Issued,[3-6343],[8-7612],Approved,1,"2,745,000",2026,September,9
TX,"Matagorda, TX",BAY CITY,"Rice Belt Warehouse, Inc.",RICE BELT WAREHOUSE,Federal,I - Issued,[3-6341],[8-7615],Approved,1,"1,676,000",2026,September,9
TX,"Bailey, TX",Enochs,"Farmers Cooperative Elevator Association of Levelland, Texas",FARMERS COOP ELEVATOR,Federal,I - Issued,[3-7954],[8-7623],Approved,3,"1,262,000",2026,September,9
TX,"Hockley, TX",Levelland,"Farmers Cooperative Elevator Association of Levelland, Texas",FARMERS COOP ELEVATOR,Federal,I - Issued,[3-7954],[8-7623],Approved,1,"3,921,000",2026,September,9
TX,"Lamb, TX",Littlefield,"Farmers Cooperative Elevator Association of Levelland, Texas",FARMERS COOP ELEVATOR,Federal,I - Issued,[3-7954],[8-7623],Approved,2,"723,000",2026,September,9
TX,"Moore, TX",DUMAS,Dumas Co-op,Co-Op Elevator,Federal,I - Issued,[3-3378],[8-7640],Approved,1,"2,366,000",2026,September,9
TX,"Moore, TX",MIDDLEWELL,Dumas Co-op,Co-Op Elevator,Federal,I - Issued,[3-3378],[8-7640],Approved,2,"3,134,000",2026,September,9
TX,"Moore, TX",MORTON,Dumas Co-op,Co-Op Elevator,Federal,I - Issued,[3-3378],[8-7640],Approved,3,"1,833,000",2026,September,9
MI,"Monroe, MI",OTTAWA LAKE,Ottawa Lake Cooperative Elevator Company,OTTAWA LAKE COOPERATIVE ELEVATOR COMPANY,State,,[],[8-7669],Approved,1,"950,000",2026,September,9
IL,"Ford, IL",Kempton,"Rabideau Grain and Lumber, Inc.","Rabideau Grain and Lumber, Inc.",State,,[],[8-7690],Approved,2,"825,000",2026,September,9
IL,"Iroquois, IL",Clifton,"Rabideau Grain and Lumber, Inc.","Rabideau Grain and Lumber, Inc.",State,,[],[8-7690],Approved,1,"2,176,000",2026,September,9
MI,"Hillsdale, MI",PRATTVILLE,"Prattville Fertilizer & Grain, Inc.","PRATTVILLE FERTILIZER & GRAIN, INC.",State,,[],[8-7698],Approved,1,,2026,September,9
OH,"Fulton, OH",LYONS,"The Andersons, Inc.","THE ANDERSONS, INC.",State,,[],[8-7701],Approved,2,,2026,September,9
OH,"Fulton, OH",METAMORA,"The Andersons, Inc.","THE ANDERSONS, INC.",State,,[],[8-7701],Approved,1,,2026,September,9
MO,"Grundy, MO",TRENTON,MFA Incorporated,MFA Agri Services,State,,[],[8-7746],Approved,1,"1,590,000",2026,September,9
MO,"Harrison, MO",BETHANY,MFA Incorporated,MFA Agri Services,State,,[],[8-7751],Approved,1,"440,000",2026,September,9
TX,"Kleberg, TX",RICARDO,Coastal Ag Cooperative,Coastal Ag Cooperative Elevators,Federal,I - Issued,[3-10196],[8-7752],Approved,1,"1,771,000",2026,September,9
TX,"Nueces, TX",AGUA DULCE,Coastal Ag Cooperative,Coastal Ag Cooperative Elevators,Federal,I - Issued,[3-10196],[8-7752],Approved,4,"2,475,000",2026,September,9
TX,"Nueces, TX",BISHOP,Coastal Ag Cooperative,Coastal Ag Cooperative Elevators,Federal,I - Issued,[3-10196],[8-7752],Approved,6,"2,411,000",2026,September,9
TX,"Nueces, TX",CORPUS CHRISTI,Coastal Ag Cooperative,Coastal Ag Cooperative Elevators,Federal,I - Issued,[3-10196],[8-7752],Approved,3,"1,093,000",2026,September,9
TX,"Nueces, TX",CORPUS CHRISTI,Coastal Ag Cooperative,Coastal Ag Cooperative Elevators,Federal,I - Issued,[3-10196],[8-7752],Approved,7,"4,030,000",2026,September,9
TX,"Nueces, TX",DRISCOLL,Coastal Ag Cooperative,Coastal Ag Cooperative Elevators,Federal,I - Issued,[3-10196],[8-7752],Approved,5,"284,000",2026,September,9
TX,"Nueces, TX",Robstown,Coastal Ag Cooperative,Coastal Ag Cooperative Elevators,Federal,I - Issued,[3-10196],[8-7752],Approved,2,"1,808,000",2026,September,9
OH,"Ottawa, OH",Curtice,"Luckey Farmers, Inc.","Luckey Farmers, Inc.",State,,[],[8-7775],Approved,5,"1,254,000",2026,September,9
OH,"Ottawa, OH",Graytown,"Luckey Farmers, Inc.","Luckey Farmers, Inc.",State,,[],[8-7775],Approved,4,"1,066,000",2026,September,9
OH,"Ottawa, OH",Oak Harbor,"Luckey Farmers, Inc.","Luckey Farmers, Inc.",State,,[],[8-7775],Approved,3,"1,368,000",2026,September,9
OH,"Sandusky, OH",Lindsey,"Luckey Farmers, Inc.","Luckey Farmers, Inc.",State,,[],[8-7775],Approved,7,"2,667,000",2026,September,9
OH,"Seneca, OH",Tiffin (Bascom),"Luckey Farmers, Inc.","Luckey Farmers, Inc.",State,,[],[8-7775],Approved,13,"1,194,000",2026,September,9
OH,"Wood, OH",Bowling Green,"Luckey Farmers, Inc.","Luckey Farmers, Inc.",State,,[],[8-7775],Approved,2,"1,668,000",2026,September,9
OH,"Wood, OH",Bowling Green,"Luckey Farmers, Inc.","Luckey Farmers, Inc.",State,,[],[8-7775],Approved,8,"1,712,000",2026,September,9
OH,"Wood, OH",Cygnet,"Luckey Farmers, Inc.","Luckey Farmers, Inc.",State,,[],[8-7775],Approved,9,"1,181,000",2026,September,9
OH,"Wood, OH",Haskins,"Luckey Farmers, Inc.","Luckey Farmers, Inc.",State,,[],[8-7775],Approved,10,"396,000",2026,September,9
OH,"Wood, OH",Lemoyne,"Luckey Farmers, Inc.","Luckey Farmers, Inc.",State,,[],[8-7775],Approved,6,"1,529,000",2026,September,9
OH,"Wood, OH",North Baltimore,"Luckey Farmers, Inc.","Luckey Farmers, Inc.",State,,[],[8-7775],Approved,12,"1,215,000",2026,September,9
OH,"Wood, OH",Tontogany,"Luckey Farmers, Inc.","Luckey Farmers, Inc.",State,,[],[8-7775],Approved,11,"640,000",2026,September,9
TX,"Milam, TX",THORNDALE,Thorndale Cooperative Gin & Grain Company,Thorndale Cooperative Gin & Grain Company,State,,[],[8-7792],Approved,1,"1,754,000",2026,September,9
TX,"Dallam, TX",DALHART,"Thompson I. Welch Grain Company, LTD",Welch Elevator,Federal,I - Issued,[3-9482],[8-7795],Approved,1,"652,000",2026,September,9
TX,"Dallam, TX",NORTH SEDAN,"Thompson I. Welch Grain Company, LTD",Welch Elevator,Federal,I - Issued,[3-9482],[8-7795],Approved,5,"719,000",2026,September,9
TX,"Dallam, TX",SOUTH SEDAN,"Thompson I. Welch Grain Company, LTD",Welch Elevator,Federal,I - Issued,[3-9482],[8-7795],Approved,3,"1,119,000",2026,September,9
TX,"Hartley, TX",REHM,"Thompson I. Welch Grain Company, LTD",Welch Elevator,Federal,I - Issued,[3-9482],[8-7795],Approved,2,"330,000",2026,September,9
TX,"Victoria, TX",VICTORIA,"United Agricultural Cooperative, Inc.","United Agricultural Cooperative, Inc. Elevators",Federal,I - Issued,[3-9995],[8-7830],Approved,3,"429,000",2026,September,9
TX,"Wharton, TX",DANEVANG,"United Agricultural Cooperative, Inc.","United Agricultural Cooperative, Inc. Elevators",Federal,I - Issued,[3-9995],[8-7830],Approved,4,"2,763,000",2026,September,9
TX,"Wharton, TX",EL CAMPO,"United Agricultural Cooperative, Inc.","United Agricultural Cooperative, Inc. Elevators",Federal,I - Issued,[3-9995],[8-7830],Approved,1,"421,000",2026,September,9
TX,"Wharton, TX",HILLJE,"United Agricultural Cooperative, Inc.","United Agricultural Cooperative, Inc. Elevators",Federal,I - Issued,[3-9995],[8-7830],Approved,2,"3,344,000",2026,September,9
TX,"Refugio, TX",WOODSBORO,Woodsboro Farmers Cooperative,WOODSBORO FARMERS COOPERATIVE,State,,[],[8-7834],Approved,1,"3,057,000",2026,September,9
TX,"Wilbarger, TX",OKLAUNION,"Farmers Cooperative Gin & Elevator, Vernon, Texas",FARMERS COOPERATIVE GIN & ELEVATOR,State,,[],[8-7840],Approved,2,,2026,September,9
TX,"Wilbarger, TX",VERNON,"Farmers Cooperative Gin & Elevator, Vernon, Texas",FARMERS COOPERATIVE GIN & ELEVATOR,State,,[],[8-7840],Approved,1,,2026,September,9
TX,"Knox, TX",MUNDAY,"Farmer's Grain Cooperative of Munday, Texas",FARMERS GRAIN COOPERATIVE,State,,[],[8-7841],Approved,1,,2026,September,9
TX,"Jones, TX",STAMFORD,Farmers Cooperative Society of Stamford,FARMERS COOPERATIVE SOCIETY OF STAMFORD,State,,[],[8-7847],Approved,1,,2026,September,9
MO,"Knox, MO",NOVELTY,Archer-Daniels-Midland Company,ADM Grain Company,State,,[],[8-7855],Approved,7,"2,701,000",2026,September,9
MO,"Macon, MO",SHELBINA,Archer-Daniels-Midland Company,ADM Grain Company,State,,[],[8-7855],Approved,3,"267,000",2026,September,9
MO,"Montgomery, MO",MONTGOMERY CITY,Archer-Daniels-Midland Company,ADM Grain Company,State,,[],[8-7855],Approved,6,"1,038,000",2026,September,9
MO,"Ralls, MO",CENTER,Archer-Daniels-Midland Company,ADM Grain Company,State,,[],[8-7855],Approved,4,"1,456,000",2026,September,9
TX,"Jackson, TX",EDNA,"Rice Belt Warehouse, Inc.",Rice Belt Warehouse,Federal,I - Issued,[3-6926],[8-7880],Approved,1,"1,361,000",2026,September,9
TX,"Wharton, TX",EL CAMPO,"Rice Farmers Coop., Inc.",Rice Farmers Coop.,Unlicensed,,[],[8-7912],Approved,1,"1,334,000",2026,September,9
OH,"Putnam, OH",OTTAWA,"The Ottawa Feed and Grain Co., Inc.","THE OTTAWA FEED AND GRAIN CO., INC.",State,,[],[8-7943],Approved,1,"1,227,000",2026,September,9
IA,"Floyd, IA",CHARLES CITY,"Farmers Feed & Grain Company, Inc.",RICEVILLE ELEVATOR,Federal,I - Issued,[3-7107],[8-7944],Approved,2,"682,000",2026,September,9
IA,"Howard, IA",RICEVILLE,"Farmers Feed & Grain Company, Inc.",RICEVILLE ELEVATOR,Federal,I - Issued,[3-7107],[8-7944],Approved,1,"2,195,000",2026,September,9
KY,"Campbell, KY",SILVER GROVE,Archer-Daniels-Midland Company,ADM Grain Co-Silver Grove Elevator,Federal,I - Issued,[3-9665],[8-7950],Approved,1,"389,000",2026,September,9
KY,"Todd, KY",GUTHRIE,"Hopkinsville Elevator Co., Inc.",Hopkinsville Elevator,Federal,I - Issued,[3-6755],[8-7959],Approved,5,"2,239,000",2026,September,9
KY,"Hickman, KY",CLINTON,"Burgess Brothers Grain Co., Inc.","BURGESS BROTHERS GRAIN CO., INC.",State,,[],[8-8000],Approved,1,,2026,September,9
IA,"Butler, IA",Allison,"Schmadeke Feed Mill, Inc.","Schmadeke Feed Mill, Inc.",State,,[],[8-8025],Approved,2,"300,000",2026,September,9
IA,"Butler, IA",Clarksville,"Schmadeke Feed Mill, Inc.","Schmadeke Feed Mill, Inc.",State,,[],[8-8025],Approved,1,"1,848,000",2026,September,9
MO,"Bates, MO",Adrian,"MFA Enterprises, Inc.","West Central Agri Services, LLC",State,,[],[8-8063],Approved,1,"5,278,000",2026,September,9
MO,"Johnson, MO",Centerview,"MFA Enterprises, Inc.","West Central Agri Services, LLC",State,,[],[8-8063],Approved,4,"441,000",2026,September,9
MO,"Johnson, MO",Chilhowee,"MFA Enterprises, Inc.","West Central Agri Services, LLC",State,,[],[8-8063],Approved,3,"287,000",2026,September,9
MO,"Montgomery, MO",RHINELAND,Cooperative Association No. 130,Cooperative Association No. 130,State,,[],[8-8086],Approved,1,"1,351,000",2026,September,9
CO,"Kit Carson, CO",FLAGLER,Flagler Cooperative Association,Flagler Coop Elevator,Federal,I - Issued,[3-3590],[8-8092],Approved,1,"2,357,000",2026,September,9
CO,"Lincoln, CO",ARRIBA,Flagler Cooperative Association,Flagler Coop Elevator,Federal,I - Issued,[3-3590],[8-8092],Approved,2,"1,877,000",2026,September,9
CO,"Lincoln, CO",GENOA,Flagler Cooperative Association,Flagler Coop Elevator,Federal,I - Issued,[3-3590],[8-8092],Approved,3,"1,547,000",2026,September,9
CO,"Lincoln, CO",HUGO,Flagler Cooperative Association,Flagler Coop Elevator,Federal,I - Issued,[3-3590],[8-8092],Approved,4,"303,000",2026,September,9
CO,"Lincoln, CO",LIMON,Flagler Cooperative Association,Flagler Coop Elevator,Federal,I - Issued,[3-3590],[8-8092],Approved,5,"727,000",2026,September,9
KY,"Marion, KY",LORETTO,LORETTO GRAIN COMPANY,LORETTO GRAIN COMPANY,State,,[],[8-8099],Authorized,1,,2026,September,9
KY,"Marion, KY",LORETTO,LORETTO GRAIN COMPANY,LORETTO GRAIN COMPANY,State,,[],[8-8099],Authorized,2,,2026,September,9
CO,"Arapahoe, CO",BYERS,CHS Inc.,CHS Southern Plains Elevators,Federal,I - Issued,[3-10231],[8-8118],Approved,44,"1,625,000",2026,September,9
CO,"Logan, CO",FLEMING,CHS Inc.,CHS Southern Plains Elevators,Federal,I - Issued,[3-10231],[8-8118],Approved,2,"767,000",2026,September,9
CO,"Logan, CO",NEW HAVEN,CHS Inc.,CHS Southern Plains Elevators,Federal,I - Issued,[3-10231],[8-8118],Approved,3,"348,000",2026,September,9
CO,"Morgan, CO",BRUSH,CHS Inc.,CHS Southern Plains Elevators,Federal,I - Issued,[3-10231],[8-8118],Approved,7,"1,039,000",2026,September,9
CO,"Phillips, CO",AMHERST,CHS Inc.,CHS Southern Plains Elevators,Federal,I - Issued,[3-10231],[8-8118],Approved,4,"3,219,000",2026,September,9
CO,"Phillips, CO",HAXTUN,CHS Inc.,CHS Southern Plains Elevators,Federal,I - Issued,[3-10231],[8-8118],Approved,5,"3,757,000",2026,September,9
CO,"Phillips, CO",Holyoke,CHS Inc.,CHS Southern Plains Elevators,Federal,I - Issued,[3-10231],[8-8118],Approved,1,"8,162,000",2026,September,9
CO,"Phillips, CO",STATELINE,CHS Inc.,CHS Southern Plains Elevators,Federal,I - Issued,[3-10231],[8-8118],Approved,8,"2,288,000",2026,September,9
CO,"Sedgwick, CO",JULESBURG,CHS Inc.,CHS Southern Plains Elevators,Federal,I - Issued,[3-10231],[8-8118],Approved,6,"1,941,000",2026,September,9
CO,"Washington, CO",AKRON,CHS Inc.,CHS Southern Plains Elevators,Federal,I - Issued,[3-10231],[8-8118],Approved,12,"660,000",2026,September,9
CO,"Washington, CO",HYDE,CHS Inc.,CHS Southern Plains Elevators,Federal,I - Issued,[3-10231],[8-8118],Approved,11,"536,000",2026,September,9
CO,"Washington, CO",OTIS,CHS Inc.,CHS Southern Plains Elevators,Federal,I - Issued,[3-10231],[8-8118],Approved,13,"1,723,000",2026,September,9
CO,"Yuma, CO",IDALIA,CHS Inc.,CHS Southern Plains Elevators,Federal,I - Issued,[3-10231],[8-8118],Approved,16,"1,989,000",2026,September,9
CO,"Yuma, CO",WAUNETA,CHS Inc.,CHS Southern Plains Elevators,Federal,I - Issued,[3-10231],[8-8118],Approved,15,"1,848,000",2026,September,9
CO,"Yuma, CO",Wray,CHS Inc.,CHS Southern Plains Elevators,Federal,I - Issued,[3-10231],[8-8118],Approved,17,"1,312,000",2026,September,9
CO,"Yuma, CO",Yuma,CHS Inc.,CHS Southern Plains Elevators,Federal,I - Issued,[3-10231],[8-8118],Approved,14,"1,077,000",2026,September,9
CO,"Yuma, CO",YUMA,CHS Inc.,CHS Southern Plains Elevators,Federal,I - Issued,[3-10231],[8-8118],Approved,10,"3,358,000",2026,September,9
NE,"Keith, NE",Brule,CHS Inc.,CHS Southern Plains Elevators,Federal,I - Issued,[3-10231],[8-8118],Approved,9,"3,333,000",2026,September,9
OH,"Crawford, OH",Bucyrus,The Mennel Milling Company,THE MENNEL MILLING COMPANY,State,,[],[8-8120],Approved,8,"893,000",2026,September,9
OH,"Delaware, OH",Radnor,The Mennel Milling Company,THE MENNEL MILLING COMPANY,State,,[],[8-8120],Approved,12,"1,051,000",2026,September,9
OH,"Fayette, OH",Jeffersonville,The Mennel Milling Company,THE MENNEL MILLING COMPANY,State,,[],[8-8120],Approved,13,"1,221,000",2026,September,9
OH,"Hancock, OH",Fostoria,The Mennel Milling Company,THE MENNEL MILLING COMPANY,State,,[],[8-8120],Approved,1,,2026,September,9
OH,"Hardin, OH",Alger (Foraker),The Mennel Milling Company,THE MENNEL MILLING COMPANY,State,,[],[8-8120],Approved,7,"871,000",2026,September,9
OH,"Hocking, OH",Logan,The Mennel Milling Company,THE MENNEL MILLING COMPANY,State,,[],[8-8120],Approved,14,"1,292,000",2026,September,9
OH,"Lucas, OH",Toledo,The Mennel Milling Company,THE MENNEL MILLING COMPANY,State,,[],[8-8120],Approved,17,"6,358,000",2026,September,9
OH,"Marion, OH",Morral,The Mennel Milling Company,THE MENNEL MILLING COMPANY,State,,[],[8-8120],Approved,10,"2,281,000",2026,September,9
OH,"Miami, OH",Troy,The Mennel Milling Company,THE MENNEL MILLING COMPANY,State,,[],[8-8120],Approved,11,"3,445,000",2026,September,9
OH,"Pickaway, OH",Elmwood,The Mennel Milling Company,THE MENNEL MILLING COMPANY,State,,[],[8-8120],Approved,15,"333,000",2026,September,9
OH,"Pickaway, OH",New Holland,The Mennel Milling Company,THE MENNEL MILLING COMPANY,State,,[],[8-8120],Approved,16,"451,000",2026,September,9
OH,"Ross, OH",Kingston,The Mennel Milling Company,THE MENNEL MILLING COMPANY,State,,[],[8-8120],Approved,9,"1,522,000",2026,September,9
OH,"Seneca, OH",Alvada,The Mennel Milling Company,THE MENNEL MILLING COMPANY,State,,[],[8-8120],Approved,4,"322,000",2026,September,9
OH,"Wyandot, OH",Nevada,The Mennel Milling Company,THE MENNEL MILLING COMPANY,State,,[],[8-8120],Approved,3,,2026,September,9
OH,"Wyandot, OH",Upper Sandusky,The Mennel Milling Company,THE MENNEL MILLING COMPANY,State,,[],[8-8120],Approved,5,"1,987,000",2026,September,9
OH,"Wyandot, OH",Upper Sandusky,The Mennel Milling Company,THE MENNEL MILLING COMPANY,State,,[],[8-8120],Approved,6,"901,000",2026,September,9
OH,"Wyandot, OH",Wharton,The Mennel Milling Company,THE MENNEL MILLING COMPANY,State,,[],[8-8120],Approved,2,,2026,September,9
OH,"Crawford, OH",MONNETT,"Central Ohio Farmers Co-Op, Inc.","CENTRAL OHIO FARMERS CO-OP, INC.",State,,[],[8-8126],Approved,4,"1,624,000",2026,September,9
OH,"Knox, OH",Fredericktown,"Central Ohio Farmers Co-Op, Inc.","CENTRAL OHIO FARMERS CO-OP, INC.",State,,[],[8-8126],Approved,9,"1,402,000",2026,September,9
OH,"Knox, OH",MT VERNON,"Central Ohio Farmers Co-Op, Inc.","CENTRAL OHIO FARMERS CO-OP, INC.",State,,[],[8-8126],Approved,6,"347,000",2026,September,9
OH,"Knox, OH",Mt. Vernon-Feed Mill,"Central Ohio Farmers Co-Op, Inc.","CENTRAL OHIO FARMERS CO-OP, INC.",State,,[],[8-8126],Approved,10,"81,000",2026,September,9
OH,"Marion, OH",MARION,"Central Ohio Farmers Co-Op, Inc.","CENTRAL OHIO FARMERS CO-OP, INC.",State,,[],[8-8126],Approved,2,"5,755,000",2026,September,9
OH,"Marion, OH",NEW BLOOMINGTON,"Central Ohio Farmers Co-Op, Inc.","CENTRAL OHIO FARMERS CO-OP, INC.",State,,[],[8-8126],Approved,7,"519,000",2026,September,9
OH,"Marion, OH",Prospect,"Central Ohio Farmers Co-Op, Inc.","CENTRAL OHIO FARMERS CO-OP, INC.",State,,[],[8-8126],Approved,8,"1,829,000",2026,September,9
OH,"Marion, OH",WALDO,"Central Ohio Farmers Co-Op, Inc.","CENTRAL OHIO FARMERS CO-OP, INC.",State,,[],[8-8126],Approved,1,"1,513,000",2026,September,9
OH,"Morrow, OH",MT GILEAD,"Central Ohio Farmers Co-Op, Inc.","CENTRAL OHIO FARMERS CO-OP, INC.",State,,[],[8-8126],Approved,5,"958,000",2026,September,9
IL,"De Witt, IL",LANE,Archer-Daniels-Midland Company,ARCHER-DANIELS-MIDLAND COMPANY,State,,[],[8-8130],Approved,2,"995,000",2026,September,9
IL,"De Witt, IL",Weldon,Archer-Daniels-Midland Company,ARCHER-DANIELS-MIDLAND COMPANY,State,,[],[8-8130],Approved,1,"1,493,000",2026,September,9
IA,"Cedar, IA",West Liberty,"Nichols Agriservice, L.L.C.","NICHOLS AGRISERVICE, L. L. C.",State,,[],[8-8151],Approved,7,"1,657,000",2026,September,9
IA,"Johnson, IA",CORALVILLE,"Nichols Agriservice, L.L.C.","NICHOLS AGRISERVICE, L. L. C.",State,,[],[8-8151],Approved,2,"781,000",2026,September,9
IA,"Johnson, IA",Frytown,"Nichols Agriservice, L.L.C.","NICHOLS AGRISERVICE, L. L. C.",State,,[],[8-8151],Approved,3,"1,208,000",2026,September,9
IA,"Louisa, IA",COLUMBUS JUNCTION,"Nichols Agriservice, L.L.C.","NICHOLS AGRISERVICE, L. L. C.",State,,[],[8-8151],Approved,5,"642,000",2026,September,9
IA,"Muscatine, IA",MUSCATINE,"Nichols Agriservice, L.L.C.","NICHOLS AGRISERVICE, L. L. C.",State,,[],[8-8151],Approved,4,"248,000",2026,September,9
IA,"Muscatine, IA",NICHOLS,"Nichols Agriservice, L.L.C.","NICHOLS AGRISERVICE, L. L. C.",State,,[],[8-8151],Approved,1,"672,000",2026,September,9
IA,"Muscatine, IA",WILTON,"Nichols Agriservice, L.L.C.","NICHOLS AGRISERVICE, L. L. C.",State,,[],[8-8151],Approved,6,"200,000",2026,September,9
IL,"McLean, IL",BLOOMINGTON,"Cargill, Incorporated",CARGILL SOYBEAN PROCESSING PLANT/ELEVATOR,Federal,I - Issued,[3-8065],[8-8153],Approved,1,"2,289,000",2026,September,9
VA,"Isle Of Wight, VA",Windsor,The Scoular Company,SCOULAR GRAIN ELEVATOR,Federal,I - Issued,[3-9779],[8-8158],Approved,1,"245,000",2026,September,9
KY,"Daviess, KY",MACEO,"Bunge USA Grain, LLC",Bunge Kentucky Elevators,Federal,I - Issued,[3-9856],[8-8189],Approved,3,"2,775,000",2026,September,9
KY,"Henderson, KY",HENDERSON,"Bunge USA Grain, LLC",Bunge Kentucky Elevators,Federal,I - Issued,[3-9856],[8-8189],Approved,1,"2,396,000",2026,September,9
KY,"Lyon, KY",EDDYVILLE,"Bunge USA Grain, LLC",Bunge Kentucky Elevators,Federal,I - Issued,[3-9856],[8-8189],Approved,2,"223,000",2026,September,9
IA,"Carroll, IA",MANNING,Ag Processing Inc a Cooperative,AGP Elevator,Federal,I - Issued,[3-8225],[8-8192],Approved,1,"2,915,000",2026,September,9
IL,"Greene, IL",Roodhouse,Cloverleaf Feed Co.,CLOVERLEAF FEED CO.,State,,[],[8-8199],Approved,1,"237,000",2026,September,9
CO,"Phillips, CO",PAOLI,The Paoli Farmers Co-Operative Elevator Company,PAOLI COOP ELEVATOR,State,,[],[8-8209],Approved,1,"2,629,000",2026,September,9
CO,"Logan, CO",ILIFF,The Peetz Farmers Co-operative Company,Farmers Co-Op Elevators,Federal,I - Issued,[3-3618],[8-8218],Approved,2,"1,701,000",2026,September,9
CO,"Logan, CO",PEETZ,The Peetz Farmers Co-operative Company,Farmers Co-Op Elevators,Federal,I - Issued,[3-3618],[8-8218],Approved,1,"2,597,000",2026,September,9
OH,"Licking, OH",GRANVILLE,Granville Milling Co.,Granville Milling Co.,State,,[],[8-8223],Approved,1,"734,000",2026,September,9
CO,"Kit Carson, CO",SEIBERT,Seibert Equity Co-operative Association,Co-Op Elevator,Federal,I - Issued,[3-3598],[8-8239],Approved,1,"3,844,000",2026,September,9
CO,"Kiowa, CO",TOWNER,"Bartlett Grain Company, LLC",BARTLETT ELEVATOR (WESTERN),Federal,I - Issued,[3-9601],[8-8245],Approved,5,"759,000",2026,September,9
CO,"Weld, CO",EATON,AGFINITY FEED LLC,AGFINITY FEED LLC,State,,[],[8-8253],Approved,1,,2026,September,9
CO,"Weld, CO",GREELEY,AGFINITY FEED LLC,AGFINITY FEED LLC,State,,[],[8-8253],Approved,2,"545,000",2026,September,9
MO,"Ste. Genevieve, MO",STE. GENEVIEVE,MFA Incorporated,MFA Agri Services,State,,[],[8-8266],Approved,1,"59,000",2026,September,9
MO,"St. Francois, MO",FARMINGTON,MFA Incorporated,MFA Agri Services,State,,[],[8-8267],Approved,1,"26,000",2026,September,9
IA,"Buena Vista, IA",ALBERT CITY,First Cooperative Association,AgState Elevators,Federal,I - Issued,[3-5686],[8-8272],Approved,21,"8,031,000",2026,September,9
IA,"Buena Vista, IA",ALTA,First Cooperative Association,AgState Elevators,Federal,I - Issued,[3-5686],[8-8272],Approved,2,"8,225,000",2026,September,9
IA,"Buena Vista, IA",Linn Grove,First Cooperative Association,AgState Elevators,Federal,I - Issued,[3-5686],[8-8272],Approved,8,"836,000",2026,September,9
IA,"Buena Vista, IA",MARATHON,First Cooperative Association,AgState Elevators,Federal,I - Issued,[3-5686],[8-8272],Approved,1,"3,087,000",2026,September,9
IA,"Buena Vista, IA",NEWELL,First Cooperative Association,AgState Elevators,Federal,I - Issued,[3-5686],[8-8272],Approved,32,"2,563,000",2026,September,9
IA,"Cherokee, IA",AURELIA,First Cooperative Association,AgState Elevators,Federal,I - Issued,[3-5686],[8-8272],Approved,3,"4,311,000",2026,September,9
IA,"Cherokee, IA",CLEGHORN,First Cooperative Association,AgState Elevators,Federal,I - Issued,[3-5686],[8-8272],Approved,5,"2,351,000",2026,September,9
IA,"Cherokee, IA",LARRABEE,First Cooperative Association,AgState Elevators,Federal,I - Issued,[3-5686],[8-8272],Approved,6,"2,367,000",2026,September,9
IA,"Cherokee, IA",MARCUS,First Cooperative Association,AgState Elevators,Federal,I - Issued,[3-5686],[8-8272],Approved,9,"1,431,000",2026,September,9
IA,"Clay, IA",PETERSON,First Cooperative Association,AgState Elevators,Federal,I - Issued,[3-5686],[8-8272],Approved,11,"1,291,000",2026,September,9
IA,"Clay, IA",ROYAL,First Cooperative Association,AgState Elevators,Federal,I - Issued,[3-5686],[8-8272],Approved,23,"4,887,000",2026,September,9
IA,"Clay, IA",WEBB,First Cooperative Association,AgState Elevators,Federal,I - Issued,[3-5686],[8-8272],Approved,13,"2,221,000",2026,September,9
IA,"Hamilton, IA",ELLSWORTH,First Cooperative Association,AgState Elevators,Federal,I - Issued,[3-5686],[8-8272],Approved,31,"1,287,000",2026,September,9
IA,"Ida, IA",BATTLE CREEK,First Cooperative Association,AgState Elevators,Federal,I - Issued,[3-5686],[8-8272],Approved,16,"1,743,000",2026,September,9
IA,"Ida, IA",GALVA,First Cooperative Association,AgState Elevators,Federal,I - Issued,[3-5686],[8-8272],Approved,15,"1,193,000",2026,September,9
IA,"Ida, IA",HOLSTEIN,First Cooperative Association,AgState Elevators,Federal,I - Issued,[3-5686],[8-8272],Approved,14,"1,815,000",2026,September,9
IA,"O'Brien, IA",HARTLEY,First Cooperative Association,AgState Elevators,Federal,I - Issued,[3-5686],[8-8272],Approved,25,"8,298,000",2026,September,9
IA,"O'Brien, IA",PAULLINA,First Cooperative Association,AgState Elevators,Federal,I - Issued,[3-5686],[8-8272],Approved,18,"1,358,000",2026,September,9
IA,"O'Brien, IA",Sheldon,First Cooperative Association,AgState Elevators,Federal,I - Issued,[3-5686],[8-8272],Approved,26,"1,342,000",2026,September,9
IA,"O'Brien, IA",SUTHERLAND,First Cooperative Association,AgState Elevators,Federal,I - Issued,[3-5686],[8-8272],Approved,28,"1,574,000",2026,September,9
IA,"Palo Alto, IA",EMMETSBURG,First Cooperative Association,AgState Elevators,Federal,I - Issued,[3-5686],[8-8272],Approved,24,"1,303,000",2026,September,9
IA,"Plymouth, IA",KINGSLEY,First Cooperative Association,AgState Elevators,Federal,I - Issued,[3-5686],[8-8272],Approved,17,"3,032,000",2026,September,9
IA,"Pocahontas, IA",FONDA,First Cooperative Association,AgState Elevators,Federal,I - Issued,[3-5686],[8-8272],Approved,22,"3,488,000",2026,September,9
IA,"Pocahontas, IA",LAURENS,First Cooperative Association,AgState Elevators,Federal,I - Issued,[3-5686],[8-8272],Approved,7,"1,690,000",2026,September,9
IA,"Sac, IA",NEMAHA,First Cooperative Association,AgState Elevators,Federal,I - Issued,[3-5686],[8-8272],Approved,33,"2,762,000",2026,September,9
IA,"Sac, IA",SCHALLER,First Cooperative Association,AgState Elevators,Federal,I - Issued,[3-5686],[8-8272],Approved,12,"1,479,000",2026,September,9
IA,"Sioux, IA",ALTON,First Cooperative Association,AgState Elevators,Federal,I - Issued,[3-5686],[8-8272],Approved,27,"7,027,000",2026,September,9
IA,"Sioux, IA",HOSPERS,First Cooperative Association,AgState Elevators,Federal,I - Issued,[3-5686],[8-8272],Approved,20,"1,635,000",2026,September,9
IA,"Sioux, IA",MAURICE,First Cooperative Association,AgState Elevators,Federal,I - Issued,[3-5686],[8-8272],Approved,30,"856,000",2026,September,9
CO,"Dolores, CO",Dove Creek,"High Country Elevators, Inc.","High Country Elevators, Inc.",State,,[],[8-8294],Approved,1,,2026,September,9
CO,"Kit Carson, CO",BURLINGTON,Stratton Equity Cooperative Company,CO-OP ELEVATOR,Federal,I - Issued,[3-9472],[8-8296],Approved,4,"6,985,000",2026,September,9
CO,"Kit Carson, CO",BURLINGTON,Stratton Equity Cooperative Company,CO-OP ELEVATOR,Federal,I - Issued,[3-9472],[8-8296],Approved,5,"3,214,000",2026,September,9
CO,"Kit Carson, CO",Stratton,Stratton Equity Cooperative Company,CO-OP ELEVATOR,Federal,I - Issued,[3-9472],[8-8296],Approved,1,"2,690,000",2026,September,9
CO,"Yuma, CO",KIRK,Stratton Equity Cooperative Company,CO-OP ELEVATOR,Federal,I - Issued,[3-9472],[8-8296],Approved,2,"2,336,000",2026,September,9
IA,"Cedar, IA",Tipton,Cedar County Cooperative,Cedar County Cooperative,State,,[],[8-8313],Approved,1,"1,995,000",2026,September,9
IA,"Cedar, IA",WEST BRANCH,Cedar County Cooperative,Cedar County Cooperative,State,,[],[8-8313],Approved,2,"2,584,000",2026,September,9
IL,"Montgomery, IL",FILLMORE,The Litchfield Farmers Grain and Livestock Company,THE LITCHFIELD FARMERS GRAIN AND LIVESTOCK COMPANY,State,,[],[8-8314],Approved,2,"2,683,000",2026,September,9
IL,"Montgomery, IL",LITCHFIELD,The Litchfield Farmers Grain and Livestock Company,THE LITCHFIELD FARMERS GRAIN AND LIVESTOCK COMPANY,State,,[],[8-8314],Approved,1,"1,435,000",2026,September,9
IN,"Kosciusko, IN",LEESBURG,"Clunette Elevator Co., Inc.","CLUNETTE ELEVATOR CO., INC.",State,,[],[8-8338],Approved,1,,2026,September,9
IN,"Wabash, IN",LA FONTAINE,Bowman Agri-Corp.,BOWMAN AGRI-CORP.,State,,[],[8-8342],Approved,1,,2026,September,9
IA,"Clinton, IA",ANDOVER,"Andover Grain & Fertilizer, Inc.","ANDOVER GRAIN & FERTILIZER, INC.",State,,[],[8-8349],Approved,1,"299,000",2026,September,9
IA,"Marshall, IA",LE GRAND,"Nelson Grain, Inc.","NELSON GRAIN, INC.",State,,[],[8-8357],Approved,2,"604,000",2026,September,9
IA,"Marshall, IA",MARSHALLTOWN,"Nelson Grain, Inc.","NELSON GRAIN, INC.",State,,[],[8-8357],Approved,1,"2,178,000",2026,September,9
IL,"Kankakee, IL",GRANT PARK,Farmers Elevator Company of Manteno,FARMERS ELEVATOR OF MANTENO,State,,[],[8-8359],Approved,2,"2,729,000",2026,September,9
IL,"Kankakee, IL",Manteno,Farmers Elevator Company of Manteno,FARMERS ELEVATOR OF MANTENO,State,,[],[8-8359],Approved,1,"2,143,000",2026,September,9
IA,"Davis, IA",Bloomfield,"Hoskin Elevator, Inc.","HOSKIN ELEVATOR, INC.",State,,[],[8-8362],Approved,1,"684,000",2026,September,9
IA,"Fayette, IA",FAYETTE,Consolidated Grain and Barge Co.,Consolidated Grain and Barge Company Terminal,Federal,I - Issued,[3-8045],[8-8371P],Pending,16,"2,075,000",2026,September,9
MO,"Mississippi, MO",DORENA,Consolidated Grain and Barge Co.,CGB Elevators,Federal,I - Issued,[3-8965],[8-8386],Approved,5,"1,380,000",2026,September,9
MO,"Pemiscot, MO",CARUTHERSVILLE,Consolidated Grain and Barge Co.,CGB Elevators,Federal,I - Issued,[3-8965],[8-8389],Approved,6,"850,000",2026,September,9
MO,"Pemiscot, MO",COTTONWOOD POINT,Consolidated Grain and Barge Co.,CGB Elevators,Federal,I - Issued,[3-8965],[8-8389],Approved,9,"387,000",2026,September,9
IA,"Cedar, IA",SUNBURY,River Valley Cooperative,River Valley Cooperative Elevator,Federal,I - Issued,[3-9842],[8-8391],Approved,12,"2,474,000",2026,September,9
IA,"Clinton, IA",CLINTON,River Valley Cooperative,River Valley Cooperative Elevator,Federal,I - Issued,[3-9842],[8-8391],Approved,32,"612,000",2026,September,9
IA,"Clinton, IA",DEWITT,River Valley Cooperative,River Valley Cooperative Elevator,Federal,I - Issued,[3-9842],[8-8391],Approved,3,"7,435,000",2026,September,9
IA,"Delaware, IA",RYAN,River Valley Cooperative,River Valley Cooperative Elevator,Federal,I - Issued,[3-9842],[8-8391],Approved,15,"2,717,000",2026,September,9
IA,"Jones, IA",MARTELLE,River Valley Cooperative,River Valley Cooperative Elevator,Federal,I - Issued,[3-9842],[8-8391],Approved,6,"1,323,000",2026,September,9
IA,"Jones, IA",OLIN,River Valley Cooperative,River Valley Cooperative Elevator,Federal,I - Issued,[3-9842],[8-8391],Approved,9,"5,187,000",2026,September,9
IA,"Scott, IA",DONAHUE,River Valley Cooperative,River Valley Cooperative Elevator,Federal,I - Issued,[3-9842],[8-8391],Approved,5,"1,296,000",2026,September,9
IA,"Scott, IA",ELDRIDGE,River Valley Cooperative,River Valley Cooperative Elevator,Federal,I - Issued,[3-9842],[8-8391],Approved,1,"719,000",2026,September,9
IA,"Scott, IA",WALCOTT,River Valley Cooperative,River Valley Cooperative Elevator,Federal,I - Issued,[3-9842],[8-8391],Approved,13,"777,000",2026,September,9
IA,"Buchanan, IA",ROWLEY,F. J. Krob & Co.,F. J . KROB & CO.,State,,[],[8-8392],Approved,2,"1,342,000",2026,September,9
IA,"Johnson, IA",SOLON,F. J. Krob & Co.,F. J . KROB & CO.,State,,[],[8-8392],Approved,3,"486,000",2026,September,9
IA,"Linn, IA",ELY,F. J. Krob & Co.,F. J . KROB & CO.,State,,[],[8-8392],Approved,1,"261,000",2026,September,9
IA,"Linn, IA",WALKER,F. J. Krob & Co.,F. J . KROB & CO.,State,,[],[8-8392],Approved,4,"1,164,000",2026,September,9
IN,"Tippecanoe, IN",LAFAYETTE,"Cargill, Incorporated",CARGILL SOYBEAN PROCESSING PLANT/ELEVATOR,Federal,I - Issued,[3-8060],[8-8397],Approved,1,"1,947,000",2026,September,9
IA,"Monroe, IA",EDDYVILLE,"Cargill, Incorporated",CARGILL EDDYVILLE ELEVATOR,Federal,I - Issued,[3-8630],[8-8405],Approved,1,"2,071,000",2026,September,9
IN,"Tipton, IN",TIPTON,"Cargill, Incorporated",Cargill ER Elevators,Federal,I - Issued,[3-10088],[8-8410],Approved,4,"6,446,000",2026,September,9
IA,"Plymouth, IA",Akron,Central Valley Ag Cooperative,CVA Coop Elevators,Federal,I - Issued,[3-10113],[8-8432],Approved,2,"2,070,000",2026,September,9
IA,"Plymouth, IA",Hinton,Central Valley Ag Cooperative,CVA Coop Elevators,Federal,I - Issued,[3-10113],[8-8432],Approved,1,"5,274,000",2026,September,9
IA,"Plymouth, IA",OYENS,Central Valley Ag Cooperative,CVA Coop Elevators,Federal,I - Issued,[3-10113],[8-8432],Approved,3,"2,645,000",2026,September,9
NE,"Pierce, NE",Randolph,Central Valley Ag Cooperative,CVA Coop Elevators,Federal,I - Issued,[3-10113],[8-8432],Approved,43,"4,904,000",2026,September,9
IA,"O'Brien, IA",PAULLINA,"Bunkers Feed & Supply, Inc.",Bunkers Elevator,Federal,I - Issued,[3-6250],[8-8442],Approved,2,"2,746,000",2026,September,9
IA,"Sioux, IA",GRANVILLE,"Bunkers Feed & Supply, Inc.",Bunkers Elevator,Federal,I - Issued,[3-6250],[8-8442],Approved,1,"2,432,000",2026,September,9
IA,"Lyon, IA",Lester,Lester Feed & Grain Co.,LESTER FEED & GRAIN,State,,[],[8-8447],Approved,1,"1,306,000",2026,September,9
IA,"O'Brien, IA",Calcumet,Gengler Feed Service Incorporated,Gengler's Warehouse,Federal,I - Issued,[3-8148],[8-8453],Approved,2,"2,787,000",2026,September,9
IA,"O'Brien, IA",Sutherland,Gengler Feed Service Incorporated,Gengler's Warehouse,Federal,I - Issued,[3-8148],[8-8453],Approved,3,"16,000",2026,September,9
IA,"Plymouth, IA",REMSEN,Gengler Feed Service Incorporated,Gengler's Warehouse,Federal,I - Issued,[3-8148],[8-8453],Approved,1,"1,478,000",2026,September,9
OH,"Champaign, OH",MECHANICSBURG,"Heritage Cooperative, Inc.","HERITAGE COOPERATIVE, INC.",State,,[],[8-8463],Approved,6,,2026,September,9
OH,"Champaign, OH",THACKERY,"Heritage Cooperative, Inc.","HERITAGE COOPERATIVE, INC.",State,,[],[8-8463],Approved,8,,2026,September,9
OH,"Champaign, OH",URBANA,"Heritage Cooperative, Inc.","HERITAGE COOPERATIVE, INC.",State,,[],[8-8463],Approved,1,,2026,September,9
OH,"Columbiana, OH",EAST LIVERPOOL,"Heritage Cooperative, Inc.","HERITAGE COOPERATIVE, INC.",State,,[],[8-8463],Approved,20,,2026,September,9
OH,"Columbiana, OH",LISBON,"Heritage Cooperative, Inc.","HERITAGE COOPERATIVE, INC.",State,,[],[8-8463],Approved,21,,2026,September,9
OH,"Hancock, OH",ARLINGTON,"Heritage Cooperative, Inc.","HERITAGE COOPERATIVE, INC.",State,,[],[8-8463],Approved,10,,2026,September,9
OH,"Hancock, OH",VANLUE,"Heritage Cooperative, Inc.","HERITAGE COOPERATIVE, INC.",State,,[],[8-8463],Approved,14,,2026,September,9
OH,"Hardin, OH",ADA,"Heritage Cooperative, Inc.","HERITAGE COOPERATIVE, INC.",State,,[],[8-8463],Approved,15,,2026,September,9
OH,"Hardin, OH",ALGER,"Heritage Cooperative, Inc.","HERITAGE COOPERATIVE, INC.",State,,[],[8-8463],Approved,16,,2026,September,9
OH,"Hardin, OH",CAIRO,"Heritage Cooperative, Inc.","HERITAGE COOPERATIVE, INC.",State,,[],[8-8463],Approved,12,,2026,September,9
OH,"Hardin, OH",KENTON,"Heritage Cooperative, Inc.","HERITAGE COOPERATIVE, INC.",State,,[],[8-8463],Approved,17,,2026,September,9
OH,"Logan, OH",DEGRAFF,"Heritage Cooperative, Inc.","HERITAGE COOPERATIVE, INC.",State,,[],[8-8463],Approved,5,,2026,September,9
OH,"Logan, OH",WEST LIBERTY,"Heritage Cooperative, Inc.","HERITAGE COOPERATIVE, INC.",State,,[],[8-8463],Approved,9,,2026,September,9
OH,"Mahoning, OH",CANFIELD,"Heritage Cooperative, Inc.","HERITAGE COOPERATIVE, INC.",State,,[],[8-8463],Approved,19,,2026,September,9
OH,"Mahoning, OH",Columbiana,"Heritage Cooperative, Inc.","HERITAGE COOPERATIVE, INC.",State,,[],[8-8463],Approved,3,"1,223,000",2026,September,9
OH,"Mahoning, OH",GARFIELD,"Heritage Cooperative, Inc.","HERITAGE COOPERATIVE, INC.",State,,[],[8-8463],Approved,23,"1,289,000",2026,September,9
OH,"Miami, OH",FLETCHER,"Heritage Cooperative, Inc.","HERITAGE COOPERATIVE, INC.",State,,[],[8-8463],Approved,7,,2026,September,9
OH,"Muskingum, OH",Nashport,"Heritage Cooperative, Inc.","HERITAGE COOPERATIVE, INC.",State,,[],[8-8463],Approved,2,"922,000",2026,September,9
OH,"Tuscarawas, OH",NEW PHILADELPHIA,"Heritage Cooperative, Inc.","HERITAGE COOPERATIVE, INC.",State,,[],[8-8463],Approved,22,,2026,September,9
OH,"Union, OH",MARYSVILLE (AG CAMPUS),"Heritage Cooperative, Inc.","HERITAGE COOPERATIVE, INC.",State,,[],[8-8463],Approved,18,,2026,September,9
OH,"Union, OH",RICHWOOD,"Heritage Cooperative, Inc.","HERITAGE COOPERATIVE, INC.",State,,[],[8-8463],Approved,4,,2026,September,9
OH,"Wyandot, OH",MCCUTCHENVILLE,"Heritage Cooperative, Inc.","HERITAGE COOPERATIVE, INC.",State,,[],[8-8463],Approved,13,,2026,September,9
OH,"Wyandot, OH",UPPER SANDUSKY,"Heritage Cooperative, Inc.","HERITAGE COOPERATIVE, INC.",State,,[],[8-8463],Approved,11,,2026,September,9
IA,"Plymouth, IA",Remsen,"Farmers Cooperative Company (Remsen, IA)",Farmers Cooperative Company,State,,[],[8-8464],Approved,1,"6,918,000",2026,September,9
OH,"Muskingum, OH",ZANESVILLE,"Farm Supply Center, Inc.","FARM SUPPLY CENTER, INC.",State,,[],[8-8465],Approved,1,"941,000",2026,September,9
IA,"Lyon, IA",LITTLE ROCK,"Farmers Co-operative Society, Sioux Center, Iowa",Farmers Elevator,Federal,I - Issued,[3-5788],[8-8470],Approved,3,"3,465,000",2026,September,9
IA,"O'Brien, IA",RITTER,"Farmers Co-operative Society, Sioux Center, Iowa",Farmers Elevator,Federal,I - Issued,[3-5788],[8-8470],Approved,6,"1,763,000",2026,September,9
IA,"O'Brien, IA",SANBORN,"Farmers Co-operative Society, Sioux Center, Iowa",Farmers Elevator,Federal,I - Issued,[3-5788],[8-8470],Approved,5,"3,672,000",2026,September,9
IA,"Osceola, IA",MELVIN,"Farmers Co-operative Society, Sioux Center, Iowa",Farmers Elevator,Federal,I - Issued,[3-5788],[8-8470],Approved,7,"1,570,000",2026,September,9
IA,"Sioux, IA",BOYDEN,"Farmers Co-operative Society, Sioux Center, Iowa",Farmers Elevator,Federal,I - Issued,[3-5788],[8-8470],Approved,4,"2,832,000",2026,September,9
IA,"Sioux, IA",IRETON,"Farmers Co-operative Society, Sioux Center, Iowa",Farmers Elevator,Federal,I - Issued,[3-5788],[8-8470],Approved,2,"3,439,000",2026,September,9
IA,"Sioux, IA",SIOUX CENTER,"Farmers Co-operative Society, Sioux Center, Iowa",Farmers Elevator,Federal,I - Issued,[3-5788],[8-8470],Approved,1,"5,915,000",2026,September,9
SD,"Lincoln, SD",WORTHING,"Farmers Co-operative Society, Sioux Center, Iowa",Farmers Elevator,Federal,I - Issued,[3-5788],[8-8470],Approved,9,"7,840,000",2026,September,9
SD,"Union, SD",ALCESTER,"Farmers Co-operative Society, Sioux Center, Iowa",Farmers Elevator,Federal,I - Issued,[3-5788],[8-8470],Approved,10,"3,410,000",2026,September,9
SD,"Union, SD",BERESFORD,"Farmers Co-operative Society, Sioux Center, Iowa",Farmers Elevator,Federal,I - Issued,[3-5788],[8-8470],Approved,12,"2,392,000",2026,September,9
IA,"Mitchell, IA",St Ansgar,"St. Ansgar Mills, Inc.",St Ansgar Elevator & Warehouse,Federal,I - Issued,[3-6955],[8-8483],Approved,1,"1,694,000",2026,September,9
MO,"Carroll, MO",HALE,MFA Incorporated,MFA Agri Services,State,,[],[8-8495],Approved,1,"689,000",2026,September,9
MO,"Nodaway, MO",CONCEPTION JUNCTION,MFA Incorporated,MFA Northwest Agri Services,State,,[],[8-8502],Approved,3,"1,737,000",2026,September,9
MO,"Nodaway, MO",Maryville,MFA Incorporated,MFA Northwest Agri Services,State,,[],[8-8507],Approved,1,"3,323,000",2026,September,9
MO,"Butler, MO",POPLAR BLUFF,"Riceland Foods, Inc.",BUTLER COUNTY GRAIN WAREHOUSE,Federal,I - Issued,[3-5197],[8-8511],Approved,1,"2,470,000",2026,September,9
IL,"Fulton, IL",AVON,Avon Farmers Elevator,AVON FARMERS ELEVATOR,State,,[],[8-8513],Authorized,1,"903,000",2026,September,9
MO,"Dunklin, MO",KENNETT,"Riceland Foods, Inc.",Dudley Grain Warehouse,Federal,I - Issued,[3-5198],[8-8520],Approved,2,"952,000",2026,September,9
MO,"Stoddard, MO",DUDLEY,"Riceland Foods, Inc.",Dudley Grain Warehouse,Federal,I - Issued,[3-5198],[8-8520],Approved,1,"1,627,000",2026,September,9
MO,"Stoddard, MO",BERNIE,MFA Incorporated,MFA Agri Services,State,,[],[8-8521],Approved,1,"1,373,000",2026,September,9
IA,"Bremer, IA",Readlyn,Farmers Cooperative Company,Farmers Cooperative Company,State,,[],[8-8524],Approved,2,"2,098,000",2026,September,9
IA,"Butler, IA",Shell Rock,Farmers Cooperative Company,Farmers Cooperative Company,State,,[],[8-8524],Approved,1,"2,178,000",2026,September,9
MO,"Henry, MO",CLINTON,"Farmers Elevator and Supply Company, Inc.","FARMERS ELEVATOR AND SUPPLY COMPANY, INC.",State,,[],[8-8527],Approved,1,"638,000",2026,September,9
MO,"Carroll, MO",CARROLLTON,"Ray-Carroll County Grain Growers, Inc.",Ray-Carroll Elevator,Federal,I - Issued,[3-5010],[8-8538],Approved,5,"6,417,000",2026,September,9
MO,"Chariton, MO",DALTON,"Ricketts Farm Service, Inc.","RICKETTS FARM SERVICE,  INC.",State,,[],[8-8547],Approved,1,"891,000",2026,September,9
MO,"Chariton, MO",Salisbury,"Ricketts Farm Service, Inc.","RICKETTS FARM SERVICE,  INC.",State,,[],[8-8547],Approved,2,"73,000",2026,September,9
OH,"Williams, OH",Stryker,Stryker Farmers Exchange Company,STRYKER FARMERS ELEVATOR,State,,[],[8-8548],Approved,1,"2,418,000",2026,September,9
IA,"Bremer, IA",TRIPOLI,"Figanbaum Grain, Inc.","Figanbaum Grain, Inc.",State,,[],[8-8549],Approved,1,"2,278,000",2026,September,9
IA,"O'Brien, IA",PRIMGHAR,Nicholson and Edwards Grain Company,Nicholson & Edwards Elevator,Federal,I - Issued,[3-7704],[8-8554],Approved,1,"1,211,000",2026,September,9
MO,"Nodaway, MO",BURLINGTON JUNCTION,MFA Incorporated,MFA Northwest Agri Services,State,,[],[8-8560],Approved,2,"420,000",2026,September,9
MO,"Chariton, MO",Salisbury,MFA Incorporated,Heart of Missouri MFA Agri Services,State,,[],[8-8561],Approved,4,"1,132,000",2026,September,9
MO,"Cooper, MO",Boonville,MFA Incorporated,Heart of Missouri MFA Agri Services,State,,[],[8-8561],Approved,5,"2,789,000",2026,September,9
MO,"Howard, MO",Glasgow,MFA Incorporated,Heart of Missouri MFA Agri Services,State,,[],[8-8561],Approved,1,"5,376,000",2026,September,9
MO,"Daviess, MO",GALLATIN,MFA Incorporated,MFA Agri Services,State,,[],[8-8565],Approved,1,"873,000",2026,September,9
MO,"Lafayette, MO",HIGGINSVILLE,MFA Incorporated,River Valley MFA Agri Services,State,,[],[8-8567],Approved,1,"1,781,000",2026,September,9
MO,"Lafayette, MO",LEXINGTON,MFA Incorporated,River Valley MFA Agri Services,State,,[],[8-8567],Approved,3,"883,000",2026,September,9
MO,"Lafayette, MO",ODESSA,MFA Incorporated,River Valley MFA Agri Services,State,,[],[8-8567],Approved,4,"1,190,000",2026,September,9
MO,"Ray, MO",ORRICK,MFA Incorporated,River Valley MFA Agri Services,State,,[],[8-8567],Approved,2,"1,518,000",2026,September,9
MO,"St. Louis City, MO",ST. LOUIS,"Ray-Carroll County Grain Growers, Inc.",Ray-Carroll Elevator,Federal,I - Issued,[3-5010],[8-8571],Approved,8,"2,494,000",2026,September,9
MO,"Ray, MO",HARDIN,"Ray-Carroll County Grain Growers, Inc.",Ray-Carroll Elevator,Federal,I - Issued,[3-5010],[8-8572],Approved,1,"5,806,000",2026,September,9
MO,"Warren, MO",FORISTELL,T AND N INC,T AND N INC,State,,[],[8-8574],Authorized,1,"284,000",2026,September,9
MO,"Montgomery, MO",Montgomery City,MFA Incorporated,MFA Agri Services,State,,[],[8-8575],Approved,1,"473,000",2026,September,9
MO,"Randolph, MO",CLARK,MFA Incorporated,MFA Agri Services,State,,[],[8-8584],Approved,1,"580,000",2026,September,9
IL,"Livingston, IL",FORREST,"Zimmerman Feed & Grain, Inc.","ZIMMERMAN FEED & GRAIN, INC.",State,,[],[8-8585],Approved,1,"2,140,000",2026,September,9
MO,"Benton, MO",IONIA,Producers Exchange No. 84,PRODUCERS EXCHANGE NO 84,State,,[],[8-8597],Approved,2,"430,000",2026,September,9
MO,"Benton, MO",LINCOLN,Producers Exchange No. 84,PRODUCERS EXCHANGE NO 84,State,,[],[8-8597],Approved,1,"461,000",2026,September,9
MO,"Clinton, MO",Cameron,Cameron Co-operative Elevator Association,CAMERON CO-OPERATIVE ELEVATOR ASSOCIATION,State,,[],[8-8625],Approved,1,"2,028,000",2026,September,9
MO,"Monroe, MO",MONROE CITY,Farmers Elevator and Exchange Company of Monroe City,Farmers Elevator and Exchange Company of Monroe City,State,,[],[8-8626],Approved,1,"622,000",2026,September,9
MO,"Carroll, MO",NORBORNE,"Ray-Carroll County Grain Growers, Inc.",Ray-Carroll Elevator,Federal,I - Issued,[3-5010],[8-8628],Approved,4,"2,026,000",2026,September,9
MO,"Scott, MO",BUFFALO ISLAND,"Cargill, Incorporated",CARGILL SRR ELEVATORS,Federal,I - Issued,[3-10089],[8-8662],Approved,15,"1,662,000",2026,September,9
MO,"Carroll, MO",CARROLLTON,"Central Missouri AgriService, LLC",Central Missouri AgriService Elevator,Federal,I - Issued,[3-9514],[8-8663],Approved,9,"286,000",2026,September,9
MO,"Lafayette, MO",WAVERLY,"Central Missouri AgriService, LLC",Central Missouri AgriService Elevator,Federal,I - Issued,[3-9514],[8-8663],Approved,6,"1,123,000",2026,September,9
MO,"Lafayette, MO",WAVERLY,"Central Missouri AgriService, LLC",Central Missouri AgriService Elevator,Federal,I - Issued,[3-9514],[8-8663],Approved,8,"1,386,000",2026,September,9
MO,"Saline, MO",BLOSSER,"Central Missouri AgriService, LLC",Central Missouri AgriService Elevator,Federal,I - Issued,[3-9514],[8-8663],Approved,3,"457,000",2026,September,9
MO,"Saline, MO",MALTA BEND,"Central Missouri AgriService, LLC",Central Missouri AgriService Elevator,Federal,I - Issued,[3-9514],[8-8663],Approved,2,"5,350,000",2026,September,9
MO,"Saline, MO",MARSHALL,"Central Missouri AgriService, LLC",Central Missouri AgriService Elevator,Federal,I - Issued,[3-9514],[8-8663],Approved,1,"6,819,000",2026,September,9
MO,"Saline, MO",MARSHALL,"Central Missouri AgriService, LLC",Central Missouri AgriService Elevator,Federal,I - Issued,[3-9514],[8-8663],Approved,7,"8,701,000",2026,September,9
MO,"Saline, MO",MIAMI,"Central Missouri AgriService, LLC",Central Missouri AgriService Elevator,Federal,I - Issued,[3-9514],[8-8663],Approved,5,"756,000",2026,September,9
MO,"Saline, MO",SLATER,"Central Missouri AgriService, LLC",Central Missouri AgriService Elevator,Federal,I - Issued,[3-9514],[8-8663],Approved,4,"1,582,000",2026,September,9
MO,"Livingston, MO",CHILLICOTHE,"Milbank Mills, Incorporated","Milbank Mills, Incorporated",State,,[],[8-8667],Approved,1,"844,000",2026,September,9
MO,"Moniteau, MO",TIPTON,MFA Incorporated,MFA Agri Services,State,,[],[8-8684],Approved,4,"277,000",2026,September,9
MO,"Moniteau, MO",CALIFORNIA,MFA Incorporated,MFA Agri Services,State,,[],[8-8686],Approved,1,"374,000",2026,September,9
MO,"Daviess, MO",PATTONSBURG,MFA Incorporated,MFA Agri Services,State,,[],[8-8694],Approved,1,"390,000",2026,September,9
MO,"Macon, MO",MACON,MFA Incorporated,MFA Agri Services,State,,[],[8-8697],Approved,1,"564,000",2026,September,9
MO,"Audrain, MO",MEXICO,MFA Incorporated,MFA Agri Services,State,,[],[8-8705],Approved,1,"222,000",2026,September,9
IL,"Sangamon, IL",NEW BERLIN,The Farmers Grain Co. of New Berlin,THE FARMERS GRAIN CO. OF NEW BERLIN,State,,[],[8-8717],Approved,1,"1,570,000",2026,September,9
MO,"Callaway, MO",TEBBETTS,W.A. Rootes and Company,Rootes Elevator,Federal,I - Issued,[3-3198],[8-8718],Approved,1,"758,000",2026,September,9
OH,"Allen, OH",GOMER,"Jennings-Gomer Equity, Inc.","Jennings-Gomer Equity, Inc.",State,,[],[8-8728],Approved,2,"146,000",2026,September,9
OH,"Putnam, OH",COLUMBUS GROVE,"Jennings-Gomer Equity, Inc.","Jennings-Gomer Equity, Inc.",State,,[],[8-8728],Approved,1,"1,021,000",2026,September,9
OH,"Putnam, OH",FT JENNINGS,"Jennings-Gomer Equity, Inc.","Jennings-Gomer Equity, Inc.",State,,[],[8-8728],Approved,3,"812,000",2026,September,9
MO,"Audrain, MO",LADDONIA,MFA Incorporated,MFA Agri Services,State,,[],[8-8730],Approved,1,"2,350,000",2026,September,9
MO,"Callaway, MO",JEFFERSON CITY,MFA Incorporated,MFA Agri Services,State,,[],[8-8732],Approved,2,"397,000",2026,September,9
MO,"Clark, MO",KAHOKA,MFA Incorporated,MFA Agri Services,State,,[],[8-8740],Approved,1,"222,000",2026,September,9
MO,"Cooper, MO",PILOT GROVE,"PRAIRIELAND FS, INC.","PRAIRIELAND FS, INC.",State,,[],[8-8741],Approved,2,"4,291,000",2026,September,9
MO,"Scotland, MO",Memphis,"PRAIRIELAND FS, INC.","PRAIRIELAND FS, INC.",State,,[],[8-8741],Approved,1,"264,000",2026,September,9
MO,"Nodaway, MO",Maryville,Consumers Oil Company of Maryville,CONSUMERS OIL COMPANY,State,,[],[8-8759],Approved,1,"1,595,000",2026,September,9
MO,"New Madrid, MO",NEW MADRID,"Cargill, Incorporated",CARGILL SRR ELEVATORS,Federal,I - Issued,[3-10089],[8-8761],Approved,16,"3,503,000",2026,September,9
IL,"Brown, IL",Mt. Sterling,"Western Grain Marketing,LLC",Western Grain Marketing LLC,State,,[],[8-8766],Approved,5,"1,352,000",2026,September,9
IL,"Cass, IL",Arenzville,"Western Grain Marketing,LLC",Western Grain Marketing LLC,State,,[],[8-8766],Approved,19,"535,000",2026,September,9
IL,"Cass, IL",Bluff Springs,"Western Grain Marketing,LLC",Western Grain Marketing LLC,State,,[],[8-8766],Approved,22,"749,000",2026,September,9
IL,"Cass, IL",Chanderville,"Western Grain Marketing,LLC",Western Grain Marketing LLC,State,,[],[8-8766],Approved,24,"1,000,000",2026,September,9
IL,"Cass, IL",Virginia,"Western Grain Marketing,LLC",Western Grain Marketing LLC,State,,[],[8-8766],Approved,21,"2,037,000",2026,September,9
IL,"Fulton, IL",Fairview,"Western Grain Marketing,LLC",Western Grain Marketing LLC,State,,[],[8-8766],Approved,6,"1,421,000",2026,September,9
IL,"Fulton, IL",Fiatt,"Western Grain Marketing,LLC",Western Grain Marketing LLC,State,,[],[8-8766],Approved,7,"1,646,000",2026,September,9
IL,"Henry, IL",Woodhull,"Western Grain Marketing,LLC",Western Grain Marketing LLC,State,,[],[8-8766],Approved,30,"1,428,000",2026,September,9
IL,"Henry, IL",Woodhull (East),"Western Grain Marketing,LLC",Western Grain Marketing LLC,State,,[],[8-8766],Approved,31,"1,335,000",2026,September,9
IL,"Knox, IL",Ashland,"Western Grain Marketing,LLC",Western Grain Marketing LLC,State,,[],[8-8766],Approved,23,"758,000",2026,September,9
IL,"Knox, IL",Knoxville,"Western Grain Marketing,LLC",Western Grain Marketing LLC,State,,[],[8-8766],Approved,9,"790,000",2026,September,9
IL,"Knox, IL",London Mills,"Western Grain Marketing,LLC",Western Grain Marketing LLC,State,,[],[8-8766],Approved,10,"1,355,000",2026,September,9
IL,"Knox, IL",Maquon,"Western Grain Marketing,LLC",Western Grain Marketing LLC,State,,[],[8-8766],Approved,8,"3,147,000",2026,September,9
IL,"Knox, IL",Oneida,"Western Grain Marketing,LLC",Western Grain Marketing LLC,State,,[],[8-8766],Approved,28,"1,600,000",2026,September,9
IL,"Knox, IL",Rio,"Western Grain Marketing,LLC",Western Grain Marketing LLC,State,,[],[8-8766],Approved,29,"264,000",2026,September,9
IL,"Mason, IL",Easton,"Western Grain Marketing,LLC",Western Grain Marketing LLC,State,,[],[8-8766],Approved,27,"1,994,000",2026,September,9
IL,"Mason, IL",Easton (Biggs),"Western Grain Marketing,LLC",Western Grain Marketing LLC,State,,[],[8-8766],Approved,26,"2,071,000",2026,September,9
IL,"McDonough, IL",Adair,"Western Grain Marketing,LLC",Western Grain Marketing LLC,State,,[],[8-8766],Approved,12,"8,182,000",2026,September,9
IL,"McDonough, IL",Macomb,"Western Grain Marketing,LLC",Western Grain Marketing LLC,State,,[],[8-8766],Approved,13,"1,008,000",2026,September,9
IL,"Menard, IL",Petersburg,"Western Grain Marketing,LLC",Western Grain Marketing LLC,State,,[],[8-8766],Approved,14,"2,455,000",2026,September,9
IL,"Menard, IL",Tallula,"Western Grain Marketing,LLC",Western Grain Marketing LLC,State,,[],[8-8766],Approved,15,"1,014,000",2026,September,9
IL,"Morgan, IL",Ashland,"Western Grain Marketing,LLC",Western Grain Marketing LLC,State,,[],[8-8766],Approved,17,"2,041,000",2026,September,9
IL,"Morgan, IL",Chapin,"Western Grain Marketing,LLC",Western Grain Marketing LLC,State,,[],[8-8766],Approved,20,"902,000",2026,September,9
IL,"Schuyler, IL",Huntsville,"Western Grain Marketing,LLC",Western Grain Marketing LLC,State,,[],[8-8766],Approved,4,"1,255,000",2026,September,9
IL,"Schuyler, IL",Rushville,"Western Grain Marketing,LLC",Western Grain Marketing LLC,State,,[],[8-8766],Approved,3,"1,838,000",2026,September,9
MO,"De Kalb, MO",MAYSVILLE,MFA Incorporated,MFA Agri Services,State,,[],[8-8776],Approved,1,"349,000",2026,September,9
MO,"Callaway, MO",TEBBETTS,"Smart Brothers Farms, Inc.","SMART BROTHERS FARMS, INC.",State,,[],[8-8778],Approved,1,"297,000",2026,September,9
IN,"Lagrange, IN",South Milford,Edon Farmers Cooperative Association,Edon Farmers Cooperative Association,State,,[],[8-8782],Approved,1,"4,086,264",2026,September,9
IN,"Clinton, IN",FRANKFORT,Archer-Daniels-Midland Company,ARCHER-DANIELS-MIDLAND COMPANY,State,,[],[8-8783],Approved,1,,2026,September,9
MO,"Adair, MO",KIRKSVILLE,MFA Incorporated,MFA Agri Services,State,,[],[8-8798],Approved,1,"530,000",2026,September,9
MO,"Worth, MO",GRANT CITY/SHERIDAN,MFA Incorporated,MFA Northwest Agri Services,State,,[],[8-8802],Approved,4,"382,000",2026,September,9
MO,"Randolph, MO",MOBERLY,MFA Incorporated,MFA Agri Services,State,,[],[8-8808],Approved,1,"231,000",2026,September,9
IL,"Franklin, IL",BENTON,Consolidated Grain and Barge Co.,CGB Elevators,Federal,I - Issued,[3-10191],[8-8824],Approved,4,"1,020,000",2026,September,9
IL,"Perry, IL",PINCKNEYVILLE,Consolidated Grain and Barge Co.,CGB Elevators,Federal,I - Issued,[3-10191],[8-8824],Approved,2,"1,094,000",2026,September,9
MO,"Chariton, MO",BRUNSWICK,"Ray-Carroll County Grain Growers, Inc.",Ray-Carroll Elevator,Federal,I - Issued,[3-5010],[8-8835],Approved,7,"5,885,000",2026,September,9
MO,"Chariton, MO",SUMNER,"Ray-Carroll County Grain Growers, Inc.",Ray-Carroll Elevator,Federal,I - Issued,[3-5010],[8-8835],Approved,3,"543,000",2026,September,9
MO,"Carroll, MO",Brunswick,"AGRIServices of Brunswick, LLC","AGRISERVICES OF BRUNSWICK, LLC",State,,[],[8-8863],Approved,1,"6,488,000",2026,September,9
MO,"Chariton, MO",MENDON,"AGRIServices of Brunswick, LLC","AGRISERVICES OF BRUNSWICK, LLC",State,,[],[8-8863],Approved,3,"332,000",2026,September,9
MO,"Linn, MO",BROOKFIELD,"AGRIServices of Brunswick, LLC","AGRISERVICES OF BRUNSWICK, LLC",State,,[],[8-8863],Approved,4,"132,000",2026,September,9
MO,"Caldwell, MO",HAMILTON,MFA Incorporated,MFA Agri Services,State,,[],[8-8864],Approved,1,"531,000",2026,September,9
IN,"Warren, IN",STEWART,"Stewart Grain Co., Inc.","STEWART GRAIN CO., INC.",State,,[],[8-8870],Approved,1,,2026,September,9
MI,"Hillsdale, MI",WALDRON,Waldron Grain and Fuel Co.,Waldron Grain and Fuel Co. Elevator,Federal,I - Issued,[3-9272],[8-8872],Approved,1,"3,203,000",2026,September,9
OH,"Henry, OH",Grelton,"Grelton Elevator, Inc.","GRELTON ELEVATOR, INC.",State,,[],[8-8873],Approved,1,"2,898,000",2026,September,9
OH,"Henry, OH",NAPOLEAN,"Grelton Elevator, Inc.","GRELTON ELEVATOR, INC.",State,,[],[8-8873],Approved,2,"922,000",2026,September,9
MO,"Sullivan, MO",MILAN,MFA Incorporated,MFA Agri Services,State,,[],[8-8876],Approved,1,"271,000",2026,September,9
MO,"Livingston, MO",CHULA,Chula Farmers Cooperative,CHULA FARMERS COOPERATIVE,State,,[],[8-8877],Approved,1,"675,000",2026,September,9
MO,"Putnam, MO",UNIONVILLE,Putnam County M.F.A. Exchange,PUTNAM COUNTY M.F.A. EXCHANGE,State,,[],[8-8878],Approved,1,"478,000",2026,September,9
IL,"Bureau, IL",NORTH LADD,Ladd Elevator Company,LADD ELEVATOR COMPANY,State,,[],[8-8879],Approved,1,"4,191,000",2026,September,9
MI,"St. Joseph, MI",WHITE PIGEON,"The Andersons, Inc.","THE ANDERSONS, INC.",State,,[],[8-8884],Approved,1,,2026,September,9
MO,"Bates, MO",Rockville,"Heiman, Inc.","Heiman, Inc.",State,,[],[8-8893],Approved,1,"2,429,000",2026,September,9
MO,"Gentry, MO",ALBANY,MFA Incorporated,MFA Agri Services,State,,[],[8-8897],Approved,1,"830,000",2026,September,9
IN,"Carroll, IN",DELPHI,"The Andersons, Inc.","THE ANDERSONS, INC.",State,,[],[8-8911],Approved,1,,2026,September,9
IN,"Fountain, IN",NEWTOWN,Newtown Farm Service Inc,NEWTOWN FARM SERVICE INC,State,,[],[8-8913],Approved,1,,2026,September,9
IN,"Fountain, IN",STONE BLUFF,Newtown Farm Service Inc,NEWTOWN FARM SERVICE INC,State,,[],[8-8913],Approved,2,,2026,September,9
MO,"Chariton, MO",SALISBURY,"Salisbury Ag Center, Inc.","SALISBURY AG CENTER, INC.",State,,[],[8-8914],Approved,1,"780,000",2026,September,9
IL,"McLean, IL",ARROWSMITH,"Evergreen FS, Inc.","EVERGREEN FS, INC.",State,,[],[8-8915],Approved,2,"1,003,000",2026,September,9
IL,"McLean, IL",Bloomington,"Evergreen FS, Inc.","EVERGREEN FS, INC.",State,,[],[8-8915],Approved,1,"2,861,000",2026,September,9
IL,"McLean, IL",Downs,"Evergreen FS, Inc.","EVERGREEN FS, INC.",State,,[],[8-8915],Approved,4,"5,097,000",2026,September,9
IL,"McLean, IL",MCCLEAN,"Evergreen FS, Inc.","EVERGREEN FS, INC.",State,,[],[8-8915],Approved,5,"3,422,000",2026,September,9
IL,"McLean, IL",SHIRLEY,"Evergreen FS, Inc.","EVERGREEN FS, INC.",State,,[],[8-8915],Approved,3,"375,000",2026,September,9
IL,"McLean, IL",Towanda,"Evergreen FS, Inc.","EVERGREEN FS, INC.",State,,[],[8-8915],Approved,8,"2,888,000",2026,September,9
MO,"Schuyler, MO",GLENWOOD,"GLENWOOD ELEVATOR, INC.","GLENWOOD ELEVATOR, INC.",State,,[],[8-8916],Authorized,1,"526,000",2026,September,9
IL,"Bureau, IL",MINERAL,River Valley Cooperative,River Valley Cooperative Elevator,Federal,I - Issued,[3-9842],[8-8920],Approved,18,"427,000",2026,September,9
IL,"Bureau, IL",SHEFFIELD,River Valley Cooperative,River Valley Cooperative Elevator,Federal,I - Issued,[3-9842],[8-8920],Approved,16,"7,133,000",2026,September,9
IL,"Bureau, IL",SHEFFIELD (MANLIUS),River Valley Cooperative,River Valley Cooperative Elevator,Federal,I - Issued,[3-9842],[8-8920],Approved,17,"1,333,000",2026,September,9
IL,"Henry, IL",CAMBRIDGE,River Valley Cooperative,River Valley Cooperative Elevator,Federal,I - Issued,[3-9842],[8-8920],Approved,20,"1,784,000",2026,September,9
IL,"Henry, IL",GALVA,River Valley Cooperative,River Valley Cooperative Elevator,Federal,I - Issued,[3-9842],[8-8920],Approved,7,"4,428,000",2026,September,9
IL,"Knox, IL",ALTONA,River Valley Cooperative,River Valley Cooperative Elevator,Federal,I - Issued,[3-9842],[8-8920],Approved,14,"1,119,000",2026,September,9
IL,"Peoria, IL",Edelstein,River Valley Cooperative,River Valley Cooperative Elevator,Federal,I - Issued,[3-9842],[8-8920],Approved,29,"4,497,000",2026,September,9
IL,"Peoria, IL",SPEER,River Valley Cooperative,River Valley Cooperative Elevator,Federal,I - Issued,[3-9842],[8-8920],Approved,28,"1,297,000",2026,September,9
IL,"Putnam, IL",Putnam,River Valley Cooperative,River Valley Cooperative Elevator,Federal,I - Issued,[3-9842],[8-8920],Approved,27,"3,188,000",2026,September,9
IL,"Stark, IL",BRADFORD,River Valley Cooperative,River Valley Cooperative Elevator,Federal,I - Issued,[3-9842],[8-8920],Approved,21,"2,119,000",2026,September,9
IL,"Stark, IL",Princeville,River Valley Cooperative,River Valley Cooperative Elevator,Federal,I - Issued,[3-9842],[8-8920],Approved,25,"914,000",2026,September,9
IL,"Stark, IL",TOULON,River Valley Cooperative,River Valley Cooperative Elevator,Federal,I - Issued,[3-9842],[8-8920],Approved,31,"5,159,000",2026,September,9
IL,"Stark, IL",Wyoming,River Valley Cooperative,River Valley Cooperative Elevator,Federal,I - Issued,[3-9842],[8-8920],Approved,26,"4,954,000",2026,September,9
IL,"Stark, IL",WYOMING,River Valley Cooperative,River Valley Cooperative Elevator,Federal,I - Issued,[3-9842],[8-8920],Approved,30,"4,271,000",2026,September,9
IL,"Whiteside, IL",DEER GROVE,River Valley Cooperative,River Valley Cooperative Elevator,Federal,I - Issued,[3-9842],[8-8920],Approved,19,"944,000",2026,September,9
MO,"Audrain, MO",MEXICO,Archer-Daniels-Midland Company,ARCHER-DANIELS-MIDLAND CO,State,,[],[8-8934],Approved,1,"2,133,000",2026,September,9
MO,"Audrain, MO",VANDALIA,MFA Incorporated,MFA Agri Services,State,,[],[8-8945],Approved,1,"1,065,000",2026,September,9
MO,"Holt, MO",Forest City,"Cargill, Incorporated",Cargill West Elevators,Federal,I - Issued,[3-10091],[8-8959],Approved,2,"4,418,000",2026,September,9
MO,"Livingston, MO",CHILLICOTHE,MFA Incorporated,MFA Agri Services,State,,[],[8-8963],Approved,1,"355,000",2026,September,9
MO,"Linn, MO",BROWNING,MFA Incorporated,MFA Agri Services,State,,[],[8-8973],Approved,1,"300,000",2026,September,9
MO,"Shelby, MO",SHELBINA,MFA Incorporated,MFA Agri Services,State,,[],[8-8975],Approved,1,"553,000",2026,September,9
IN,"Henry, IN",KNIGHTSTOWN,"Knightstown Elevator, Inc.",KNIGHTSTOWN ELEVATOR,Federal,I - Issued,[3-7043],[8-8979],Approved,1,"534,000",2026,September,9
MO,"Barton, MO",LAMAR,MFA Incorporated,MFA Agri Services,State,,[],[8-8989],Approved,1,"2,793,000",2026,September,9
MO,"Caldwell, MO",Braymer,The Consumers Oil and Supply Co.,The Consumers Oil and Supply Co.,State,,[],[8-8991],Approved,1,"934,000",2026,September,9
MO,"Pettis, MO",SEDALIA,MFA Incorporated,MFA Agri Services,State,,[],[8-8995],Approved,3,"358,000",2026,September,9
MO,"Boone, MO",CENTRALIA,MFA Incorporated,MFA Agri Services,State,,[],[8-8996],Approved,1,"1,281,000",2026,September,9
IL,"Knox, IL",Williamsfield,"Akron Services, Inc.","Akron Services, Inc.",State,,[],[8-9005],Approved,7,"1,026,553",2026,September,9
IL,"Peoria, IL",BRIMFIELD,"Akron Services, Inc.","Akron Services, Inc.",State,,[],[8-9005],Approved,2,"4,702,715",2026,September,9
IL,"Peoria, IL",Dunlap,"Akron Services, Inc.","Akron Services, Inc.",State,,[],[8-9005],Approved,6,"471,116",2026,September,9
IL,"Peoria, IL",Edelstein,"Akron Services, Inc.","Akron Services, Inc.",State,,[],[8-9005],Approved,1,"1,670,728",2026,September,9
IL,"Peoria, IL",Elmwood,"Akron Services, Inc.","Akron Services, Inc.",State,,[],[8-9005],Approved,3,"2,538,208",2026,September,9
IL,"Peoria, IL",Glasford,"Akron Services, Inc.","Akron Services, Inc.",State,,[],[8-9005],Approved,5,"1,542,319",2026,September,9
IL,"Peoria, IL",RR BRIMFIELD,"Akron Services, Inc.","Akron Services, Inc.",State,,[],[8-9005],Approved,4,"650,451",2026,September,9
IL,"Bond, IL",Greenville,Total Grain Marketing LLC,Total Grain Marketing LLC,State,,[],[8-9009],Approved,27,"467,000",2026,September,9
IL,"Bond, IL",Mulberry Grove,Total Grain Marketing LLC,Total Grain Marketing LLC,State,,[],[8-9009],Approved,29,"1,025,000",2026,September,9
IL,"Bond, IL",Smithboro,Total Grain Marketing LLC,Total Grain Marketing LLC,State,,[],[8-9009],Approved,31,"183,000",2026,September,9
IL,"Champaign, IL",CHAMPAIGN,Total Grain Marketing LLC,Total Grain Marketing LLC,State,,[],[8-9009],Approved,36,"12,742,000",2026,September,9
IL,"Clark, IL",Casey,Total Grain Marketing LLC,Total Grain Marketing LLC,State,,[],[8-9009],Approved,21,"9,138,000",2026,September,9
IL,"Clark, IL",Chrisman,Total Grain Marketing LLC,Total Grain Marketing LLC,State,,[],[8-9009],Approved,26,"1,360,000",2026,September,9
IL,"Clark, IL",Kansas,Total Grain Marketing LLC,Total Grain Marketing LLC,State,,[],[8-9009],Approved,14,"3,752,000",2026,September,9
IL,"Clay, IL",Ingraham,Total Grain Marketing LLC,Total Grain Marketing LLC,State,,[],[8-9009],Approved,20,"904,000",2026,September,9
IL,"Clay, IL",Louisville,Total Grain Marketing LLC,Total Grain Marketing LLC,State,,[],[8-9009],Approved,2,"1,692,000",2026,September,9
IL,"Coles, IL",Ashmore,Total Grain Marketing LLC,Total Grain Marketing LLC,State,,[],[8-9009],Approved,5,"2,369,000",2026,September,9
IL,"Coles, IL",Charleston,Total Grain Marketing LLC,Total Grain Marketing LLC,State,,[],[8-9009],Approved,10,"1,703,000",2026,September,9
IL,"Coles, IL",Charleston (Fgrange),Total Grain Marketing LLC,Total Grain Marketing LLC,State,,[],[8-9009],Approved,11,"2,310,000",2026,September,9
IL,"Coles, IL",Humboldt,Total Grain Marketing LLC,Total Grain Marketing LLC,State,,[],[8-9009],Approved,12,"475,000",2026,September,9
IL,"Cumberland, IL",Greenup,Total Grain Marketing LLC,Total Grain Marketing LLC,State,,[],[8-9009],Approved,7,"1,066,000",2026,September,9
IL,"Cumberland, IL",Jewett,Total Grain Marketing LLC,Total Grain Marketing LLC,State,,[],[8-9009],Approved,13,"898,000",2026,September,9
IL,"Cumberland, IL",Neoga,Total Grain Marketing LLC,Total Grain Marketing LLC,State,,[],[8-9009],Approved,1,"3,328,000",2026,September,9
IL,"Douglas, IL",Arcola,Total Grain Marketing LLC,Total Grain Marketing LLC,State,,[],[8-9009],Approved,22,"3,444,000",2026,September,9
IL,"Douglas, IL",Arthur  (Chesterville),Total Grain Marketing LLC,Total Grain Marketing LLC,State,,[],[8-9009],Approved,25,"558,000",2026,September,9
IL,"Effingham, IL",Effingham,Total Grain Marketing LLC,Total Grain Marketing LLC,State,,[],[8-9009],Approved,4,"54,000",2026,September,9
IL,"Effingham, IL",Watson,Total Grain Marketing LLC,Total Grain Marketing LLC,State,,[],[8-9009],Approved,15,"1,191,000",2026,September,9
IL,"Jasper, IL",Newton,Total Grain Marketing LLC,Total Grain Marketing LLC,State,,[],[8-9009],Approved,17,"1,165,000",2026,September,9
IL,"Jasper, IL",Newton (Lis),Total Grain Marketing LLC,Total Grain Marketing LLC,State,,[],[8-9009],Approved,19,"3,784,000",2026,September,9
IL,"Jasper, IL",Rose Hill,Total Grain Marketing LLC,Total Grain Marketing LLC,State,,[],[8-9009],Approved,18,"808,000",2026,September,9
IL,"Jasper, IL",Willow Hill,Total Grain Marketing LLC,Total Grain Marketing LLC,State,,[],[8-9009],Approved,16,"3,328,000",2026,September,9
IL,"Marion, IL",Sandoval,Total Grain Marketing LLC,Total Grain Marketing LLC,State,,[],[8-9009],Approved,6,"1,932,000",2026,September,9
IL,"Marion, IL",Sandoval (South),Total Grain Marketing LLC,Total Grain Marketing LLC,State,,[],[8-9009],Approved,30,"291,000",2026,September,9
IL,"Moultrie, IL",Arthur,Total Grain Marketing LLC,Total Grain Marketing LLC,State,,[],[8-9009],Approved,23,"1,187,000",2026,September,9
IL,"Moultrie, IL",Caldwell,Total Grain Marketing LLC,Total Grain Marketing LLC,State,,[],[8-9009],Approved,24,"4,001,000",2026,September,9
IL,"Moultrie, IL",Lovington,Total Grain Marketing LLC,Total Grain Marketing LLC,State,,[],[8-9009],Approved,28,"3,516,000",2026,September,9
IL,"Shelby, IL",Shelbyville,Total Grain Marketing LLC,Total Grain Marketing LLC,State,,[],[8-9009],Approved,8,"509,000",2026,September,9
IL,"Shelby, IL",Shelbyville (Mworth),Total Grain Marketing LLC,Total Grain Marketing LLC,State,,[],[8-9009],Approved,9,"243,000",2026,September,9
IL,"Shelby, IL",Stewardson,Total Grain Marketing LLC,Total Grain Marketing LLC,State,,[],[8-9009],Approved,32,"1,075,000",2026,September,9
IL,"Shelby, IL",WINDSOR,Total Grain Marketing LLC,Total Grain Marketing LLC,State,,[],[8-9009],Approved,34,"2,520,000",2026,September,9
IN,"Hancock, IN",MAXWELL,Farmers Grain and Feed Company Inc.,FARMERS GRAIN AND FEED COMPANY INC,State,,[],[8-9030],Approved,1,,2026,September,9
IN,"Adams, IN",BERNE,Lehman Feed Mill Inc,LEHMAN FEED MILL INC,State,,[],[8-9033],Approved,1,,2026,September,9
IA,"Henry, IA",HILLSBORO,"Chem Gro of Houghton, Inc.",Chem Gro Elevator,Federal,I - Issued,[3-7515],[8-9036],Approved,3,"1,948,000",2026,September,9
IA,"Henry, IA",New London,"Chem Gro of Houghton, Inc.",Chem Gro Elevator,Federal,I - Issued,[3-7515],[8-9036],Approved,5,"915,000",2026,September,9
IA,"Henry, IA",SALEM,"Chem Gro of Houghton, Inc.",Chem Gro Elevator,Federal,I - Issued,[3-7515],[8-9036],Approved,4,"1,820,000",2026,September,9
IA,"Lee, IA",HOUGHTON,"Chem Gro of Houghton, Inc.",Chem Gro Elevator,Federal,I - Issued,[3-7515],[8-9036],Approved,1,"1,928,000",2026,September,9
MO,"Clark, MO",ALEXANDRIA,"Chem Gro of Houghton, Inc.",Chem Gro Elevator,Federal,I - Issued,[3-7515],[8-9036],Approved,2,"2,140,000",2026,September,9
KY,"Calloway, KY",MURRAY,Archer-Daniels-Midland Company,LIVINGSTON POINT ELEVATOR,Federal,I - Issued,[3-9388],[8-9042],Approved,3,"530,000",2026,September,9
KY,"Livingston, KY",LEDBETTER,Archer-Daniels-Midland Company,LIVINGSTON POINT ELEVATOR,Federal,I - Issued,[3-9388],[8-9042],Approved,1,"4,653,000",2026,September,9
KY,"McCracken, KY",PADUCAH,Archer-Daniels-Midland Company,LIVINGSTON POINT ELEVATOR,Federal,I - Issued,[3-9388],[8-9042],Approved,2,"225,000",2026,September,9
IL,"Hancock, IL",BOWEN,"Chem Gro, Inc.","CHEM GRO, INC.",State,,[],[8-9046],Approved,2,"2,401,000",2026,September,9
IL,"Hancock, IL",Dallas City,"Chem Gro, Inc.","CHEM GRO, INC.",State,,[],[8-9046],Approved,1,"1,547,000",2026,September,9
IN,"Huntington, IN",HUNTINGTON,"Dennis Grain Company, Inc.",DENNIS GRAIN COMPANY INC,State,,[],[8-9057],Approved,1,,2026,September,9
OH,"Champaign, OH",Urbana,The Westville Grain Company,The Westville Grain Company,State,,[],[8-9071],Approved,1,"193,000",2026,September,9
IL,"Sangamon, IL",BUCKHART,"Ramsey Grain, Inc.","RAMSEY GRAIN, INC.",State,,[],[8-9072],Approved,2,"356,000",2026,September,9
IL,"Sangamon, IL",Rochester,"Ramsey Grain, Inc.","RAMSEY GRAIN, INC.",State,,[],[8-9072],Approved,1,"2,460,000",2026,September,9
OH,"Butler, OH",HAMILTON (COLLINSVILLE),Brubaker Grain Inc.,Brubaker Grain Inc.,State,,[],[8-9075],Approved,3,"1,437,000",2026,September,9
OH,"Montgomery, OH",BROOKVILLE,Brubaker Grain Inc.,Brubaker Grain Inc.,State,,[],[8-9075],Approved,4,"539,000",2026,September,9
OH,"Montgomery, OH",FARMERSVILLE,Brubaker Grain Inc.,Brubaker Grain Inc.,State,,[],[8-9075],Approved,2,"301,000",2026,September,9
OH,"Preble, OH",WEST ALEXANDRIA,Brubaker Grain Inc.,Brubaker Grain Inc.,State,,[],[8-9075],Approved,1,"4,364,000",2026,September,9
OH,"Allen, OH",DELPHOS,"United Equity, Inc.","United Equity, Inc.",State,,[],[8-9088],Approved,2,"449,000",2026,September,9
OH,"Allen, OH",SPENCERVILLE,"United Equity, Inc.","United Equity, Inc.",State,,[],[8-9088],Approved,1,"702,000",2026,September,9
OH,"Mercer, OH",NEPTUNE,"United Equity, Inc.","United Equity, Inc.",State,,[],[8-9088],Approved,3,"496,000",2026,September,9
OH,"Hancock, OH",FOSTORIA,Archer-Daniels-Midland Company,ADM FOSTORIA ELEVATOR,State,,[],[8-9092],Approved,1,,2026,September,9
IL,"McHenry, IL",Marengo,"Schultz Farms & Grain, Inc.","SCHULTZ FARMS & GRAIN, INC.",State,,[],[8-9109],Approved,1,"1,711,000",2026,September,9
IN,"Adams, IN",PETERSON,Peterson Grain Company Inc.,PETERSON GRAIN COMPANY INC,State,,[],[8-9116],Approved,1,,2026,September,9
IL,"Lee, IL",ASHTON,Archer-Daniels-Midland Company,ARCHER-DANIELS-MIDLAND COMPANY,State,,[],[8-9118],Approved,1,"1,509,000",2026,September,9
IL,"Clark, IL",MARTINSVILLE,Effingham Equity,Effingham Equity,State,,[],[8-9126],Approved,5,"768,761",2026,September,9
IL,"Clark, IL",Martinsville,Effingham Equity,Effingham Equity,State,,[],[8-9126],Approved,6,"2,154,400",2026,September,9
IL,"Clark, IL",West Union,Effingham Equity,Effingham Equity,State,,[],[8-9126],Approved,7,"1,830,055",2026,September,9
IL,"Clark, IL",WESTFIELD,Effingham Equity,Effingham Equity,State,,[],[8-9126],Approved,8,"2,122,666",2026,September,9
IL,"Edgar, IL",Horace (Chrisman),Effingham Equity,Effingham Equity,State,,[],[8-9126],Approved,2,"5,147,164",2026,September,9
IL,"Effingham, IL",EFFINGHAM,Effingham Equity,Effingham Equity,State,,[],[8-9126],Approved,1,"4,247,564",2026,September,9
IL,"Shelby, IL",STRASBURG,Effingham Equity,Effingham Equity,State,,[],[8-9126],Approved,4,"1,652,493",2026,September,9
IN,"Dearborn, IN",AURORA,Consolidated Grain and Barge Co.,CGB Elevators,Federal,I - Issued,[3-9257],[8-9128],Approved,2,"1,922,000",2026,September,9
IA,"Henry, IA",MT PLEASANT,"Agri-Center of Henry County, Inc.","AGRI-CENTER OF HENRY COUNTY, INC.",State,,[],[8-9130],Approved,1,"326,000",2026,September,9
IA,"Henry, IA",OLDS,"Agri-Center of Henry County, Inc.","AGRI-CENTER OF HENRY COUNTY, INC.",State,,[],[8-9130],Approved,3,"574,000",2026,September,9
IA,"Henry, IA",TRENTON,"Agri-Center of Henry County, Inc.","AGRI-CENTER OF HENRY COUNTY, INC.",State,,[],[8-9130],Approved,2,"19,000",2026,September,9
IL,"Christian, IL",Stonington,"Stonington Fertilizer, Inc.","Stonington Fertilizer, Inc.",State,,[],[8-9136],Approved,1,"2,455,000",2026,September,9
IL,"Fulton, IL",Canton,"Ag-Land FS, Inc.","AG-LAND FS, INC.",State,,[],[8-9158],Approved,5,"1,262,000",2026,September,9
IL,"Knox, IL",WILLIAMSFIELD,"Ag-Land FS, Inc.","AG-LAND FS, INC.",State,,[],[8-9158],Approved,2,"1,104,000",2026,September,9
IL,"Peoria, IL",Bartonville,"Ag-Land FS, Inc.","AG-LAND FS, INC.",State,,[],[8-9158],Approved,4,"1,215,000",2026,September,9
IL,"Peoria, IL",DUNLAP,"Ag-Land FS, Inc.","AG-LAND FS, INC.",State,,[],[8-9158],Approved,6,"2,090,000",2026,September,9
IL,"Peoria, IL",ELMWOOD,"Ag-Land FS, Inc.","AG-LAND FS, INC.",State,,[],[8-9158],Approved,1,"936,000",2026,September,9
IL,"Peoria, IL",MONICA,"Ag-Land FS, Inc.","AG-LAND FS, INC.",State,,[],[8-9158],Approved,7,"12,516,000",2026,September,9
IL,"Tazewell, IL",GREEN VALLEY,"Ag-Land FS, Inc.","AG-LAND FS, INC.",State,,[],[8-9158],Approved,3,"1,644,000",2026,September,9
IL,"White, IL",ENFIELD,Consolidated Grain and Barge Co.,CGB Elevators,Federal,I - Issued,[3-10191],[8-9163],Approved,10,"1,242,000",2026,September,9
MO,"Morgan, MO",VERSAILLES,MFA Incorporated,MFA Agri Services,State,,[],[8-9166],Approved,5,"25,000",2026,September,9
IL,"Fayette, IL",SHOBONIER,Archer-Daniels-Midland Company,ADM CO DBA TABOR GRAIN CO.,State,,[],[8-9189],Approved,1,"887,000",2026,September,9
IN,"Grant, IN",POINT ISABEL,"Ceres Midland, Inc.","CERES MIDLAND, INC. ELEVATOR",State,,[],[8-9191],Approved,2,,2026,September,9
IN,"Grant, IN",SIMS,"Ceres Midland, Inc.","CERES MIDLAND, INC. ELEVATOR",State,,[],[8-9191],Approved,1,,2026,September,9
IL,"Henderson, IL",Gladstone,Consolidated Grain and Barge Co.,CGB Elevators,Federal,I - Issued,[3-10006],[8-9195],Approved,7,"35,030,000",2026,September,9
IL,"Henderson, IL",Gladstone River,Consolidated Grain and Barge Co.,CGB Elevators,Federal,I - Issued,[3-10006],[8-9195],Approved,8,"1,619,000",2026,September,9
IL,"Henderson, IL",Media,Consolidated Grain and Barge Co.,CGB Elevators,Federal,I - Issued,[3-10006],[8-9195],Approved,3,"3,692,000",2026,September,9
IL,"Henderson, IL",Oquawka,Consolidated Grain and Barge Co.,CGB Elevators,Federal,I - Issued,[3-10006],[8-9195],Approved,9,"1,593,000",2026,September,9
IL,"Mercer, IL",Alexis,Consolidated Grain and Barge Co.,CGB Elevators,Federal,I - Issued,[3-10006],[8-9195],Approved,2,"320,000",2026,September,9
IL,"Warren, IL",Larchland,Consolidated Grain and Barge Co.,CGB Elevators,Federal,I - Issued,[3-10006],[8-9195],Approved,4,"3,783,000",2026,September,9
IL,"Warren, IL",Little York,Consolidated Grain and Barge Co.,CGB Elevators,Federal,I - Issued,[3-10006],[8-9195],Approved,6,"4,013,000",2026,September,9
IL,"Warren, IL",Smithshire,Consolidated Grain and Barge Co.,CGB Elevators,Federal,I - Issued,[3-10006],[8-9195],Approved,1,"1,215,000",2026,September,9
IL,"Warren, IL",Yorkwood,Consolidated Grain and Barge Co.,CGB Elevators,Federal,I - Issued,[3-10006],[8-9195],Approved,5,"3,592,000",2026,September,9
IA,"Cedar, IA",Lowden,Rex Feed and Elevator Co.,Rex Feed and Elevator Co.,State,,[],[8-9203],Approved,1,"560,000",2026,September,9
OH,"Van Wert, OH",Scott,Scott Equity Exchange Company,SCOTT EQUITY EXCHANGE COMPANY,State,,[],[8-9206],Approved,2,"2,029,000",2026,September,9
OH,"Van Wert, OH",VAN WERT,Scott Equity Exchange Company,SCOTT EQUITY EXCHANGE COMPANY,State,,[],[8-9206],Approved,1,"1,615,000",2026,September,9
IA,"Clayton, IA",Garnavillo,"Garnavillo Mill, Inc.","Garnavillo Mill, Inc.",State,,[],[8-9208],Approved,1,"831,000",2026,September,9
IL,"Coles, IL",Mattoon,Farmers Grain Company of Dorans,Farmers Grain Company of Dorans,State,,[],[8-9210],Approved,1,"4,596,000",2026,September,9
IL,"Richland, IL",OLNEY,Consolidated Grain and Barge Co.,CGB Elevators,Federal,I - Issued,[3-10191],[8-9214],Approved,11,"3,836,000",2026,September,9
IL,"Champaign, IL",HOMER,Consolidated Grain and Barge Co.,Consolidated Grain and Barge Company Terminal,Federal,I - Issued,[3-8045],[8-9217],Approved,14,"6,814,000",2026,September,9
IL,"Effingham, IL",EDGEWOOD,Archer-Daniels-Midland Company,Tabor Grain Co.,State,,[],[8-9218],Approved,2,"909,000",2026,September,9
IL,"Fayette, IL",FARINA,Archer-Daniels-Midland Company,Tabor Grain Co.,State,,[],[8-9218],Approved,1,"10,947,000",2026,September,9
IL,"Fayette, IL",ST PETER,Archer-Daniels-Midland Company,Tabor Grain Co.,State,,[],[8-9218],Approved,3,"1,027,000",2026,September,9
IA,"Decatur, IA",Leon,"Smith Feeder Supply, Inc.","SMITH FEEDER SUPPLY, INC.",State,,[],[8-9224],Approved,1,"520,000",2026,September,9
IA,"Wright, IA",EAGLE GROVE,Ag Processing Inc a Cooperative,AGP Elevator,Federal,I - Issued,[3-7807],[8-9232],Approved,1,"3,155,000",2026,September,9
IL,"Crawford, IL",Flat Rock,"Mont Eagle Mills, Inc.","Mont Eagle Mills, Inc.",State,,[],[8-9254],Approved,6,"401,741",2026,September,9
IL,"Crawford, IL",OBLONG,"Mont Eagle Mills, Inc.","Mont Eagle Mills, Inc.",State,,[],[8-9254],Approved,3,"461,030",2026,September,9
IL,"Crawford, IL",Oblong (East),"Mont Eagle Mills, Inc.","Mont Eagle Mills, Inc.",State,,[],[8-9254],Approved,1,"815,435",2026,September,9
IL,"Crawford, IL",Oblong (West),"Mont Eagle Mills, Inc.","Mont Eagle Mills, Inc.",State,,[],[8-9254],Approved,4,"2,406,134",2026,September,9
IL,"Crawford, IL",Palestine,"Mont Eagle Mills, Inc.","Mont Eagle Mills, Inc.",State,,[],[8-9254],Approved,7,"2,414,360",2026,September,9
IL,"Jasper, IL",St. Marie (North),"Mont Eagle Mills, Inc.","Mont Eagle Mills, Inc.",State,,[],[8-9254],Approved,2,"563,385",2026,September,9
IL,"Jasper, IL",St. Marie (South),"Mont Eagle Mills, Inc.","Mont Eagle Mills, Inc.",State,,[],[8-9254],Approved,5,"1,049,209",2026,September,9
IL,"Lee, IL",DIXON,Consolidated Grain and Barge Co.,Consolidated Grain and Barge Company Terminal,Federal,I - Issued,[3-8045],[8-9255],Approved,6,"2,833,000",2026,September,9
OH,"Hamilton, OH",NORTH BEND,Consolidated Grain and Barge Co.,CGB Elevators,Federal,I - Issued,[3-9257],[8-9258],Approved,4,"112,000",2026,September,9
IA,"Van Buren, IA",KEOSAUQUA,The Tri-County Grain Corporation,THE TRI-COUNTY GRAIN CORPORATION,State,,[],[8-9259],Approved,2,"62,000",2026,September,9
IA,"Wapello, IA",CHILLICOTHE,The Tri-County Grain Corporation,THE TRI-COUNTY GRAIN CORPORATION,State,,[],[8-9259],Approved,3,"73,000",2026,September,9
IA,"Wapello, IA",ELDON,The Tri-County Grain Corporation,THE TRI-COUNTY GRAIN CORPORATION,State,,[],[8-9259],Approved,4,"641,000",2026,September,9
IA,"Wapello, IA",RURAL ELDON,The Tri-County Grain Corporation,THE TRI-COUNTY GRAIN CORPORATION,State,,[],[8-9259],Approved,1,"152,000",2026,September,9
IA,"Bremer, IA",BREMER,Farmers Win Cooperative,Farmers Win Elevator,Federal,I - Issued,[3-10078],[8-9264],Approved,8,"949,000",2026,September,9
IA,"Bremer, IA",SUMNER,Farmers Win Cooperative,Farmers Win Elevator,Federal,I - Issued,[3-10078],[8-9264],Approved,10,"368,000",2026,September,9
IA,"Chickasaw, IA",FREDERICKSBURG,Farmers Win Cooperative,Farmers Win Elevator,Federal,I - Issued,[3-10078],[8-9264],Approved,6,"2,014,000",2026,September,9
IA,"Fayette, IA",HAWKEYE,Farmers Win Cooperative,Farmers Win Elevator,Federal,I - Issued,[3-10078],[8-9264],Approved,9,"2,218,000",2026,September,9
IA,"Howard, IA",CRESCO,Farmers Win Cooperative,Farmers Win Elevator,Federal,I - Issued,[3-10078],[8-9264],Approved,3,"1,884,000",2026,September,9
IA,"Howard, IA",FLORENCEVILLE,Farmers Win Cooperative,Farmers Win Elevator,Federal,I - Issued,[3-10078],[8-9264],Approved,4,"970,000",2026,September,9
IA,"Winneshiek, IA",RIDGEWAY,Farmers Win Cooperative,Farmers Win Elevator,Federal,I - Issued,[3-10078],[8-9264],Approved,2,"1,698,000",2026,September,9
MN,"Fillmore, MN",MABEL,Farmers Win Cooperative,Farmers Win Elevator,Federal,I - Issued,[3-10078],[8-9264],Approved,5,"2,524,000",2026,September,9
MN,"Fillmore, MN",RUSHFORD,Farmers Win Cooperative,Farmers Win Elevator,Federal,I - Issued,[3-10078],[8-9264],Approved,11,"2,183,000",2026,September,9
MN,"Houston, MN",HOUSTON,Farmers Win Cooperative,Farmers Win Elevator,Federal,I - Issued,[3-10078],[8-9264],Approved,12,"881,000",2026,September,9
MN,"Houston, MN",SPRING GROVE,Farmers Win Cooperative,Farmers Win Elevator,Federal,I - Issued,[3-10078],[8-9264],Approved,13,"731,000",2026,September,9
OH,"Allen, OH",Beaverdam,"Pandora Grain and Supply, Inc.","Pandora Grain and Supply, Inc.",State,,[],[8-9296],Approved,1,"2,896,000",2026,September,9
OH,"Allen, OH",Bluffton,"Pandora Grain and Supply, Inc.","Pandora Grain and Supply, Inc.",State,,[],[8-9296],Approved,3,"459,000",2026,September,9
OH,"Putnam, OH",Pandora,"Pandora Grain and Supply, Inc.","Pandora Grain and Supply, Inc.",State,,[],[8-9296],Approved,2,"974,000",2026,September,9
IL,"St. Clair, IL",BELLEVILLE,St Clair Service Company,ST CLAIR SERVICE COMPANY,State,,[],[8-9303],Approved,1,"265,000",2026,September,9
IL,"St. Clair, IL",NEW ATHENS,St Clair Service Company,ST CLAIR SERVICE COMPANY,State,,[],[8-9303],Approved,2,"901,000",2026,September,9
IL,"St. Clair, IL",SUMMERFIELD,St Clair Service Company,ST CLAIR SERVICE COMPANY,State,,[],[8-9303],Approved,3,"182,000",2026,September,9
MO,"Clinton, MO",PLATTSBURG,"United Cooperatives, Inc.",UNITED COOPERATIVES ELEVATOR,Federal,I - Issued,[3-8336],[8-9314],Approved,1,"252,000",2026,September,9
MO,"De Kalb, MO",OSBORN,"United Cooperatives, Inc.",UNITED COOPERATIVES ELEVATOR,Federal,I - Issued,[3-8336],[8-9314],Approved,2,"277,000",2026,September,9
IL,"Sangamon, IL",SPRINGFIELD,"Bradfordton Co-operative Association, Inc.",BRADFORDTON CO-OPERATIVE ASSOCIATION INC.,State,,[],[8-9326],Approved,1,"568,000",2026,September,9
IL,"Sangamon, IL",Springfield,"Bradfordton Co-operative Association, Inc.",BRADFORDTON CO-OPERATIVE ASSOCIATION INC.,State,,[],[8-9326],Approved,2,"904,000",2026,September,9
IL,"Livingston, IL",Dwight,"Dwight Ag-Products, Inc.","DWIGHT AG-PRODUCTS, INC.",State,,[],[8-9330],Approved,1,"407,000",2026,September,9
IA,"Emmet, IA",Armstrong,StateLine Cooperative,StateLine Cooperative,State,,[],[8-9336],Approved,8,"1,474,000",2026,September,9
IA,"Emmet, IA",Armstrong (Halfa),StateLine Cooperative,StateLine Cooperative,State,,[],[8-9336],Approved,9,"773,000",2026,September,9
IA,"Emmet, IA",Ringstead,StateLine Cooperative,StateLine Cooperative,State,,[],[8-9336],Approved,7,"1,978,000",2026,September,9
IA,"Kossuth, IA",Bancroft,StateLine Cooperative,StateLine Cooperative,State,,[],[8-9336],Approved,4,"385,000",2026,September,9
IA,"Kossuth, IA",Burt,StateLine Cooperative,StateLine Cooperative,State,,[],[8-9336],Approved,1,"2,709,000",2026,September,9
IA,"Kossuth, IA",BURT(SOUTH),StateLine Cooperative,StateLine Cooperative,State,,[],[8-9336],Approved,5,"604,000",2026,September,9
IA,"Kossuth, IA",Fenton,StateLine Cooperative,StateLine Cooperative,State,,[],[8-9336],Approved,6,"822,000",2026,September,9
IA,"Kossuth, IA",Lakota,StateLine Cooperative,StateLine Cooperative,State,,[],[8-9336],Approved,10,"1,475,000",2026,September,9
IA,"Kossuth, IA",Ledyard,StateLine Cooperative,StateLine Cooperative,State,,[],[8-9336],Approved,2,"2,995,000",2026,September,9
IA,"Kossuth, IA",Lone Rock,StateLine Cooperative,StateLine Cooperative,State,,[],[8-9336],Approved,3,"857,000",2026,September,9
IA,"Kossuth, IA",Swea City,StateLine Cooperative,StateLine Cooperative,State,,[],[8-9336],Approved,12,"2,133,000",2026,September,9
IA,"Palo Alto, IA",Cylinder,StateLine Cooperative,StateLine Cooperative,State,,[],[8-9336],Approved,13,"2,534,000",2026,September,9
IA,"Carroll, IA",Carroll (Maple River),"Koster Grain, Inc.","Koster Grain, Inc.",State,,[],[8-9345],Approved,1,"480,000",2026,September,9
IA,"Monona, IA",Rodney,"Koster Grain, Inc.","Koster Grain, Inc.",State,,[],[8-9345],Approved,4,"1,124,000",2026,September,9
IA,"Sac, IA",Wall Lake,"Koster Grain, Inc.","Koster Grain, Inc.",State,,[],[8-9345],Approved,2,"492,000",2026,September,9
MO,"Cape Girardeau, MO",CAPE GIRARDEAU,Consolidated Grain and Barge Co.,CGB Elevators,Federal,I - Issued,[3-10191],[8-9348],Approved,3,"132,000",2026,September,9
MO,"Cape Girardeau, MO",SCOTT CITY,Consolidated Grain and Barge Co.,CGB Elevators,Federal,I - Issued,[3-10191],[8-9348],Approved,6,"1,426,000",2026,September,9
IL,"Ogle, IL",FLAGG,Consolidated Grain and Barge Co.,Consolidated Grain and Barge Company Terminal,Federal,I - Issued,[3-8045],[8-9351],Approved,9,"2,128,000",2026,September,9
MO,"St. Charles, MO",ST PETERS,The Farmers Co-operative Elevator Association of St. Peters,The Farmers Co-Operative Elevator  Association of St. Peters,State,,[],[8-9353],Approved,1,"206,000",2026,September,9
IL,"De Kalb, IL",CLARE,"Maplehurst Farms, Inc.","MAPLEHURST, FARMS INC",State,,[],[8-9363],Approved,7,"554,000",2026,September,9
IL,"Lee, IL",AMBOY,"Maplehurst Farms, Inc.","MAPLEHURST, FARMS INC",State,,[],[8-9363],Approved,9,"3,374,000",2026,September,9
IL,"Lee, IL",LEE CENTER,"Maplehurst Farms, Inc.","MAPLEHURST, FARMS INC",State,,[],[8-9363],Approved,10,"277,000",2026,September,9
IL,"Lee, IL",SCARBORO,"Maplehurst Farms, Inc.","MAPLEHURST, FARMS INC",State,,[],[8-9363],Approved,8,"2,848,000",2026,September,9
IL,"Ogle, IL",DAVIS JUNCTION,"Maplehurst Farms, Inc.","MAPLEHURST, FARMS INC",State,,[],[8-9363],Approved,4,"687,000",2026,September,9
IL,"Ogle, IL",ESMOND,"Maplehurst Farms, Inc.","MAPLEHURST, FARMS INC",State,,[],[8-9363],Approved,6,"3,637,000",2026,September,9
IL,"Ogle, IL",KINGS,"Maplehurst Farms, Inc.","MAPLEHURST, FARMS INC",State,,[],[8-9363],Approved,5,"554,000",2026,September,9
IL,"Ogle, IL",LINDENWOOD,"Maplehurst Farms, Inc.","MAPLEHURST, FARMS INC",State,,[],[8-9363],Approved,2,"2,290,000",2026,September,9
IL,"Ogle, IL",Rochelle,"Maplehurst Farms, Inc.","MAPLEHURST, FARMS INC",State,,[],[8-9363],Approved,1,"5,662,000",2026,September,9
IL,"Winnebago, IL",Cherry Valley,"Maplehurst Farms, Inc.","MAPLEHURST, FARMS INC",State,,[],[8-9363],Approved,3,"2,288,000",2026,September,9
IA,"Sioux, IA",HULL,"Hull Feed and Produce, Inc.",HULL FEED AND PRODUCE ELEVATOR,Federal,I - Issued,[3-7871],[8-9390],Approved,1,"798,000",2026,September,9
IA,"Adams, IA",NODAWAY,"Nodaway Elevator, Inc.",NODAWAY ELEVATOR,Federal,I - Issued,[3-6231],[8-9401],Approved,1,"786,000",2026,September,9
IL,"Ford, IL",GIBSON CITY,"Cargill, Incorporated",Cargill ER Elevators,Federal,I - Issued,[3-10088],[8-9410],Approved,8,"10,135,000",2026,September,9
IA,"Washington, IA",Riverside,"Riverside Grain & Feed Company, Inc.","RIVERSIDE GRAIN & FEED CO., INC.",State,,[],[8-9413],Approved,1,"431,000",2026,September,9
IL,"Mercer, IL",Aledo,"Big River Resources West Burlington, LLC","Big River Resources West Burlington, LLC",State,,[],[8-9416],Approved,6,"4,927,000",2026,September,9
IL,"Rock Island, IL",TAYLOR RIDGE,"Big River Resources West Burlington, LLC","Big River Resources West Burlington, LLC",State,,[],[8-9416],Approved,5,"5,940,000",2026,September,9
IL,,BUDA,"FS Grain, LLC","FS GRAIN, LLC",State,,[],[8-9421],Approved,5,"2,835,000",2026,September,9
IL,,SYCAMORE,"FS Grain, LLC","FS GRAIN, LLC",State,,[],[8-9421],Approved,15,"1,524,000",2026,September,9
IL,"Bureau, IL",OHIO,"FS Grain, LLC","FS GRAIN, LLC",State,,[],[8-9421],Approved,11,"3,157,000",2026,September,9
IL,"Carroll, IL",SHANNON,"FS Grain, LLC","FS GRAIN, LLC",State,,[],[8-9421],Approved,14,0,2026,September,9
IL,"De Kalb, IL",Rochelle,"FS Grain, LLC","FS GRAIN, LLC",State,,[],[8-9421],Approved,22,"3,210,000",2026,September,9
IL,"Grundy, IL",WEST MAZON,"FS Grain, LLC","FS GRAIN, LLC",State,,[],[8-9421],Approved,16,"2,589,000",2026,September,9
IL,"Kankakee, IL",BOURBONNAIS,"FS Grain, LLC","FS GRAIN, LLC",State,,[],[8-9421],Approved,1,"3,087,000",2026,September,9
IL,"Kankakee, IL",KANKAKEE,"FS Grain, LLC","FS GRAIN, LLC",State,,[],[8-9421],Approved,2,"618,000",2026,September,9
IL,"Kankakee, IL",Kankakee,"FS Grain, LLC","FS GRAIN, LLC",State,,[],[8-9421],Approved,8,"3,267,000",2026,September,9
IL,"Kankakee, IL",ST ANNE,"FS Grain, LLC","FS GRAIN, LLC",State,,[],[8-9421],Approved,3,"2,584,000",2026,September,9
IL,"Kendall, IL",Newark,"FS Grain, LLC","FS GRAIN, LLC",State,,[],[8-9421],Approved,18,"423,000",2026,September,9
IL,"Kendall, IL",NEWARK,"FS Grain, LLC","FS GRAIN, LLC",State,,[],[8-9421],Approved,9,"3,645,000",2026,September,9
IL,"La Salle, IL",Grand Ridge,"FS Grain, LLC","FS GRAIN, LLC",State,,[],[8-9421],Approved,6,"547,000",2026,September,9
IL,"La Salle, IL",MENDOTA,"FS Grain, LLC","FS GRAIN, LLC",State,,[],[8-9421],Approved,20,"1,753,000",2026,September,9
IL,"La Salle, IL",RANSOM,"FS Grain, LLC","FS GRAIN, LLC",State,,[],[8-9421],Approved,13,"3,464,000",2026,September,9
IL,"La Salle, IL",SERENA,"FS Grain, LLC","FS GRAIN, LLC",State,,[],[8-9421],Approved,19,"992,000",2026,September,9
IL,"Lee, IL",AMBOY,"FS Grain, LLC","FS GRAIN, LLC",State,,[],[8-9421],Approved,21,"1,861,000",2026,September,9
IL,"Lee, IL",ASHTON,"FS Grain, LLC","FS GRAIN, LLC",State,,[],[8-9421],Approved,17,"1,509,000",2026,September,9
IL,"Lee, IL",Harmon,"FS Grain, LLC","FS GRAIN, LLC",State,,[],[8-9421],Approved,7,"4,095,000",2026,September,9
IL,"Livingston, IL",ODELL,"FS Grain, LLC","FS GRAIN, LLC",State,,[],[8-9421],Approved,10,"525,000",2026,September,9
IL,"Ogle, IL",POLO,"FS Grain, LLC","FS GRAIN, LLC",State,,[],[8-9421],Approved,12,"1,974,000",2026,September,9
IL,"Will, IL",BEECHER,"FS Grain, LLC","FS GRAIN, LLC",State,,[],[8-9421],Approved,4,"190,000",2026,September,9
IL,"Fulton, IL",AVON,"Berwick Grain Company, Inc.",BERWICK ELEVATOR,Federal,I - Issued,[3-8816],[8-9424],Approved,2,"323,000",2026,September,9
IL,"Warren, IL",BERWICK,"Berwick Grain Company, Inc.",BERWICK ELEVATOR,Federal,I - Issued,[3-8816],[8-9424],Approved,1,"1,422,000",2026,September,9
IL,"Mercer, IL",Joy,"Big River Resources West Burlington, LLC","Big River Resources West Burlington, LLC",State,,[],[8-9426],Approved,4,"1,050,000",2026,September,9
IL,"Warren, IL",Monmouth,"Big River Resources West Burlington, LLC","Big River Resources West Burlington, LLC",State,,[],[8-9426],Approved,1,"6,222,000",2026,September,9
IL,"Warren, IL",Monmouth,"Big River Resources West Burlington, LLC","Big River Resources West Burlington, LLC",State,,[],[8-9426],Approved,2,"685,000",2026,September,9
IL,"Warren, IL",Monmouth,"Big River Resources West Burlington, LLC","Big River Resources West Burlington, LLC",State,,[],[8-9426],Approved,3,"1,090,000",2026,September,9
IL,"Ogle, IL",CRESTON,Archer-Daniels-Midland Company,ARCHER-DANIELS-MIDLAND COMPANY,State,,[],[8-9427],Approved,2,"2,909,000",2026,September,9
IL,"Winnebago, IL",SEWARD,Archer-Daniels-Midland Company,ARCHER-DANIELS-MIDLAND COMPANY,State,,[],[8-9427],Approved,1,"3,344,000",2026,September,9
IL,"Hancock, IL",LAHARPE,"Roquette America, Inc.","ROQUETTE AMERICA, INC.",State,,[],[8-9437],Approved,2,"760,000",2026,September,9
IL,"McDonough, IL",BLANDINSVILLE,"Roquette America, Inc.","ROQUETTE AMERICA, INC.",State,,[],[8-9437],Approved,1,"1,280,000",2026,September,9
IN,"Shelby, IN",SHELBYVILLE,"Shelby Farm Supply, Inc.","SHELBY FARM SUPPLY, INC.",State,,[],[8-9463],Approved,1,,2026,September,9
OH,"Fayette, OH",BLOOMINGBURG,"Cargill, Incorporated",Cargill ER Elevators,Federal,I - Issued,[3-10088],[8-9465],Approved,21,"6,202,000",2026,September,9
OH,"Hamilton, OH",CINCINNATI,"Cargill, Incorporated",Cargill ER Elevators,Federal,I - Issued,[3-10088],[8-9466],Approved,22,"422,000",2026,September,9
OH,"Hamilton, OH",CINCINNATI RR,"Cargill, Incorporated",Cargill ER Elevators,Federal,I - Issued,[3-10088],[8-9466],Approved,23,"440,000",2026,September,9
OH,"Fulton, OH",Archbold,"Gerald Grain Center, Inc.","Gerald Grain Center, Inc.",State,,[],[8-9519],Approved,6,"1,353,000",2026,September,9
OH,"Fulton, OH",Napoleon (Wauseon-Agronomy),"Gerald Grain Center, Inc.","Gerald Grain Center, Inc.",State,,[],[8-9519],Approved,7,"214,000",2026,September,9
OH,"Fulton, OH",Wauseon,"Gerald Grain Center, Inc.","Gerald Grain Center, Inc.",State,,[],[8-9519],Approved,3,"2,247,000",2026,September,9
OH,"Fulton, OH",Wauseon (Delta),"Gerald Grain Center, Inc.","Gerald Grain Center, Inc.",State,,[],[8-9519],Approved,8,"5,383,000",2026,September,9
OH,"Henry, OH",Hamler,"Gerald Grain Center, Inc.","Gerald Grain Center, Inc.",State,,[],[8-9519],Approved,4,"1,743,000",2026,September,9
OH,"Henry, OH",HAMLER RR,"Gerald Grain Center, Inc.","Gerald Grain Center, Inc.",State,,[],[8-9519],Approved,5,"1,905,000",2026,September,9
OH,"Henry, OH",Liberty Center,"Gerald Grain Center, Inc.","Gerald Grain Center, Inc.",State,,[],[8-9519],Approved,1,"1,087,000",2026,September,9
OH,"Henry, OH",Napoleon (Gerald),"Gerald Grain Center, Inc.","Gerald Grain Center, Inc.",State,,[],[8-9519],Approved,2,"1,554,000",2026,September,9
OH,"Putnam, OH",GLANDORF,"Gerald Grain Center, Inc.","Gerald Grain Center, Inc.",State,,[],[8-9519],Approved,9,"595,000",2026,September,9
OH,"Putnam, OH",OTTAWA,"Gerald Grain Center, Inc.","Gerald Grain Center, Inc.",State,,[],[8-9519],Approved,10,"705,000",2026,September,9
IL,"Macoupin, IL",SCOTTVILLE,"Franklin Elevator, Inc.","FRANKLIN ELEVATOR, INC.",State,,[],[8-9556],Approved,3,"906,000",2026,September,9
IL,"Morgan, IL",FRANKLIN,"Franklin Elevator, Inc.","FRANKLIN ELEVATOR, INC.",State,,[],[8-9556],Approved,1,"3,106,000",2026,September,9
IL,"Morgan, IL",Jacksonville,"Franklin Elevator, Inc.","FRANKLIN ELEVATOR, INC.",State,,[],[8-9556],Approved,2,"1,040,000",2026,September,9
IA,"Shelby, IA",HARLAN,"Nelson Farm Supply, Inc.","Nelson Farm Supply, Inc.",State,,[],[8-9564],Approved,1,"152,000",2026,September,9
IA,"Plymouth, IA",Craig,"Farmers Cooperative Company (Craig, IA)",FARMERS ELEVATOR,Federal,I - Issued,[3-6952],[8-9567],Approved,1,"5,729,000",2026,September,9
IN,"Delaware, IN",OAKVILLE,"The Andersons, Inc.","THE ANDERSONS, INC.",State,,[],[8-9593],Approved,2,,2026,September,9
IN,"Jay, IN",DUNKIRK,"The Andersons, Inc.","THE ANDERSONS, INC.",State,,[],[8-9593],Approved,1,,2026,September,9
IN,"Kosciusko, IN",LEESBURG,Deatsman Grain Farms,DEATSMAN GRAIN FARMS,State,,[],[8-9600],Approved,1,,2026,September,9
IL,"Stephenson, IL",BAILEYVILLE,"Pearl City Elevator, Inc.","PEARL CITY ELEVATOR, INC.",State,,[],[8-9602],Approved,2,"1,555,000",2026,September,9
IL,"Stephenson, IL",LENA,"Pearl City Elevator, Inc.","PEARL CITY ELEVATOR, INC.",State,,[],[8-9602],Approved,3,"2,868,000",2026,September,9
IL,"Stephenson, IL",Pearl City,"Pearl City Elevator, Inc.","PEARL CITY ELEVATOR, INC.",State,,[],[8-9602],Approved,1,"1,155,000",2026,September,9
IL,"Boone, IL",BELVIDERE,"Central Commodities, Ltd.",Central Grain Co. Elevator,Federal,I - Issued,[3-6159],[8-9613],Approved,1,"7,577,000",2026,September,9
IN,"White, IN",WOLCOTT,The Farmers Cooperative Company,The Farmers Cooperative Company,State,,[],[8-9639],Approved,1,,2026,September,9
IA,"Adair, IA",Fontanelle,21st Century Cooperative,21st Century Co-Op Elevators,Federal,I - Issued,[3-6772],[8-9669],Approved,3,"2,282,000",2026,September,9
IA,"Adair, IA",Greenfield,21st Century Cooperative,21st Century Co-Op Elevators,Federal,I - Issued,[3-6772],[8-9669],Approved,4,"1,359,000",2026,September,9
IA,"Cass, IA",Cumberland,21st Century Cooperative,21st Century Co-Op Elevators,Federal,I - Issued,[3-6772],[8-9669],Approved,1,"1,567,000",2026,September,9
IA,"Cass, IA",Cumberland,21st Century Cooperative,21st Century Co-Op Elevators,Federal,I - Issued,[3-6772],[8-9669],Approved,5,"932,000",2026,September,9
IA,"Cass, IA",Massena,21st Century Cooperative,21st Century Co-Op Elevators,Federal,I - Issued,[3-6772],[8-9669],Approved,2,"743,000",2026,September,9
IL,"Vermilion, IL",HOOPESTON,Archer-Daniels-Midland Company,ADM GRAIN COMPANY-HOOPESTON ELEVATOR,Federal,I - Issued,[3-9892],[8-9680],Approved,1,"6,463,000",2026,September,9
IA,"Chickasaw, IA",LAWLER,"Come and Save Here, Inc.","Come and Save Here, Inc.",State,,[],[8-9695],Approved,1,"1,357,000",2026,September,9
IA,"Washington, IA",WELLMAN,Wellman Produce Co.,Wellman Produce Co.,State,,[],[8-9699],Approved,1,"1,643,000",2026,September,9
IA,"Washington, IA",WEST CHESTER,Exporter Elevator Co.,EXPORTER ELEVATOR COMPANY,State,,[],[8-9702],Approved,1,"536,000",2026,September,9
NM,"Curry, NM",MELROSE,"Melrose Grain & Elevator Co., Inc.",MELROSE ELEVATOR,Federal,I - Issued,[3-4959],[8-9734],Approved,1,"882,000",2026,September,9
IN,"Pike, IN",WINSLOW,Archer-Daniels-Midland Company,ADM GROWMARK @ EVANSVILLE,State,,[],[8-9742],Approved,4,,2026,September,9
IN,"Spencer, IN",ROCKPORT,Archer-Daniels-Midland Company,ADM GROWMARK @ EVANSVILLE,State,,[],[8-9742],Approved,3,,2026,September,9
IN,"Vanderburgh, IN",EVANSVILLE,Archer-Daniels-Midland Company,ADM GROWMARK @ EVANSVILLE,State,,[],[8-9742],Approved,1,,2026,September,9
IN,"Warrick, IN",NEWBURG,Archer-Daniels-Midland Company,ADM GROWMARK @ EVANSVILLE,State,,[],[8-9742],Approved,2,,2026,September,9
IL,"La Salle, IL",Blackstone,Ruff Brothers Grain Company,RUFF BROTHERS GRAIN COMPANY,State,,[],[8-9744],Approved,13,"1,560,000",2026,September,9
IL,"La Salle, IL",LEONORE,Ruff Brothers Grain Company,RUFF BROTHERS GRAIN COMPANY,State,,[],[8-9744],Approved,6,"3,551,000",2026,September,9
IL,"La Salle, IL",LOSTANT,Ruff Brothers Grain Company,RUFF BROTHERS GRAIN COMPANY,State,,[],[8-9744],Approved,7,"1,294,000",2026,September,9
IL,"La Salle, IL",RUTLAND,Ruff Brothers Grain Company,RUFF BROTHERS GRAIN COMPANY,State,,[],[8-9744],Approved,4,"1,822,000",2026,September,9
IL,"La Salle, IL",Wenona,Ruff Brothers Grain Company,RUFF BROTHERS GRAIN COMPANY,State,,[],[8-9744],Approved,15,"1,622,000",2026,September,9
IL,"Livingston, IL",Ancona,Ruff Brothers Grain Company,RUFF BROTHERS GRAIN COMPANY,State,,[],[8-9744],Approved,12,"2,029,000",2026,September,9
IL,"Livingston, IL",BLACKSTONE,Ruff Brothers Grain Company,RUFF BROTHERS GRAIN COMPANY,State,,[],[8-9744],Approved,14,"2,226,000",2026,September,9
IL,"Livingston, IL",LONG POINT,Ruff Brothers Grain Company,RUFF BROTHERS GRAIN COMPANY,State,,[],[8-9744],Approved,2,"2,406,000",2026,September,9
IL,"Marshall, IL",TOLUCA,Ruff Brothers Grain Company,RUFF BROTHERS GRAIN COMPANY,State,,[],[8-9744],Approved,1,"3,762,000",2026,September,9
IL,"Marshall, IL",WENONA,Ruff Brothers Grain Company,RUFF BROTHERS GRAIN COMPANY,State,,[],[8-9744],Approved,9,"1,130,000",2026,September,9
IL,"Marshall, IL",WENONA,Ruff Brothers Grain Company,RUFF BROTHERS GRAIN COMPANY,State,,[],[8-9744],Approved,10,"1,033,000",2026,September,9
IL,"McLean, IL",GRIDLEY,Ruff Brothers Grain Company,RUFF BROTHERS GRAIN COMPANY,State,,[],[8-9744],Approved,11,"3,968,000",2026,September,9
IL,"Woodford, IL",LOWPOINT,Ruff Brothers Grain Company,RUFF BROTHERS GRAIN COMPANY,State,,[],[8-9744],Approved,8,"1,573,000",2026,September,9
IL,"Woodford, IL",Minonk,Ruff Brothers Grain Company,RUFF BROTHERS GRAIN COMPANY,State,,[],[8-9744],Approved,3,"1,401,000",2026,September,9
IL,"Woodford, IL",Minonk,Ruff Brothers Grain Company,RUFF BROTHERS GRAIN COMPANY,State,,[],[8-9744],Approved,5,"2,792,000",2026,September,9
IN,"Montgomery, IN",HAW CREEK,"Bunge USA Grain, LLC",Bunge Indiana Elevators,Federal,I - Issued,[3-9859],[8-9805],Approved,1,"6,095,000",2026,September,9
IN,"Putnam, IN",ROACHDALE,"Bunge USA Grain, LLC",Bunge Indiana Elevators,Federal,I - Issued,[3-9859],[8-9805],Approved,2,"3,181,000",2026,September,9
IN,"Sullivan, IN",SHELBURN,"Bunge USA Grain, LLC",Bunge Indiana Elevators,Federal,I - Issued,[3-9859],[8-9805],Approved,5,"4,397,000",2026,September,9
IN,"Vigo, IN",TERRE HAUTE,"Bunge USA Grain, LLC",Bunge Indiana Elevators,Federal,I - Issued,[3-9859],[8-9805],Approved,3,"2,963,000",2026,September,9
IN,"Randolph, IN",RIDGEVILLE,Stone Station Elevator Incorporated,STONE STATION ELEVATOR INCORPORATED,State,,[],[8-9820],Approved,2,,2026,September,9
IN,"Randolph, IN",WINCHESTER,Stone Station Elevator Incorporated,STONE STATION ELEVATOR INCORPORATED,State,,[],[8-9820],Approved,1,,2026,September,9
IN,"Allen, IN",YODER,"Yoder Grain, Inc.","YODER GRAIN, INC.",State,,[],[8-9839],Approved,1,,2026,September,9
IA,"Linn, IA",ALBURNETT,Linn Cooperative Oil Company,LINN COOPERATIVE OIL CO,State,,[],[8-9850],Approved,1,"1,104,000",2026,September,9
IA,"Linn, IA",SPRINGVILLE,Linn Cooperative Oil Company,LINN COOPERATIVE OIL CO,State,,[],[8-9850],Approved,2,"582,000",2026,September,9
IA,"Dallas, IA",BOONEVILLE,Heartland Co-op,HEARTLAND COOP,State,,[],[8-9860],Approved,1,"2,217,000",2026,September,9
IA,"Dallas, IA",DEXTER,Heartland Co-op,HEARTLAND COOP,State,,[],[8-9860],Approved,2,"2,820,000",2026,September,9
IA,"Hamilton, IA",RANDALL,Heartland Co-op,HEARTLAND COOP,State,,[],[8-9860],Approved,4,"2,579,000",2026,September,9
IA,"Jasper, IA",KELLOGG,Heartland Co-op,HEARTLAND COOP,State,,[],[8-9860],Approved,3,"5,303,000",2026,September,9
IA,"Madison, IA",EARLHAM,Heartland Co-op,HEARTLAND COOP,State,,[],[8-9860],Approved,7,"3,822,000",2026,September,9
IA,"Polk, IA",MITCHELLVILLE,Heartland Co-op,HEARTLAND COOP,State,,[],[8-9860],Approved,5,"992,000",2026,September,9
IA,"Poweshiek, IA",Malcolm,Heartland Co-op,HEARTLAND COOP,State,,[],[8-9860],Approved,6,"4,533,000",2026,September,9
IA,"Carroll, IA",Breda,"Breda Feed & Grain, Inc.","Breda Feed & Grain, Inc.",State,,[],[8-9864],Approved,1,"488,000",2026,September,9
IL,"Mason, IL",HAVANA,"Cargill, Incorporated",CARGILL SRR ELEVATORS,Federal,I - Issued,[3-10089],[8-9889],Approved,3,"4,286,000",2026,September,9
IL,"Bureau, IL",SPRING VALLEY,"Cargill, Incorporated",Cargill NRR Elevators,Federal,I - Issued,[3-10090],[8-9897],Approved,10,"1,433,000",2026,September,9
IL,"Morgan, IL",MEREDOSIA,"Cargill, Incorporated",CARGILL SRR ELEVATORS,Federal,I - Issued,[3-10089],[8-9899],Approved,4,"2,172,000",2026,September,9
IA,"Allamakee, IA",WAUKON,"Waukon Feed Ranch, Inc.","WAUKON FEED RANCH, INC.",State,,[],[8-9932],Approved,1,"4,053,000",2026,September,9
IA,"Allamakee, IA",WAUKON,"Welch, INC","WELCH,  INC.",State,,[],[8-9956],Approved,1,"172,000",2026,September,9
IA,"Woodbury, IA",PORT NEAL,Ag Processing Inc a Cooperative,AGP Elevator,Federal,I - Issued,[3-7892],[8-9988],Approved,1,"5,525,000",2026,September,9
IN,"White, IN",IDAVILLE,"Hanenkratt Grain Co., Inc.","HANENKRATT GRAIN CO., INC.",State,,[],[8-9999],Approved,2,,2026,September,9
IN,"White, IN",MONTICELLO,"Hanenkratt Grain Co., Inc.","HANENKRATT GRAIN CO., INC.",State,,[],[8-9999],Approved,1,,2026,September,9
MN,"Norman, MN",HALSTAD,Valley United Co-op,VALLEY UNITED CO-OP,State,,[],[8-10000],Approved,1,"817,000",2026,September,9
MN,"Polk, MN",Fisher,Valley United Co-op,VALLEY UNITED CO-OP,State,,[],[8-10000],Approved,2,"484,000",2026,September,9
MO,"Saline, MO",Marshall,"River Valley Ag Exchange, LLC","River Valley Ag Exchange, LLC",State,,[],[8-10002],Authorized,1,"257,000",2026,September,9
TX,"Coleman, TX",Santa Anna,"Central Texas Grain, LLC",Central Texas Grain Elevator,Federal,I - Issued,[3-10204],[8-10003],Approved,1,"177,000",2026,September,9
TX,"McCulloch, TX",Lohn,"Central Texas Grain, LLC",Central Texas Grain Elevator,Federal,I - Issued,[3-10204],[8-10003],Approved,2,"138,000",2026,September,9
MT,"Gallatin, MT",MANHATTAN (LOGAN),The Scoular Company,Scoular Intermountain Elevators,Federal,I - Issued,[3-9720],[8-10004],Approved,13,"395,000",2026,September,9
WI,"Adams, WI",ADAMS,ProVision Partners Cooperative,ProVision Coop Elevator,Federal,I - Issued,[3-10207],[8-10005],Approved,8,"2,012,000",2026,September,9
WI,"Jackson, WI",HIXTON,ProVision Partners Cooperative,ProVision Coop Elevator,Federal,I - Issued,[3-10207],[8-10005],Approved,4,"1,325,000",2026,September,9
WI,"Juneau, WI",MAUSTON,ProVision Partners Cooperative,ProVision Coop Elevator,Federal,I - Issued,[3-10207],[8-10005],Approved,9,"2,437,000",2026,September,9
WI,"La Crosse, WI",WEST SALEM,ProVision Partners Cooperative,ProVision Coop Elevator,Federal,I - Issued,[3-10207],[8-10005],Approved,6,"1,608,000",2026,September,9
WI,"Marathon, WI",Stratford,ProVision Partners Cooperative,ProVision Coop Elevator,Federal,I - Issued,[3-10207],[8-10005],Approved,1,"805,000",2026,September,9
WI,"Monroe, WI",TOMAH,ProVision Partners Cooperative,ProVision Coop Elevator,Federal,I - Issued,[3-10207],[8-10005],Approved,10,"1,909,000",2026,September,9
WI,"Outagamie, WI",Seymour,ProVision Partners Cooperative,ProVision Coop Elevator,Federal,I - Issued,[3-10207],[8-10005],Approved,7,"644,000",2026,September,9
WI,"Trempealeau, WI",BLAIR,ProVision Partners Cooperative,ProVision Coop Elevator,Federal,I - Issued,[3-10207],[8-10005],Approved,12,"2,764,000",2026,September,9
WI,"Wood, WI",Auburndale,ProVision Partners Cooperative,ProVision Coop Elevator,Federal,I - Issued,[3-10207],[8-10005],Approved,2,"1,954,000",2026,September,9
WI,"Wood, WI",Auburndale,ProVision Partners Cooperative,ProVision Coop Elevator,Federal,I - Issued,[3-10207],[8-10005],Approved,3,"580,000",2026,September,9
WI,"Wood, WI",WISCONSIN RAPIDS,ProVision Partners Cooperative,ProVision Coop Elevator,Federal,I - Issued,[3-10207],[8-10005],Approved,11,"1,891,000",2026,September,9
KS,"Montgomery, KS",Cherryvale,"Bartlett-Montgomery County, LLC",Bartlett-Montgomery County Terminal,Federal,I - Issued,[3-10213],[8-10010],Approved,1,"3,218,000",2026,September,9
KS,"Nemaha, KS",Seneca,"Valley View Millings, LLC","Valley View Milling, LLC",State,,[],[8-10011],Approved,1,"3,065,000",2026,September,9
KY,"Daviess, KY",Owensboro,"Owensboro Grain Holding Company, Inc.",Cargill Owensboro Inc,State,,[],[8-10012],Authorized,1,"6,673,000",2026,September,9
MO,"Clay, MO",KANSAS CITY,RMG KCMO LLC,RMG KCMO - Chouteau Elevator,Federal,I - Issued,[3-10219],[8-10013],Approved,1,"982,000",2026,September,9
MN,"Becker, MN",Callaway,CHS Inc.,CHS Elevators,Federal,I - Issued,[3-10220],[8-10015],Approved,13,"1,171,000",2026,September,9
MN,"Clay, MN",Ulen,CHS Inc.,CHS Elevators,Federal,I - Issued,[3-10220],[8-10015],Approved,1,"12,328,000",2026,September,9
MN,"Mahnomen, MN",Mahnomen,CHS Inc.,CHS Elevators,Federal,I - Issued,[3-10220],[8-10015],Approved,12,"2,473,000",2026,September,9
MN,"Marshall, MN",Grygla,CHS Inc.,CHS Elevators,Federal,I - Issued,[3-10220],[8-10015],Approved,8,"151,000",2026,September,9
MN,"Marshall, MN",Warren,CHS Inc.,CHS Elevators,Federal,I - Issued,[3-10220],[8-10015],Approved,14,"3,685,000",2026,September,9
MN,"Norman, MN",Ada,CHS Inc.,CHS Elevators,Federal,I - Issued,[3-10220],[8-10015],Approved,3,"543,000",2026,September,9
MN,"Pennington, MN",Hazel,CHS Inc.,CHS Elevators,Federal,I - Issued,[3-10220],[8-10015],Approved,7,"2,853,000",2026,September,9
MN,"Polk, MN",Beltrami,CHS Inc.,CHS Elevators,Federal,I - Issued,[3-10220],[8-10015],Approved,2,"8,592,000",2026,September,9
MN,"Polk, MN",Crookston,CHS Inc.,CHS Elevators,Federal,I - Issued,[3-10220],[8-10015],Approved,5,"2,083,000",2026,September,9
MN,"Polk, MN",Crookston,CHS Inc.,CHS Elevators,Federal,I - Issued,[3-10220],[8-10015],Approved,6,"240,000",2026,September,9
MN,"Polk, MN",Erskine,CHS Inc.,CHS Elevators,Federal,I - Issued,[3-10220],[8-10015],Approved,15,"4,633,000",2026,September,9
MN,"Red Lake, MN",Oklee,CHS Inc.,CHS Elevators,Federal,I - Issued,[3-10220],[8-10015],Approved,11,"1,599,000",2026,September,9
MN,"Roseau, MN",Greenbush,CHS Inc.,CHS Elevators,Federal,I - Issued,[3-10220],[8-10015],Approved,9,"714,000",2026,September,9
MN,"Roseau, MN",Roseau,CHS Inc.,CHS Elevators,Federal,I - Issued,[3-10220],[8-10015],Approved,10,"284,000",2026,September,9
NE,"Butler, NE",David City,Ag Processing Inc a Cooperative,AGP Elevator,Federal,I - Issued,[3-10221],[8-10016],Approved,1,"5,983,000",2026,September,9
MI,"Lenawee, MI",Britton,"Luckey Farmers, Inc.","Luckey Farmers, Inc.",State,,[],[8-10017],Approved,2,"422,000",2026,September,9
MI,"Monroe, MI",Ida,"Luckey Farmers, Inc.","Luckey Farmers, Inc.",State,,[],[8-10017],Approved,1,"1,162,000",2026,September,9
KY,"Daviess, KY",Owensboro,"Cargill, Incorporated",Owensboro Processing Plant/Elevator,Federal,I - Issued,[3-10223],[8-10018],Approved,1,"7,296,000",2026,September,9
AR,"Lonoke, AR",England,"Central Grain, L.L.C.",Central Grain Elevator,Federal,I - Issued,[3-10224],[8-10019],Approved,1,"3,642,000",2026,September,9
AR,"Lonoke, AR",England,"Central Grain, L.L.C.",Central Grain Elevator,Federal,I - Issued,[3-10224],[8-10019],Approved,2,"1,046,000",2026,September,9
TX,"Liberty, TX",RAYWOOD,"AMERICAN RICE GROWERS COOPERATIVE ASSOCIATION, ANAHUAC DIVISION",American Rice Growers Cooperative Assn.,Unlicensed,,[],[8-10020],Approved,3,"1,563,000",2026,September,9
IN,"Porter, IN",Burns Harbor,Louis Dreyfus Company Burns Harbor LLC,LDC Burns Harbor Terminal,Federal,P - Pending,[3-10235],[8-10022],Pending,1,"7,768,000",2026,September,9
WA,"Benton, WA",Richland,"Bunge USA Grain, LLC","Bunge Richland, WA Elevator",Federal,P - Pending,[1-0301],[8-10023],Pending,1,"1,000",2026,September,9
TX,"Dallam, TX",Dalhart,5V LLC,5V Elevator,Federal,P - Pending,[3-10237],[8-10024],Pending,1,"965,000",2026,September,9
IL,"Bureau, IL",SHEFFIELD,"Bartlett Grain Company, LLC",Bartlett Elevator (Eastern),Federal,I - Issued,[3-9602],[8-10025],Approved,12,"2,553,000",2026,September,9
MN,"Marshall, MN",Argyle,"Markit County Grain, LLC",Markit County Grain Elevator,Federal,P - Pending,[3-10241],[8-10026],Pending,1,,2026,September,9
ND,"Walsh, ND",Park River,"Walsh Grain Terminal, LLC",Walsh Grain Terminal,Federal,P - Pending,[3-10242],[8-10027],Pending,1,,2026,September,9
TX,"Castro, TX",DIMMITT,"Bunge USA Grain, LLC",Bunge West-Texas Elevators,Federal,I - Issued,[3-10014],[9-0032],Approved,2,"7,954,000",2026,September,9
TX,"Potter, TX",AMARILLO,"Bunge USA Grain, LLC",Bunge West-Texas Elevators,Federal,I - Issued,[3-10014],[9-0037],Approved,3,"10,327,000",2026,September,9
KS,"Saline, KS",SALINA,"CoMark Equity Alliance, LLC",CoMark Equity Alliance Elevators,Federal,I - Issued,[3-10148],[9-0040],Approved,192,"4,197,000",2026,September,9
IL,"St. Clair, IL",EAST ST. LOUIS,"Cargill, Incorporated",CARGILL SRR ELEVATORS,Federal,I - Issued,[3-10089],[9-0047],Approved,1,"2,481,000",2026,September,9
KS,"Shawnee, KS",TOPEKA,"Ag Partners Cooperative, Inc.",Ag Partners Elevators,Federal,I - Issued,[3-10116],[9-0053],Approved,13,"1,191,000",2026,September,9
KS,"Shawnee, KS",TOPEKA,"Ag Partners Cooperative, Inc.",Ag Partners Elevators,Federal,I - Issued,[3-10116],[9-0053],Approved,14,"520,000",2026,September,9
IL,,CURRAN,Archer-Daniels-Midland Company,Archer-Daniels-Midland Company,State,,[],[9-0058],Approved,1,"6,262,000",2026,September,9
LA,"St. James, LA",PAULINA,Archer-Daniels-Midland Company,ADM GRAIN COMPANY-ST. ELMO ELEVATOR,Federal,I - Issued,[3-9782],[9-0065],Approved,1,"2,480,000",2026,September,9
MO,"Jackson, MO",KANSAS CITY,Hansen-Mueller Co.,HANSEN-MUELLER KANSAS CITY ELEVATOR,Federal,S - Suspended,[3-9808],[9-0070],Removed,1,"3,786,000",2026,September,9
OK,"Rogers, OK",CATOOSA,"Bunge USA Grain, LLC",Bunge Catoosa Elevator,Federal,I - Issued,[3-10020],[9-0071],Approved,1,"5,442,000",2026,September,9
KS,"Atchison, KS",ATCHISON,"Bartlett Grain Company, LLC",Bartlett Elevator (Eastern),Federal,I - Issued,[3-9602],[9-0072],Approved,6,"4,838,000",2026,September,9
NE,"Hall, NE",GRAND ISLAND,"Bunge USA Grain, LLC",Bunge Nebraska Elevators,Federal,I - Issued,[3-9860],[9-0076],Approved,3,"778,000",2026,September,9
NE,"Howard, NE",ST. PAUL,"Bunge USA Grain, LLC",Bunge Nebraska Elevators,Federal,I - Issued,[3-9860],[9-0076],Approved,5,"4,020,000",2026,September,9
NE,"Dawson, NE",COZAD,"Bunge USA Grain, LLC",Bunge Nebraska Elevators,Federal,I - Issued,[3-9860],[9-0077],Approved,4,"3,660,000",2026,September,9
NE,"Buffalo, NE",KEARNEY,"Bunge USA Grain, LLC",Bunge Nebraska Elevators,Federal,I - Issued,[3-9860],[9-0078],Approved,14,"3,915,000",2026,September,9
NE,"Buffalo, NE",RIVERDALE,"Bunge USA Grain, LLC",Bunge Nebraska Elevators,Federal,I - Issued,[3-9860],[9-0078],Approved,17,"2,832,000",2026,September,9
WI,"Douglas, WI",SUPERIOR,"Bunge USA Grain, LLC",Bunge Superior Elevator,Federal,I - Issued,[3-9868],[9-0079],Approved,1,"9,947,000",2026,September,9
TX,"Tarrant, TX",SAGINAW,"Bunge USA Grain, LLC",Bunge Texas Elevators,Federal,I - Issued,[3-9869],[9-0080],Approved,1,"17,485,000",2026,September,9
WI,"Douglas, WI",SUPERIOR,Hansen-Mueller Co.,HANSEN-MUELLER SUPERIOR ELEVATOR,Federal,S - Suspended,[3-9881],[9-0084],Removed,1,"3,240,000",2026,September,9
LA,"West Baton Rouge, LA",PORT ALLEN,LOUIS DREYFUS COMPANY PORT ALLEN ELEVATOR LLC,LOUIS DREYFUS COMPANY PORT ALLEN ELEVATOR,Federal,I - Issued,[3-9991],[9-0085],Approved,1,"8,943,000",2026,September,9
IL,"Morgan, IL",JACKSONVILLE,"Bartlett Grain Company, LLC",Bartlett Elevator (Eastern),Federal,I - Issued,[3-9602],[9-0089],Approved,11,"7,843,000",2026,September,9
IL,"Madison, IL",ALTON,"Ardent Mills, LLC",ARDENT MILLS ELEVATORS,Federal,I - Issued,[3-10075],[9-0091],Approved,1,"3,385,000",2026,September,9
OR,"Klamath, OR",KLAMATH FALLS,"Ardent Mills, LLC",ARDENT MILLS ELEVATORS,Federal,I - Issued,[3-10075],[9-0091],Approved,4,"1,788,000",2026,September,9
MS,"Bolivar, MS",ROSEDALE,Louis Dreyfus Company River Elevators LLC,LOUIS DREYFUS COMPANY RIVER ELEVATORS,Federal,I - Issued,[3-10086],[9-0093],Approved,1,"2,332,000",2026,September,9
KS,"Barton, KS",GREAT BEND,"Bartlett Grain Company, LLC",BARTLETT ELEVATOR (WESTERN),Federal,I - Issued,[3-9601],[9-0094],Approved,13,"10,238,000",2026,September,9
AR,"Crittenden, AR",West Memphis,Louis Dreyfus Company River Elevators LLC,Louis Dreyfus Company River Elevators - West Memphis,Federal,I - Issued,[3-10135],[9-0096],Approved,1,"842,000",2026,September,9
IL,"St. Clair, IL",CAHOKIA,Louis Dreyfus Company River Elevators LLC,LOUIS DREYFUS COMPANY RIVER ELEVATORS-CAHOKIA,Federal,I - Issued,[3-10143],[9-0099],Approved,1,"808,000",2026,September,9
IA,"Pottawattamie, IA",COUNCIL BLUFFS,"West Plains, LLC",West Plains Elevator,Federal,I - Issued,[3-10007],[9-0101],Approved,27,"863,000",2026,September,9
NE,"Douglas, NE",Omaha,"West Plains, LLC",West Plains Elevator,Federal,I - Issued,[3-10007],[9-0101],Approved,21,"847,000",2026,September,9
TX,"Cameron, TX",Brownsville,"West Plains, LLC",West Plains Elevator,Federal,I - Issued,[3-10007],[9-0102],Approved,24,"2,097,000",2026,September,9
IL,"St. Clair, IL",Cahokia,Consolidated Grain and Barge Co.,CGB Elevators,Federal,I - Issued,[3-10193],[9-0106],Approved,4,"1,980,000",2026,September,9
OH,"Lucas, OH",MAUMEE,"The Andersons, Inc.",The Andersons Grain Elevator,Federal,I - Issued,[3-10037],[9-0212],Approved,1,"22,157,000",2026,September,9
OH,"Lucas, OH",TOLEDO,"The Andersons, Inc.",The Andersons Grain Elevator,Federal,I - Issued,[3-10037],[9-0212],Approved,2,"13,678,000",2026,September,9
OH,"Lucas, OH",TOLEDO,"The Andersons, Inc.",The Andersons Grain Elevator,Federal,I - Issued,[3-10037],[9-0212],Approved,3,"983,000",2026,September,9
IA,"Polk, IA",DES MOINES,Archer-Daniels-Midland Company,ADM Processing-Des Moines Warehouse,Federal,I - Issued,[3-8560],[9-0282],Approved,1,"4,346,000",2026,September,9
IL,"Piatt, IL",Manfield,"The Andersons, Inc.","THE ANDERSONS, INC.",State,,[],[9-0329],Approved,1,"705,000",2026,September,9
KS,"Sedgwick, KS",WICHITA,"Bartlett Grain Company, LLC",BARTLETT ELEVATOR (WESTERN),Federal,I - Issued,[3-9601],[9-0900],Approved,1,"12,080,000",2026,September,9
WA,"King, WA",SEATTLE,LOUIS DREYFUS COMPANY WASHINGTON LLC,LDC Washington - Pier 86 Terminal,Federal,I - Issued,[3-10096],[9-1002],Approved,1,"4,518,000",2026,September,9
KY,"Jefferson, KY",LOUISVILLE,Consolidated Grain and Barge Co.,CGB Elevators,Federal,I - Issued,[3-9257],[9-1173],Approved,5,"2,032,000",2026,September,9
IA,"Pottawattamie, IA",COUNCIL BLUFFS,"Bartlett Grain Company, LLC",Bartlett Elevator (Eastern),Federal,I - Issued,[3-9602],[9-1262],Approved,3,"1,630,000",2026,September,9
IA,"Pottawattamie, IA",COUNCIL BLUFFS,"Bartlett Grain Company, LLC",Bartlett Elevator (Eastern),Federal,I - Issued,[3-9602],[9-1262],Approved,10,"2,282,000",2026,September,9
WA,"Cowlitz, WA",Kalama,Kalama Export Company LLC,Kalama Export Company Terminal,Federal,I - Issued,[3-9407],[9-1344],Approved,1,"5,364,000",2026,September,9
IA,"Polk, IA",AVON LAKE,"General Mills Operations, LLC",GENERAL MILLS ELEVATOR,Federal,I - Issued,[3-9295],[9-1348],Approved,1,"1,624,000",2026,September,9
LA,"Jefferson, LA",WESTWEGO,"Cargill, Incorporated",TERRE HAUTE ELEVATOR,Federal,I - Issued,[3-6646],[9-1370],Approved,2,"4,733,000",2026,September,9
OH,"Hamilton, OH",ANDERSON FERRY,Consolidated Grain and Barge Co.,CGB Elevators,Federal,I - Issued,[3-9257],[9-1403],Approved,15,"1,602,000",2026,September,9
OH,"Hamilton, OH",CINCINNATI,Consolidated Grain and Barge Co.,CGB Elevators,Federal,I - Issued,[3-9257],[9-1403],Approved,3,"1,795,000",2026,September,9
TX,"Deaf Smith, TX",HEREFORD,Archer-Daniels-Midland Company,ADM Grain Co.-Hereford Elevators,Federal,I - Issued,[3-9677],[9-1476],Approved,1,"9,657,000",2026,September,9
CA,"San Joaquin, CA",Stockton,Penny Newman Grain Co.,Penny-Newman Stockton Elevator,Federal,I - Issued,[3-9579],[9-1842],Approved,1,"7,741,000",2026,September,9
DE,"Sussex, DE",BRIDGEVILLE,Perdue AgriBusiness LLC,Perdue Elevators,Federal,I - Issued,[3-10225],[9-1905],Approved,3,"2,432,000",2026,September,9
DE,"Sussex, DE",NORTH SEAFORD,Perdue AgriBusiness LLC,Perdue Elevators,Federal,I - Issued,[3-10225],[9-1905],Approved,4,"3,291,000",2026,September,9
MD,"Cecil, MD",NORTH EAST,Perdue AgriBusiness LLC,Perdue Elevators,Federal,I - Issued,[3-10225],[9-1905],Approved,10,"762,000",2026,September,9
MD,"Dorchester, MD",HURLOCK,Perdue AgriBusiness LLC,Perdue Elevators,Federal,I - Issued,[3-10225],[9-1905],Approved,5,"1,045,000",2026,September,9
MD,"Dorchester, MD",HURLOCK,Perdue AgriBusiness LLC,Perdue Elevators,Federal,I - Issued,[3-10225],[9-1905],Approved,6,"1,646,000",2026,September,9
MD,"Dorchester, MD",LINKWOOD,Perdue AgriBusiness LLC,Perdue Elevators,Federal,I - Issued,[3-10225],[9-1905],Approved,7,"157,000",2026,September,9
MD,"Kent, MD",LYNCH,Perdue AgriBusiness LLC,Perdue Elevators,Federal,I - Issued,[3-10225],[9-1905],Approved,8,"1,389,000",2026,September,9
MD,"Queen Anne's, MD",CHURCH HILL (ROBERTS),Perdue AgriBusiness LLC,Perdue Elevators,Federal,I - Issued,[3-10225],[9-1905],Approved,9,"3,470,000",2026,September,9
MD,"Queen Anne's, MD",SUDLERSVILLE,Perdue AgriBusiness LLC,Perdue Elevators,Federal,I - Issued,[3-10225],[9-1905],Approved,11,"471,000",2026,September,9
MD,"Wicomico, MD",SALISBURY,Perdue AgriBusiness LLC,Perdue Elevators,Federal,I - Issued,[3-10225],[9-1905],Approved,1,"12,274,000",2026,September,9
MD,"Worcester, MD",BISHOPVILLE  (BISHOP),Perdue AgriBusiness LLC,Perdue Elevators,Federal,I - Issued,[3-10225],[9-1905],Approved,2,"1,798,000",2026,September,9
NJ,"Cumberland, NJ",BRIDGETON,Perdue AgriBusiness LLC,Perdue Elevators,Federal,I - Issued,[3-10225],[9-1905],Approved,12,"3,056,000",2026,September,9
VA,"Accomack, VA",PARKSLEY,Perdue AgriBusiness LLC,Perdue Elevators,Federal,I - Issued,[3-10225],[9-1905],Approved,18,"1,271,000",2026,September,9
VA,"Chesapeake, VA",CHESAPEAKE,Perdue AgriBusiness LLC,Perdue Elevators,Federal,I - Issued,[3-10225],[9-1905],Approved,16,"6,542,000",2026,September,9
VA,"Essex, VA",TAPPAHANNOCK,Perdue AgriBusiness LLC,Perdue Elevators,Federal,I - Issued,[3-10225],[9-1905],Approved,15,"4,205,000",2026,September,9
VA,"Lancaster, VA",KILMARNOCK,Perdue AgriBusiness LLC,Perdue Elevators,Federal,I - Issued,[3-10225],[9-1905],Approved,13,"659,000",2026,September,9
VA,"Northampton, VA",EXMORE,Perdue AgriBusiness LLC,Perdue Elevators,Federal,I - Issued,[3-10225],[9-1905],Approved,17,"209,000",2026,September,9
VA,"Westmoreland, VA",KINSALE,Perdue AgriBusiness LLC,Perdue Elevators,Federal,I - Issued,[3-10225],[9-1905],Approved,14,"172,000",2026,September,9
IL,"Cook, IL",CHICAGO,"Lakeside Grain Trading, LLC",Elevator B,Federal,I - Issued,[3-10214],[9-1955],Approved,1,"11,348,000",2026,September,9
WA,"Clark, WA",VANCOUVER,United Grain Corporation of Oregon,UNITED GRAIN CORPORATION OF OREGON,State,,[],[9-2008],Approved,1,"9,173,000",2026,September,9
OR,"Multnomah, OR",Portland,"COLUMBIA EXPORT TERMINAL, LLC",COLUMBIA EXPORT TERMINAL,Federal,I - Issued,[3-10087],[9-2016],Approved,1,"5,237,000",2026,September,9
WA,"Cowlitz, WA",KALAMA,"TEMCO, LLC",Temco Elevators,Federal,I - Issued,[3-10026],[9-2024],Approved,2,"7,169,000",2026,September,9
OH,"Huron, OH",BELLEVUE,"Bunge North America, Inc.",BUNGE NORTH AMERICA SOY PLANT,Federal,I - Issued,[3-9745],[9-2085],Approved,1,"6,537,000",2026,September,9
WA,"Pierce, WA",TACOMA,"TEMCO, LLC",Temco Elevators,Federal,I - Issued,[3-10026],[9-2160],Approved,1,"3,352,000",2026,September,9
TX,"Hale, TX",PLAINVIEW,"Bunge USA Grain, LLC",Bunge West-Texas Elevators,Federal,I - Issued,[3-10014],[9-2306],Approved,4,"4,954,000",2026,September,9
OH,"Lucas, OH",TOLEDO,Archer-Daniels-Midland Company,ADM GRAIN CO-TOLEDO ELEVATOR,Federal,I - Issued,[3-9668],[9-2455],Approved,1,"9,795,000",2026,September,9
IA,"Dubuque, IA",DUBUQUE,"Bunge USA Grain, LLC",Bunge Midwest River Elevators,Federal,I - Issued,[3-9862],[9-2786],Approved,2,"1,121,000",2026,September,9
KS,"Dickinson, KS",Abilene,"Flint Hills Grain, LLC",Flint Hills Grain Elevator,Federal,I - Issued,[3-10097],[9-3001],Approved,1,"8,341,000",2026,September,9
KS,"Atchison, KS",Cummings,"Cargill, Incorporated",Cargill West Elevators,Federal,I - Issued,[3-10091],[9-3066],Approved,6,"8,339,000",2026,September,9
WA,"Cowlitz, WA",LONGVIEW,"EGT, LLC",EGT Longview Terminal,Federal,I - Issued,[3-9986],[9-3505],Approved,1,"7,396,000",2026,September,9
KS,"Reno, KS",HUTCHINSON,Archer-Daniels-Midland Company,ADM Grain Western Region Elevators,Federal,I - Issued,[3-9670],[9-3664],Approved,1,"30,784,000",2026,September,9
KS,"Reno, KS",HUTCHINSON,"Cargill, Incorporated",Cargill West Elevators,Federal,I - Issued,[3-10091],[9-3665],Approved,3,"8,863,000",2026,September,9
KS,"Wyandotte, KS",KANSAS CITY,"Bartlett Grain Company, LLC",Bartlett Elevator (Eastern),Federal,I - Issued,[3-9602],[9-3788],Approved,1,"10,164,000",2026,September,9
KS,"Wyandotte, KS",KANSAS CITY,"Bartlett Grain Company, LLC",Bartlett Elevator (Eastern),Federal,I - Issued,[3-9602],[9-3788],Approved,9,"10,031,000",2026,September,9
LA,"St. James, LA",Convent,ZEN-NOH America Holding Corp,ZEN-NOH GRAIN ELEVATOR,Federal,I - Issued,[3-7710],[9-3802],Approved,1,"4,841,000",2026,September,9
LA,"St. Charles, LA",AMA,Archer-Daniels-Midland Company,ADM GRAIN COMPANY - AMA/DESTREHAN ELEVATORS,Federal,I - Issued,[3-8293],[9-3835],Approved,1,"5,785,000",2026,September,9
LA,"St. Charles, LA",DESTREHAN,Archer-Daniels-Midland Company,ADM GRAIN COMPANY - AMA/DESTREHAN ELEVATORS,Federal,I - Issued,[3-8293],[9-4042],Approved,2,"6,319,000",2026,September,9
LA,"St. John Baptist, LA",Reserve,"Cargill, Incorporated",TERRE HAUTE ELEVATOR,Federal,I - Issued,[3-6646],[9-4049],Approved,1,"8,362,000",2026,September,9
KS,"Harvey, KS",NEWTON,"Ardent Mills, LLC",Ardent Mills Grain Elevators,Federal,I - Issued,[3-9649],[9-4062],Approved,2,"4,565,000",2026,September,9
LA,"St. John Baptist, LA",RESERVE,Archer-Daniels-Midland Company,ADM GRAIN COMPANY- RESERVE ELEVATOR,Federal,I - Issued,[3-9171],[9-4084],Approved,1,"4,315,000",2026,September,9
ID,"Jerome, ID",JEROME,The Scoular Company,Scoular Intermountain Elevators,Federal,I - Issued,[3-9720],[9-4102],Approved,12,"2,264,000",2026,September,9
UT,"Weber, UT",OGDEN,"Ardent Mills, LLC",Ardent Mills Grain Elevators,Federal,I - Issued,[3-9649],[9-4105],Approved,6,"2,497,000",2026,September,9
LA,"St. Charles, LA",DESTREHAN,"Bunge North America, Inc.",BUNGE NORTH AMERICA ELEVATOR,Federal,I - Issued,[3-4732],[9-4173],Approved,1,"6,421,000",2026,September,9
KS,"Saline, KS",SALINA,ADM MILLING CO.,ADM MILLING CO.,State,,[],[9-4261],Approved,1,"1,989,000",2026,September,9
KS,"Sedgwick, KS",WICHITA,"Ardent Mills, LLC",Ardent Mills Grain Elevators,Federal,I - Issued,[3-9649],[9-4514],Approved,1,"9,158,000",2026,September,9
LA,"Plaquemines, LA",MYRTLE GROVE,CHS Inc.,CHS MYRTLE GROVE TERMINAL ELEVATOR,Federal,I - Issued,[3-9310],[9-4636],Approved,1,"7,200,000",2026,September,9
KS,"Shawnee, KS",TOPEKA,"Cargill, Incorporated",Cargill West Elevators,Federal,I - Issued,[3-10091],[9-4648],Approved,9,"24,157,000",2026,September,9
KS,"Shawnee, KS",TOPEKA,"Cargill, Incorporated",Cargill West Elevators,Federal,I - Issued,[3-10091],[9-4648],Approved,10,"10,458,000",2026,September,9
KS,"Reno, KS",Hutchinson,"Irsik & Doll Feed Services, Inc.",Irsik & Doll Elevator,Federal,I - Issued,[3-7765],[9-4656],Approved,1,"1,422,000",2026,September,9
KS,"Sedgwick, KS",WICHITA,"Cargill, Incorporated",CARGILL SOYBEAN PROCESSING PLANT/ELEVATOR,Federal,I - Issued,[3-8067],[9-4691],Approved,2,"2,109,000",2026,September,9
KS,"Crawford, KS",Pittsburg,The Scoular Company,SCOULAR ELEVATOR,State,,[],[9-4725],Approved,13,"2,174,000",2026,September,9
KS,"Edwards, KS",TROUSDALE,The Scoular Company,SCOULAR ELEVATOR,State,,[],[9-4725],Approved,23,"2,851,000",2026,September,9
KS,"Greeley, KS",Horace (Tribune),The Scoular Company,SCOULAR ELEVATOR,State,,[],[9-4725],Approved,14,"1,311,000",2026,September,9
KS,"Greeley, KS",Inland (Tribune),The Scoular Company,SCOULAR ELEVATOR,State,,[],[9-4725],Approved,10,"1,016,000",2026,September,9
KS,"Greeley, KS",Tribune,The Scoular Company,SCOULAR ELEVATOR,State,,[],[9-4725],Approved,9,"880,000",2026,September,9
KS,"Greeley, KS",Tribune NW,The Scoular Company,SCOULAR ELEVATOR,State,,[],[9-4725],Approved,11,"1,673,000",2026,September,9
KS,"Hamilton, KS",Coolidge,The Scoular Company,SCOULAR ELEVATOR,State,,[],[9-4725],Approved,5,"6,582,000",2026,September,9
KS,"Kiowa, KS",GREENSBURG,The Scoular Company,SCOULAR ELEVATOR,State,,[],[9-4725],Approved,22,"1,758,000",2026,September,9
KS,"Lincoln, KS",Lincoln,The Scoular Company,SCOULAR ELEVATOR,State,,[],[9-4725],Approved,20,"852,000",2026,September,9
KS,"Logan, KS",MONUMENT,The Scoular Company,SCOULAR ELEVATOR,State,,[],[9-4725],Approved,17,"1,121,000",2026,September,9
KS,"Logan, KS",OAKLEY,The Scoular Company,SCOULAR ELEVATOR,State,,[],[9-4725],Approved,19,"2,026,000",2026,September,9
KS,"Logan, KS",Winona,The Scoular Company,SCOULAR ELEVATOR,State,,[],[9-4725],Approved,12,"1,837,000",2026,September,9
KS,"Osborne, KS",DOWNS,The Scoular Company,SCOULAR ELEVATOR,State,,[],[9-4725],Approved,2,"11,407,000",2026,September,9
KS,"Ottawa, KS",ADA,The Scoular Company,SCOULAR ELEVATOR,State,,[],[9-4725],Approved,4,"56,000",2026,September,9
KS,"Ottawa, KS",Minneapolis,The Scoular Company,SCOULAR ELEVATOR,State,,[],[9-4725],Approved,3,"2,190,000",2026,September,9
KS,"Pratt, KS",CULLISON,The Scoular Company,SCOULAR ELEVATOR,State,,[],[9-4725],Approved,21,"1,846,000",2026,September,9
KS,"Pratt, KS",Pratt,The Scoular Company,SCOULAR ELEVATOR,State,,[],[9-4725],Approved,8,"5,711,000",2026,September,9
KS,"Saline, KS",SALINA,The Scoular Company,SCOULAR ELEVATOR,State,,[],[9-4725],Approved,1,"10,703,000",2026,September,9
KS,"Sherman, KS",GOODLAND,The Scoular Company,SCOULAR ELEVATOR,State,,[],[9-4725],Approved,7,"10,739,000",2026,September,9
KS,"Sherman, KS",GOODLAND,The Scoular Company,SCOULAR ELEVATOR,State,,[],[9-4725],Approved,18,"2,894,000",2026,September,9
KS,"Sumner, KS",WELLINGTON,The Scoular Company,SCOULAR ELEVATOR,State,,[],[9-4725],Approved,6,"5,180,000",2026,September,9
KS,"Thomas, KS",BREWSTER,The Scoular Company,SCOULAR ELEVATOR,State,,[],[9-4725],Approved,16,"4,250,000",2026,September,9
KS,"Sedgwick, KS",WICHITA,"Bunge USA Grain, LLC",Bunge Wichita Terminal,Federal,I - Issued,[3-10015],[9-4749],Approved,1,"34,634,000",2026,September,9
MO,"Atchison, MO",ROCKPORT,"Bunge USA Grain, LLC",Bunge Nebraska Elevators,Federal,I - Issued,[3-9860],[9-4834],Approved,12,"6,739,000",2026,September,9
NE,"Otoe, NE",NEBRASKA CITY,"Bunge USA Grain, LLC",Bunge Nebraska Elevators,Federal,I - Issued,[3-9860],[9-4834],Approved,11,"6,121,000",2026,September,9
NE,"Adams, NE",Hastings,"Cooperative Producers, Inc.",CPI Elevator,Federal,I - Issued,[3-10206],[9-4888],Approved,1,"19,580,000",2026,September,9
NE,"Antelope, NE",BRUNSWICK,"J. E. Meuret Grain Co., Inc.","J E MEURET GRAIN CO., INC.",State,,[],[9-5098],Approved,1,,2026,September,9
NE,"Dodge, NE",FREMONT,The Scoular Company,THE SCOULAR COMPANY FREMONT TERMINAL,State,,[],[9-5354],Approved,1,,2026,September,9
IN,"Carroll, IN",BURLINGTON,"KOKOMO GRAIN CO., INC.",Kokomo Elevator,State,,[],[9-5892],Authorized,4,"1,171,852",2026,September,9
IN,"Howard, IN",KOKOMO,"KOKOMO GRAIN CO., INC.",Kokomo Elevator,State,,[],[9-5892],Authorized,1,"12,061,356",2026,September,9
IN,"Johnson, IN",EDINBURGH,"KOKOMO GRAIN CO., INC.",Kokomo Elevator,State,,[],[9-5892],Authorized,2,"11,104,981",2026,September,9
IN,"Madison, IN",ANDERSON,"KOKOMO GRAIN CO., INC.",Kokomo Elevator,State,,[],[9-5892],Authorized,6,"4,207,657",2026,September,9
IN,"Madison, IN",EMPORIA,"KOKOMO GRAIN CO., INC.",Kokomo Elevator,State,,[],[9-5892],Authorized,7,,2026,September,9
IN,"Miami, IN",AMBOY,"KOKOMO GRAIN CO., INC.",Kokomo Elevator,State,,[],[9-5892],Authorized,5,"13,139,637",2026,September,9
IN,"Pulaski, IN",WINAMAC,"KOKOMO GRAIN CO., INC.",Kokomo Elevator,State,,[],[9-5892],Authorized,3,"6,461,173",2026,September,9
NE,"Nuckolls, NE",SUPERIOR,AGREX Inc.,AGREX INC. SUPERIOR ELEVATOR,Federal,I - Issued,[3-7627],[9-5955],Approved,1,"3,682,000",2026,September,9
NE,"Dodge, NE",FREMONT,Archer-Daniels-Midland Company,ADM ELEVATOR,Federal,I - Issued,[3-5374],[9-6143],Approved,2,"861,000",2026,September,9
NE,"Lancaster, NE",LINCOLN,Archer-Daniels-Midland Company,ADM ELEVATOR,Federal,I - Issued,[3-5374],[9-6143],Approved,1,"6,707,000",2026,September,9
KS,"Saline, KS",SALINA,"Cargill, Incorporated",Cargill West Elevators,Federal,I - Issued,[3-10091],[9-6167],Approved,5,"31,409,000",2026,September,9
KS,"Trego, KS",OGALLAH,"Cargill, Incorporated",Cargill West Elevators,Federal,I - Issued,[3-10091],[9-6167],Approved,7,"623,000",2026,September,9
KS,"Trego, KS",WAKEENEY,"Cargill, Incorporated",Cargill West Elevators,Federal,I - Issued,[3-10091],[9-6167],Approved,8,"645,000",2026,September,9
OK,"Garfield, OK",ENID,Archer-Daniels-Midland Company,ADM GRAIN CO.-ENID ELEVATORS,Federal,I - Issued,[3-9676],[9-6188],Approved,1,"50,052,000",2026,September,9
NE,"Dodge, NE",FREMONT,"Bunge USA Grain, LLC",Bunge Nebraska Elevators,Federal,I - Issued,[3-9860],[9-6235],Approved,13,"1,721,000",2026,September,9
OK,"Garfield, OK",ENID,Consolidated Grain and Barge Co.,CGB Elevators,Federal,I - Issued,[3-10134],[9-6732],Approved,1,"19,507,000",2026,September,9
TX,"Nueces, TX",Corpus Christi,Archer-Daniels-Midland Company,ADM Grain Co.-Corpus Christi Elevators,Federal,I - Issued,[3-9679],[9-7020],Approved,2,"5,087,000",2026,September,9
TX,"Parmer, TX",FRIONA,CHS Inc.,CHS INC.,State,,[],[9-7033],Approved,1,,2026,September,9
TX,"Armstrong, TX",CLAUDE,Heartland Co-op,Heartland Co-op Elevator,Federal,I - Issued,[3-10182],[9-7041],Approved,11,"3,520,000",2026,September,9
TX,"Carson, TX",GROOM,Heartland Co-op,Heartland Co-op Elevator,Federal,I - Issued,[3-10182],[9-7041],Approved,12,"1,455,000",2026,September,9
TX,"Carson, TX",WHITE DEER,Heartland Co-op,Heartland Co-op Elevator,Federal,I - Issued,[3-10182],[9-7041],Approved,13,"1,595,000",2026,September,9
TX,"Gray, TX",HOOVER,Heartland Co-op,Heartland Co-op Elevator,Federal,I - Issued,[3-10182],[9-7041],Approved,16,"582,000",2026,September,9
TX,"Gray, TX",KINGSMILL,Heartland Co-op,Heartland Co-op Elevator,Federal,I - Issued,[3-10182],[9-7041],Approved,14,"1,286,000",2026,September,9
TX,"Gray, TX",PAMPA,Heartland Co-op,Heartland Co-op Elevator,Federal,I - Issued,[3-10182],[9-7041],Approved,15,"1,618,000",2026,September,9
TX,"Hansford, TX",BERNSTEIN,Heartland Co-op,Heartland Co-op Elevator,Federal,I - Issued,[3-10182],[9-7041],Approved,17,"2,635,000",2026,September,9
TX,"Parmer, TX",BOVINA,Heartland Co-op,Heartland Co-op Elevator,Federal,I - Issued,[3-10182],[9-7041],Approved,1,"6,026,000",2026,September,9
TX,"Parmer, TX",Farwell,Heartland Co-op,Heartland Co-op Elevator,Federal,I - Issued,[3-10182],[9-7041],Approved,4,"5,914,000",2026,September,9
TX,"Parmer, TX",FARWELL,Heartland Co-op,Heartland Co-op Elevator,Federal,I - Issued,[3-10182],[9-7041],Approved,7,"2,933,000",2026,September,9
TX,"Parmer, TX",Friona,Heartland Co-op,Heartland Co-op Elevator,Federal,I - Issued,[3-10182],[9-7041],Approved,2,"574,000",2026,September,9
TX,"Parmer, TX",LAZBUDDIE,Heartland Co-op,Heartland Co-op Elevator,Federal,I - Issued,[3-10182],[9-7041],Approved,5,"1,682,000",2026,September,9
TX,"Potter, TX",AMARILLO,Heartland Co-op,Heartland Co-op Elevator,Federal,I - Issued,[3-10182],[9-7041],Approved,10,"5,481,000",2026,September,9
TX,"Harris, TX",Channelview,"TEMCO, LLC",Temco Elevators,Federal,I - Issued,[3-10026],[9-7088],Approved,4,"6,713,000",2026,September,9
TX,"Tarrant, TX",SAGINAW,"Ardent Mills, LLC",Ardent Mills Grain Elevators,Federal,I - Issued,[3-9649],[9-7162],Approved,5,"3,821,000",2026,September,9
TX,"Hidalgo, TX",Alamo,GSI International LLC,GSI Saginaw Elevator,Federal,I - Issued,[3-10229],[9-7168],Approved,3,"408,000",2026,September,9
TX,"Hidalgo, TX",Edcouch,GSI International LLC,GSI Saginaw Elevator,Federal,I - Issued,[3-10229],[9-7168],Approved,4,"1,003,000",2026,September,9
TX,"Hidalgo, TX",Progreso Lakes,GSI International LLC,GSI Saginaw Elevator,Federal,I - Issued,[3-10229],[9-7168],Approved,2,"2,907,000",2026,September,9
TX,"Tarrant, TX",Saginaw,GSI International LLC,GSI Saginaw Elevator,Federal,I - Issued,[3-10229],[9-7168],Approved,1,"21,874,000",2026,September,9
TX,"Wilbarger, TX",HARROLD,Bolton's Crown Quality Inc,BOLTONS CROWN QUALITY INC,State,,[],[9-7385],Authorized,2,,2026,September,9
TX,"Wilbarger, TX",VERNON,Bolton's Crown Quality Inc,BOLTONS CROWN QUALITY INC,State,,[],[9-7385],Authorized,1,,2026,September,9
IA,"Hardin, IA",Iowa Falls,"Cargill, Incorporated",CARGILL CEDAR RAPIDS EAST ELEVATOR,Federal,I - Issued,[3-5416],[9-7562],Approved,3,"1,983,000",2026,September,9
MI,"Monroe, MI",OTTAWA LAKE,Archer-Daniels-Midland Company,ADM GRAIN CO-OTTAWA LAKE ELEVATOR,Federal,I - Issued,[3-9667],[9-7668],Approved,1,"11,861,000",2026,September,9
IL,"Alexander, IL",CAIRO,Bunge Chevron Ag Renewables LLC,Bunge Chevron Ag Renewables Cairo Soy Plant,Federal,I - Issued,[3-10201],[9-7670],Approved,1,"3,993,000",2026,September,9
OH,"Allen, OH",ELIDA,"Cargill, Incorporated",Cargill ER Elevators,Federal,I - Issued,[3-10088],[9-7699],Approved,24,"1,706,000",2026,September,9
OH,"Allen, OH",LIMA,"Cargill, Incorporated",Cargill ER Elevators,Federal,I - Issued,[3-10088],[9-7699],Approved,19,"2,018,000",2026,September,9
MI,"Bay, MI",BAY CITY,"Bunge USA Grain, LLC",Bunge Michigan Elevators,Federal,I - Issued,[3-9884],[9-7703],Approved,2,"1,303,000",2026,September,9
MI,"Saginaw, MI",(ZILWAUKEE) CARROLLTON,"Bunge USA Grain, LLC",Bunge Michigan Elevators,Federal,I - Issued,[3-9884],[9-7703],Approved,3,"2,532,000",2026,September,9
MI,"Saginaw, MI",CARROLLTON,"Bunge USA Grain, LLC",Bunge Michigan Elevators,Federal,I - Issued,[3-9884],[9-7703],Approved,1,"3,527,000",2026,September,9
TX,"Castro, TX",EASTER COMMUNITY,Hereford Grain Corp.,FARMERS CO-OP ELEVATOR,Federal,I - Issued,[3-3905],[9-7798],Approved,17,"1,793,000",2026,September,9
TX,"Castro, TX",SUMMERFIELD,Hereford Grain Corp.,FARMERS CO-OP ELEVATOR,Federal,I - Issued,[3-3905],[9-7798],Approved,6,"978,000",2026,September,9
TX,"Deaf Smith, TX",BOOTLEG,Hereford Grain Corp.,FARMERS CO-OP ELEVATOR,Federal,I - Issued,[3-3905],[9-7798],Approved,10,"53,000",2026,September,9
TX,"Deaf Smith, TX",CENTER POINT,Hereford Grain Corp.,FARMERS CO-OP ELEVATOR,Federal,I - Issued,[3-3905],[9-7798],Approved,5,"511,000",2026,September,9
TX,"Deaf Smith, TX",DAWN,Hereford Grain Corp.,FARMERS CO-OP ELEVATOR,Federal,I - Issued,[3-3905],[9-7798],Approved,12,"2,944,000",2026,September,9
TX,"Deaf Smith, TX",FARMERS CORNER,Hereford Grain Corp.,FARMERS CO-OP ELEVATOR,Federal,I - Issued,[3-3905],[9-7798],Approved,2,"690,000",2026,September,9
TX,"Deaf Smith, TX",FORD,Hereford Grain Corp.,FARMERS CO-OP ELEVATOR,Federal,I - Issued,[3-3905],[9-7798],Approved,9,"653,000",2026,September,9
TX,"Deaf Smith, TX",GRAYS CORNER,Hereford Grain Corp.,FARMERS CO-OP ELEVATOR,Federal,I - Issued,[3-3905],[9-7798],Approved,7,"292,000",2026,September,9
TX,"Deaf Smith, TX",HEREFORD,Hereford Grain Corp.,FARMERS CO-OP ELEVATOR,Federal,I - Issued,[3-3905],[9-7798],Approved,1,"4,187,000",2026,September,9
TX,"Deaf Smith, TX",MILO CENTER,Hereford Grain Corp.,FARMERS CO-OP ELEVATOR,Federal,I - Issued,[3-3905],[9-7798],Approved,3,"498,000",2026,September,9
TX,"Deaf Smith, TX",N. DAWN,Hereford Grain Corp.,FARMERS CO-OP ELEVATOR,Federal,I - Issued,[3-3905],[9-7798],Approved,18,"18,000",2026,September,9
TX,"Deaf Smith, TX",PALO DURO,Hereford Grain Corp.,FARMERS CO-OP ELEVATOR,Federal,I - Issued,[3-3905],[9-7798],Approved,13,"278,000",2026,September,9
TX,"Deaf Smith, TX",SIMMS,Hereford Grain Corp.,FARMERS CO-OP ELEVATOR,Federal,I - Issued,[3-3905],[9-7798],Approved,16,"1,625,000",2026,September,9
TX,"Deaf Smith, TX",SKILES,Hereford Grain Corp.,FARMERS CO-OP ELEVATOR,Federal,I - Issued,[3-3905],[9-7798],Approved,11,"377,000",2026,September,9
TX,"Deaf Smith, TX",WESTWAY,Hereford Grain Corp.,FARMERS CO-OP ELEVATOR,Federal,I - Issued,[3-3905],[9-7798],Approved,4,"179,000",2026,September,9
TX,"Deaf Smith, TX",WILDORADO,Hereford Grain Corp.,FARMERS CO-OP ELEVATOR,Federal,I - Issued,[3-3905],[9-7798],Approved,14,"207,000",2026,September,9
TX,"Hartley, TX",HARTLEY,Hereford Grain Corp.,FARMERS CO-OP ELEVATOR,Federal,I - Issued,[3-3905],[9-7798],Approved,19,"4,560,000",2026,September,9
TX,"Oldham, TX",ADRIAN,Hereford Grain Corp.,FARMERS CO-OP ELEVATOR,Federal,I - Issued,[3-3905],[9-7798],Approved,15,"689,000",2026,September,9
TX,"Oldham, TX",VEGA,Hereford Grain Corp.,FARMERS CO-OP ELEVATOR,Federal,I - Issued,[3-3905],[9-7798],Approved,8,"809,000",2026,September,9
NY,"Albany, NY",ALBANY,"Ardent Mills, LLC",ARDENT MILLS ALBANY ELEVATOR ANNEX,Federal,I - Issued,[3-10159],[9-7844],Approved,1,"13,798,000",2026,September,9
IA,"Jefferson, IA",FAIRFIELD,Heartland Co-op,HEARTLAND COOP,State,,[],[9-8148],Approved,3,"4,507,000",2026,September,9
IA,"Lee, IA",Wever,Heartland Co-op,HEARTLAND COOP,State,,[],[9-8148],Approved,1,"4,026,000",2026,September,9
IA,"Marshall, IA",GILMAN (PICKERING),Heartland Co-op,HEARTLAND COOP,State,,[],[9-8148],Approved,2,"7,182,000",2026,September,9
IA,"Polk, IA",AVON,Heartland Co-op,HEARTLAND COOP,State,,[],[9-8148],Approved,4,"10,690,000",2026,September,9
IA,"Pottawattamie, IA",COUNCIL BLUFFS,Heartland Co-op,HEARTLAND COOP,State,,[],[9-8148],Approved,5,"3,382,000",2026,September,9
IA,"Polk, IA",DES MOINES,Heartland Co-op,HEARTLAND COOP,State,,[],[9-8187],Approved,1,"1,664,000",2026,September,9
IA,"Polk, IA",RUNNELLS,Heartland Co-op,HEARTLAND COOP,State,,[],[9-8187],Approved,2,"273,000",2026,September,9
MO,"St. Louis City, MO",St. Louis,Richardson Elevator Company,Richardson Elevator,Federal,I - Issued,[3-9139],[9-8543],Approved,1,"4,000,000",2026,September,9
MO,"Jackson, MO",KANSAS CITY,"General Mills Operations, LLC",GENERAL MILLS ELEVATOR,Federal,I - Issued,[3-9299],[9-8593],Approved,1,"4,097,000",2026,September,9
MO,"Clay, MO",KANSAS CITY,"Bartlett Grain Company, LLC",Bartlett Elevator (Eastern),Federal,I - Issued,[3-9602],[9-8638],Approved,2,"4,307,000",2026,September,9
MO,"Jackson, MO",KANSAS CITY,"Cargill, Incorporated",CARGILL SOYBEAN PROCESSING PLANT/ELEVATOR,Federal,I - Issued,[3-8067],[9-8659],Approved,1,"2,599,000",2026,September,9
IA,"Fremont, IA",HAMBURG (EAST),"Bartlett Grain Company, LLC",BARTLETT ELEVATOR (MISSOURI VALLEY),Federal,I - Issued,[3-9600],[9-8670],Approved,2,"2,420,000",2026,September,9
MO,"Buchanan, MO",ST JOSEPH,"Bartlett Grain Company, LLC",BARTLETT ELEVATOR (MISSOURI VALLEY),Federal,I - Issued,[3-9600],[9-8670],Approved,1,"3,880,000",2026,September,9
IL,"St. Clair, IL",SAUGET,Archer-Daniels-Midland Company,ADM Grain Co. Elevators,Federal,I - Issued,[3-8097],[9-8680],Approved,2,"2,269,000",2026,September,9
MO,"St. Louis City, MO",ST. LOUIS,Archer-Daniels-Midland Company,ADM Grain Co. Elevators,Federal,I - Issued,[3-8097],[9-8680],Approved,1,"1,573,000",2026,September,9
MO,"Buchanan, MO",ST JOSEPH,Ag Processing Inc a Cooperative,AGP Elevator,Federal,I - Issued,[3-7894],[9-8695],Approved,1,"4,556,000",2026,September,9
IN,"Adams, IN",DECATUR,"Bunge North America, Inc.",Bunge North America Soy Plant,Federal,I - Issued,[3-9742],[9-8810],Approved,1,"18,404,000",2026,September,9
IL,"Macon, IL",DECATUR,Primary Products Grain LLC,Primary Products Grain LLC,State,,[],[9-8822],Approved,1,"4,773,000",2026,September,9
IN,"Marion, IN",INDIANAPOLIS,"Bunge North America, Inc.",BUNGE NORTH AMERICA SOY PLANT,Federal,I - Issued,[3-9743],[9-8963],Approved,1,"6,986,000",2026,September,9
IL,"Pulaski, IL",MOUND CITY,Consolidated Grain and Barge Co.,CGB Elevators,Federal,I - Issued,[3-10191],[9-9213],Approved,1,"6,753,000",2026,September,9
IN,"Posey, IN",MOUNT VERNON,Consolidated Grain and Barge Co.,CGB Elevators,Federal,I - Issued,[3-10191],[9-9276],Approved,8,"4,317,000",2026,September,9
IL,"Scott, IL",Naples,Consolidated Grain and Barge Co.,CGB Elevators,Federal,I - Issued,[3-10193],[9-9490],Approved,1,"9,132,000",2026,September,9
OH,"Franklin, OH",COLUMBUS,Archer-Daniels-Midland Company,ARCHER-DANIELS-MIDLAND COMPANY,State,,[],[9-9498],Approved,1,,2026,September,9
IN,"Clark, IN",JEFFERSONVILLE,Consolidated Grain and Barge Co.,CGB Elevators,Federal,I - Issued,[3-9257],[9-9515],Approved,1,"3,168,000",2026,September,9
IN,"Marion, IN",INDIANAPOLIS,Archer-Daniels-Midland Company,ARCHER-DANIELS-MIDLAND COMPANY,State,,[],[9-9591],Approved,1,,2026,September,9
IN,"Cass, IN",CLYMERS,Archer-Daniels-Midland Company,ARCHER-DANIELS-MIDLAND COMPANY,State,,[],[9-9592],Approved,1,,2026,September,9
NE,"Cuming, NE",WISNER,Archer-Daniels-Midland Company,ADM Grain Nebraska Elevators,Federal,I - Issued,[3-9176],[9-9642],Approved,2,"3,933,000",2026,September,9
NE,"Dodge, NE",FREMONT,Archer-Daniels-Midland Company,ADM Grain Nebraska Elevators,Federal,I - Issued,[3-9176],[9-9642],Approved,1,"7,744,000",2026,September,9
NE,"Lancaster, NE",LINCOLN,Archer-Daniels-Midland Company,ADM Grain Nebraska Elevators,Federal,I - Issued,[3-9176],[9-9642],Approved,5,"5,072,000",2026,September,9
NE,"Madison, NE",MADISON,Archer-Daniels-Midland Company,ADM Grain Nebraska Elevators,Federal,I - Issued,[3-9176],[9-9642],Approved,6,"3,555,000",2026,September,9
NE,"Madison, NE",NEWMAN GROVE,Archer-Daniels-Midland Company,ADM Grain Nebraska Elevators,Federal,I - Issued,[3-9176],[9-9642],Approved,3,"4,651,000",2026,September,9
NE,"Nance, NE",FULLERTON,Archer-Daniels-Midland Company,ADM Grain Nebraska Elevators,Federal,I - Issued,[3-9176],[9-9642],Approved,4,"3,877,000",2026,September,9
NM,"Curry, NM",CLOVIS,"Bunge USA Grain, LLC",Bunge West-Texas Elevators,Federal,I - Issued,[3-10014],[9-9704],Approved,5,"2,553,000",2026,September,9
IN,"Montgomery, IN",Linden,"Cargill, Incorporated",Cargill ER Elevators,Federal,I - Issued,[3-10088],[9-9844],Approved,1,"3,311,000",2026,September,9
TX,"Harris, TX",GALENA PARK,"The Andersons, Inc.",The Andersons Grain TX Elevators,Federal,I - Issued,[3-10188],[9-9912],Approved,1,"6,295,000",2026,September,9
